章节号,问题,正确选项,错误选项1,错误选项2,错误选项3,解释
3,Which build configuration language is used for the ComposeDemo project?,Kotlin DSL (build.gradle.kts),Java,Groovy (build.gradle),XML,"Kotlin DSL is used as the build configuration language for the project, making the Gradle setup more idiomatic to Kotlin."
3,What does the 'Help me choose' link in the New Project wizard assist with?,Setting the appropriate minimum SDK level,Configuring build.gradle files,Choosing the correct package name,Selecting the correct activity template,The Help me choose link helps users determine which API level to target by providing data on the percentage of devices that will support the app.
3,What is the role of the 'enableEdgeToEdge' method in the 'onCreate' function?,To enable the full-screen mode for the app,To manage the application's theme,To create a database connection,To allow the app to be compatible with older Android versions,"enableEdgeToEdge is used to make the apps UI extend to the edges of the screen, creating a seamless full-screen experience."
3,What happens when you change the BOM version in the 'libs.versions.toml' file?,It updates the versions of Compose libraries used in the project,It changes the app's package name,It modifies the user interface layout,It sets the project's minimum SDK level,"The BOM version specifies the versions of Jetpack Compose libraries, ensuring compatibility with the specified versions."
3,Where can the version of Jetpack Compose being used in a project be found?,In the libs.versions.toml file,In the res folder,In the AndroidManifest.xml file,In the MainActivity.kt file,"The libs.versions.toml file contains the BOM version information, which specifies the version of Jetpack Compose being used."
3,What is the role of the 'setContent' method in the MainActivity.kt file?,To set up the Compose-based UI within the activity,To initialize the database,To define the theme of the application,To manage navigation between screens,The setContent method is used to define the UI of the activity using composable functions in Jetpack Compose.
3,What mode allows you to view both the code and UI preview side by side in Android Studio?,Split mode,Preview mode,Code mode,Design mode,"Split mode displays the code alongside the Preview panel, making it easier to see changes in real time."
3,What is displayed in the Preview panel if the project is not yet built?,A prompt to build and refresh,A detailed error log,A 'Hello World' message,An image of the Android emulator,"If the project hasnt been built yet, the Preview panel shows a prompt to Build & Refresh to display the current user interface."
3,"Which file is used to define the colors, fonts, and shapes of the app's user interface?",Theme.kt,MainActivity.kt,build.gradle.kts,AndroidManifest.xml,The Theme.kt file is responsible for defining the visual elements of the ComposeDemo app’s user interface.
3,What should you do if the Preview panel displays an 'Out of date' message?,Click the 'Build & Refresh' link,Delete the 'MainActivity.kt' file,Restart Android Studio,Change the Kotlin version,Clicking Build & Refresh updates the Preview panel to reflect recent changes made in the code.
3,Why might the Preview panel fail to update after changes in the code?,The changes require a build and refresh,The app is not installed on a device,The Kotlin version is outdated,The app is missing essential permissions,Major changes to the code might require a manual build and refresh to update the preview.
3,What is the purpose of the 'Scaffold' composable in Jetpack Compose?,To provide a basic structure for app screens following Material Design,To handle network requests,To configure animations in the app,To manage the application's database,"Scaffold is a layout structure that supports Material Design components, making it easier to build consistent UI screens."
3,What does the package declaration in the 'MainActivity.kt' file indicate?,The namespace of classes and functions in the file,The project's dependency management,The location of the file within the app's directory structure,The API level used by the project,The package declaration defines the namespace for the classes and functions in the MainActivity.kt file.
3,What is the significance of the @Composable annotation in Jetpack Compose?,It designates a function as one that defines UI components,It marks functions that handle database queries,It indicates functions that should run on a background thread,It enables network access within functions,The @Composable annotation is used to indicate that a function creates UI components in Jetpack Compose.
5,What is the purpose of Live Edit in Android Studio?,To enable real-time updates of the app running in the emulator without needing to rebuild.,To configure AVD system images.,To automate AVD creation.,To manage multiple emulators.,"Live Edit allows developers to see the impact of code changes in real-time without having to restart or rebuild the entire app, making testing more efficient."
5,What can the Live Edit feature NOT do in Android Studio?,Handle adding or removing new functions.,Apply changes to the body of existing functions.,Automatically apply changes without rebuilding the project.,Update the appearance of a running app.,Live Edit is limited to changes within existing functions and does not support adding or removing functions without rebuilding the project.
5,Why might the 'Download' link be available next to the system image during AVD setup?,To install a system image that is not yet downloaded for use in the AVD.,To access the Android SDK documentation.,To download the latest version of Android Studio.,To update Android Studio settings.,"If a required system image is missing, the Download link allows developers to download and install it for use in the virtual device."
5,Which tool is used to create and manage AVDs in Android Studio?,Device Manager,Gradle Console,Android Studio IDE,Android SDK Manager,"The Device Manager in Android Studio allows developers to create, configure, and manage Android Virtual Devices (AVDs)."
5,What does the 'x86 Images' tab in the AVD creation dialog offer?,Support for Intel-based processors in emulation.,Compatibility with older Android devices.,Configuration for screen resolution.,Access to ARM-based system images only.,"The x86 Images tab provides system images optimized for Intel processors, allowing for faster emulation on compatible hardware."
5,Which option allows the AVD emulator to be displayed without a device frame?,Disabling the 'Show Frame' option in the Emulator settings.,Reinstalling the AVD with a different device profile.,Modifying the AndroidManifest.xml file.,Enabling dark mode in Android Studio.,"The Enable device frame option can be turned off in the AVD settings to display the emulator without the visual frame of the device, creating a simpler view."
5,What should be done if the required system image is not available during AVD creation?,Download the system image via the provided link in the AVD Manager.,Change the Android version of the project.,Install the Android Studio update.,Restart the Device Manager.,"If the needed system image is not installed, the AVD Manager provides a download link to obtain it directly before proceeding with AVD creation."
5,How can the startup orientation of an AVD be changed?,Through the AVD settings in the Device Manager.,By restarting the AVD Manager.,By changing the orientation in the AndroidManifest.xml file.,By rotating the emulator window.,"The startup orientation can be set through the AVD settings in the Device Manager, allowing the emulator to start in either portrait or landscape mode."
5,What is a common use for the Run tool window when testing an application on an AVD?,To display diagnostic information during the app launch process.,To configure system images.,To change the AVD display size.,To edit the AndroidManifest.xml file.,"The Run tool window provides valuable information about the apps launch process, helping developers troubleshoot issues that may occur during testing."
5,How can an app be run on multiple AVDs simultaneously?,By selecting the option to run on multiple devices from the run target menu.,By selecting the Run option in each AVD manually.,By creating duplicate AVDs in the Device Manager.,By opening multiple instances of Android Studio.,"The run target menu allows developers to choose multiple AVDs or devices on which to run the app simultaneously, making it easier to test the app across different configurations."
5,What must be selected in the Virtual Device Configuration dialog to create a new AVD for a specific device model?,Device Category,Gradle Version,Java Version,System Image,"In the Virtual Device Configuration dialog, the device category (e.g., Phone) must be selected to choose the appropriate template for creating an AVD."
5,How can developers troubleshoot issues when running an app on an AVD?,By using the diagnostic output in the Run tool window.,By re-installing the AVD Manager.,By closing and reopening the Device Manager.,By restarting the Android Studio IDE.,"The Run tool window displays detailed information about the apps launch and runtime behavior, helping developers identify and fix issues."
5,What is the primary purpose of creating an Android Virtual Device (AVD)?,To allow testing of Android applications without a physical device.,To automatically update the Android SDK.,To replace the need for coding in Android Studio.,To manage user accounts in Android Studio.,"AVDs simulate Android devices, enabling developers to test applications in a controlled environment without needing to use a physical device."
5,Which version of Android should be selected when creating a new AVD?,The latest version of Android.,Any version as it doesn't affect testing.,The version that matches the Android SDK version.,The oldest available version for compatibility.,"Using the latest version of Android ensures that the AVD has the most up-to-date features and API levels, making it suitable for testing new applications."
5,What is the advantage of running an AVD in a separate window instead of embedded in Android Studio?,"It can be moved independently, offering more flexibility in managing screen space.",It automatically updates the AVD configuration.,It allows for better performance and less memory usage.,It provides access to more emulation features.,"Running the emulator in a separate window allows developers to manage the workspace better, especially when dealing with multiple screens or applications."
5,How can an AVD be modified after its creation?,By selecting the AVD in the Device Manager and clicking the pencil icon.,By reinstalling Android Studio.,By creating a new AVD from scratch.,By using the Gradle Console.,"The pencil icon in the Device Manager allows developers to edit existing AVD configurations, such as changing screen size or hardware specifications."
6,Which feature allows you to simulate different battery states in the AVD emulator?,Battery,Snapshots,Energy,Power,"The Battery option in the extended controls panel allows developers to simulate different battery levels, charging states, and health conditions, making it easier to test how an app responds to various battery conditions."
6,Which emulator feature is useful for testing apps that respond to physical movements?,Virtual Sensors,Location settings,Display Mode,Snapshots,"The Virtual Sensors option allows developers to simulate physical movements like rotation and tilting, making it useful for testing apps that react to device motion."
6,What does the 'Zoom Mode' feature in the AVD emulator allow you to do?,Magnify specific areas of the emulator display.,Adjust the emulator's screen resolution.,Change the size of the AVD window.,Zoom in and out of the Android Studio interface.,"Zoom Mode allows developers to zoom in on specific parts of the emulators display, making it easier to focus on small details during testing."
6,What is the advantage of using quick-boot snapshots in the AVD emulator?,They reduce the time needed to start the emulator.,They increase the screen resolution.,They allow access to more device models.,They automatically update the Android version.,"Quick-boot snapshots allow the emulator to resume from its last state instead of performing a cold boot, significantly reducing startup time."
6,What is the function of the 'Snapshots' feature in the AVD emulator?,To save and restore the emulator's state.,To enable Google Play Services.,To create new device profiles.,To take a screenshot of the current screen.,"Snapshots allow developers to save the exact state of the emulator, making it possible to quickly restore the emulator to a specific point in time."
6,What is required before using fingerprint emulation in the AVD emulator?,"Configuring a backup screen unlocking method, such as a PIN.",Installing additional fingerprint drivers.,Restarting the emulator in fingerprint mode.,Enabling Developer Mode on the AVD.,"Before fingerprint security can be enabled, a backup method like a PIN must be configured, which mirrors the behavior of physical Android devices."
6,Which file formats can be used to simulate device movement in the AVD emulator?,GPX and KML,CSV and TXT,XML and JSON,HTML and CSS,"GPX (GPS Exchange) and KML (Keyhole Markup Language) files can be used to provide location data, simulating a devices movement within the emulator."
6,Which feature in the AVD emulator allows testing of dual-screen devices?,Displays,Zoom Mode,Fold Device,Snapshots,"The Displays feature allows additional screens to be added within the same emulator session, enabling testing of apps for dual-screen devices."
6,What is the purpose of the Android Studio AVD emulator?,To simulate different Android devices and test applications without needing physical devices.,To manage the Android SDK version on physical devices.,To create new Android device models.,To replace the need for physical Android devices entirely.,"The AVD emulator in Android Studio allows developers to simulate various device configurations for testing, which can be particularly useful when physical devices are not available."
6,What does the 'Extended Controls' panel provide access to in the AVD emulator?,"Advanced configuration options for the emulator, such as location, cellular settings, and virtual sensors.",Device management tools for physical devices.,Settings to change the IDE layout.,The ability to switch between different Android versions.,"The Extended Controls panel in the AVD emulator offers detailed configuration options, allowing developers to simulate different conditions and behaviors within the virtual device."
6,How can developers simulate different network conditions in the AVD emulator?,By using the 'Cellular' settings in the extended controls panel.,By adjusting the 'Connection' settings.,By changing the emulator resolution.,Through the 'Network' settings.,"The Cellular settings allow developers to simulate various network conditions, including different connection types and scenarios like roaming."
6,How can developers change the orientation of the emulated device?,Using the Rotate Left/Right buttons in the toolbar.,Through the 'Displays' settings in the extended controls panel.,By dragging the corners of the emulator window.,By resizing the emulator window.,The Rotate Left/Right buttons allow developers to quickly switch the orientation of the emulator between portrait and landscape modes.
6,What does the 'Take Screenshot' option do in the AVD emulator toolbar?,Saves a screenshot of the current emulator display to a specified location.,Sends a screenshot to the connected physical device.,Captures a screenshot of the current development environment.,Captures a screenshot of all open Android Studio windows.,The Take Screenshot option captures an image of the current emulator display and saves it to a location defined in the settings.
6,How can the AVD emulator window size be adjusted?,By dragging the corners or sides of the emulator window.,By restarting the emulator with a new size setting.,By selecting the Resize option in the menu.,By selecting a different device profile.,"The emulator window can be resized by clicking and dragging its edges, allowing developers to adjust the size of the display as needed."
6,What is the purpose of the 'Power' button in the emulator toolbar?,To simulate the physical power button on an Android device.,To restart the AVD emulator session.,To close the emulator window.,To enable or disable the emulator's audio output.,"The Power button mimics the physical power button of a real Android device, allowing actions like locking the screen or initiating a power-off sequence."
6,Which feature allows developers to test apps for foldable devices using the AVD emulator?,Fold Device,Zoom Mode,Split Left/Right,Display Mode,"The Fold Device option in the AVD emulator is specifically designed to simulate the behavior of foldable devices, allowing developers to test how their apps function in different fold states."
6,Which of the following allows you to test apps in different screen sizes using a single AVD emulator?,Resizable Emulator,Display settings,Snapshots,Google Play option,"A Resizable Emulator allows developers to switch between different screen sizes, making it easier to test how an app adapts to various device form factors."
6,What is the benefit of using the 'Record and Playback' feature in the AVD emulator?,It records the emulator screen and audio for debugging or tutorial creation.,It adjusts the emulator's screen resolution.,It enables automatic updates to the emulator software.,It allows testing of different Android versions.,"The Record and Playback feature enables developers to capture emulator sessions, which can be useful for reviewing app behavior or creating demonstrations."
7,How can you hide or display a tool window in Android Studio?,By clicking on the corresponding button in the tool window bar,By selecting a different theme,By closing and reopening the project,By changing the AndroidManifest.xml,"Clicking the tool window buttons in the bar will display or hide the corresponding windows, such as the Project Tool Window or Logcat."
7,Which component of the Android Studio interface provides access to recent projects and version control?,The Welcome Screen,The Project Tool Window,The Main Window,The Menu Bar,The welcome screen lists recent projects and provides options for accessing projects under version control.
7,What is the role of the App Quality Insights tool window in Android Studio?,To access Firebase crash and performance data,To manage app build configurations,To debug Android Virtual Devices,To design app layouts,"App Quality Insights provides access to crash and performance analytics from Firebase, helping developers improve app quality."
7,When does the Android Studio welcome screen appear?,When Android Studio is launched with no open projects,Every time Android Studio is launched,After installing a new Android SDK version,Only after a new project is created,"The welcome screen is displayed when no projects are open. If a project was open during the previous session, Android Studio will skip this screen and reopen the last project."
7,What information does the Status Bar in Android Studio provide?,Informational messages about the project and IDE activities,A history of recent files,A list of all installed plugins,The structure of the currently edited class,"The Status Bar displays messages about the projects status, activities of the IDE, and allows interaction for more detailed information."
7,What does the Version Control tool window provide access to?,Interacting with Git repositories and viewing code changes,Editing app layouts,Managing AVD instances,Configuring Android Studio themes,"The Version Control window is used for managing source control tasks, such as interacting with Git repositories and viewing commit history."
7,How can you access a PDF of Android Studio keyboard shortcuts?,By selecting the Help -> Keyboard Shortcuts PDF menu option,By right-clicking on the navigation bar,By opening the Project Tool Window,Through the Device Manager,Users can view and print a PDF listing of all available keyboard shortcuts through the Help menu in Android Studio.
7,What functionality does the Terminal tool window provide?,A command-line interface for interacting with the system,A visual representation of the app's UI,Access to the AVD Manager,A list of all recent files,"The Terminal window allows developers to execute command-line commands directly within Android Studio, such as git commands or shell scripts."
7,How can a theme be changed in Android Studio?,Using the Settings dialog under Appearance & Behavior,By selecting a theme from the Welcome Screen,Through the Device Manager,By modifying the build.gradle file,"Themes can be changed in the Settings dialog under Appearance & Behavior, allowing users to choose from options like Dark, Light, and Darcula."
7,Which tool window provides a central location for reviewing project build warnings and errors?,Problems,Run Tool Window,Device File Explorer,Logcat,"The Problems tool window consolidates all warnings and errors detected in the project, making it easier to address them from a single location."
7,What is the purpose of the Device Manager tool window?,"To add, remove, and manage physical and virtual Android devices",To access Android SDK updates,To manage files in the project,To configure Gradle settings,The Device Manager allows users to manage AVDs and physical device connections for testing and debugging purposes.
7,Which tool window allows you to inspect and modify an app's database while it is running?,App Inspection,Layout Inspector,Gradle,Logcat,"The App Inspection tool window includes a Database Inspector that allows developers to inspect, query, and modify the apps databases during runtime."
7,What is the default view mode for the Project Tool Window in Android Studio?,Android View,Files View,XML View,Java View,"The Android View mode is the default setting, which organizes the projects files into a structure optimized for Android development."
7,Which part of the Android Studio interface displays the contents of a file currently being edited?,Editor Window,Navigation Bar,Status Bar,Project Tool Window,The Editor Window is where the content of the currently open file is displayed and edited. It supports multiple tabs for working on different files simultaneously.
7,What is the function of the Navigation Bar in Android Studio?,To navigate through files and classes within the project,To display diagnostic messages,To change the theme of the IDE,To switch between open projects,"The Navigation Bar provides a quick way to move between files and classes, displaying a hierarchical view of the project structure."
7,Which keyboard shortcut opens the Switcher in Android Studio?,Ctrl-Tab,Ctrl-E,Ctrl-S,Ctrl-R,"The Switcher can be accessed using the Ctrl-Tab shortcut, allowing users to quickly navigate between open files and tool windows."
7,What does the Logcat Tool Window display?,Log output from a running application,A list of recent projects,Errors and warnings in the code,A list of available AVDs,"The Logcat Tool Window displays logs from a running app, which are useful for debugging and tracking app behavior."
7,Which window provides real-time updates during the build process in Android Studio?,Build Tool Window,Logcat,Terminal,Run Tool Window,"The Build Tool Window displays the progress of the build process, including the various steps involved in compiling the project."
7,What is the purpose of the Android Studio welcome screen?,"To provide options for opening, creating, and managing projects",To display coding tutorials,To manage device connections,To install Android SDK updates,"The welcome screen allows users to create new projects, open existing ones, manage version control projects, and customize IDE settings."
7,How can you customize the toolbar in the Android Studio main window?,By right-clicking on the toolbar and selecting Customize Toolbar,By changing the project's build settings,By using the Device Manager,By editing the AndroidManifest.xml file,Right-clicking the toolbar allows users to customize its layout and add or remove shortcuts to frequently used actions.
8,What command should be run if the ADB server needs to be restarted on Windows?,adb kill-server && adb start-server,adb start,adb start-server,adb restart-server,Running adb kill-server followed by adb start-server will stop any existing ADB server and start a new one.
8,Which of the following is required before ADB can connect to an Android device over a USB connection?,The device must have USB debugging enabled.,The development system must use Linux.,The device must be rooted.,The device must be in recovery mode.,"USB debugging allows the Android device to communicate with the ADB, making it possible to deploy and debug apps from the development environment."
8,What is the primary purpose of the Android Debug Bridge (ADB)?,To facilitate interaction between Android Studio and both AVD emulators and Android devices for running and debugging applications.,To create backups of Android device data.,To install applications directly on Android devices.,To manage user accounts on Android devices.,"ADB serves as a bridge between a development environment like Android Studio and Android devices, allowing developers to test, run, and debug applications on both emulators and physical devices."
8,What is the default port used by ADB for communication?,5037,8080,5000,5554,ADB uses port 5037 by default to communicate between the development system and connected devices.
8,What should you do if your device is listed as 'unauthorized' in the ADB device list?,Check for a dialog on the device to authorize USB debugging.,Reinstall the ADB drivers.,Enable developer mode again.,Restart the Android device.,An unauthorized status means that the permission dialog on the Android device for USB debugging needs to be confirmed.
8,What command lists the connected AVD or physical devices using ADB?,adb devices,adb show-devices,adb connect-devices,adb list-devices,"The adb devices command lists all currently connected devices, showing both AVDs and physical Android devices."
8,Why might a user need to reboot their system during ADB configuration?,"To apply changes made to system settings, such as group memberships or driver installations.",To reset the Android device.,To clear all ADB connections.,To update Android Studio.,"Rebooting the system can ensure that any changes made, like new driver installations or group membership updates, take effect."
8,Which option should be selected in the run target menu to pair an Android device using Wi-Fi?,Pair Devices Using WiFi,Enable AVD Pairing,Device Sync,Troubleshoot Device Connections,This option in the run target menu enables developers to pair a physical Android device with Android Studio for wireless debugging.
8,Why is testing on a physical device important compared to using only an AVD?,Some Android features are only available on physical devices.,AVDs do not support debugging.,Physical devices are faster than AVDs in all cases.,Physical devices have a better display resolution.,"Certain hardware-specific features and behaviors can only be tested on physical devices, making it essential to test apps in a real-world environment."
8,Which command is used to restart the ADB server?,adb kill-server && adb start-server,adb reset-server,adb restart,adb start-server,"To restart the ADB server, the command sequence first stops any running ADB server with adb kill-server and then starts it again using adb start-server."
8,What is required for wireless debugging on an Android device?,Enabling Wireless Debugging in Developer options.,Enabling USB debugging only.,Rooting the Android device.,Connecting the device to a LAN cable.,"Wireless debugging must be enabled through Developer options, allowing ADB connections without a USB cable."
8,Why might it be necessary to install manufacturer-specific drivers for ADB on Windows?,Because generic drivers do not support ADB functions for all devices.,To access the device's bootloader.,To enable faster app deployment.,To allow wireless debugging.,Different Android device manufacturers may require specific USB drivers for ADB to recognize their devices on a Windows system.
8,Which package must be installed on Ubuntu Linux to enable ADB for testing on physical devices?,android-tools-adb,ubuntu-adb-tools,linux-tools-adb,android-studio-adb,"On Ubuntu Linux, the android-tools-adb package provides the necessary ADB tools to communicate with Android devices."
8,What is the function of the 'adb devices' command?,It shows the list of connected AVD and physical devices.,It lists all available Android SDKs.,It restarts the ADB server.,It installs applications on a connected device.,The adb devices command displays a list of all currently connected emulators and physical Android devices recognized by ADB.
8,Which of the following is NOT a necessary step when configuring ADB on a Windows system?,Rebooting the Android device.,Executing the 'android update adb' command.,Including the Android SDK platform-tools in the PATH environment variable.,Installing the appropriate USB drivers.,"Rebooting the Android device is not a standard requirement for setting up ADB, although it may be useful if connection issues arise."
8,Which group membership is required for an Ubuntu user to use ADB?,plugdev,adbuser,sudo,root,Membership in the plugdev group allows Ubuntu users to access USB devices for ADB communication.
8,What should you do if an Android device is listed as 'offline' after connecting it to a macOS system?,Check the device for a USB debugging permission dialog and allow it.,Reinstall Android Studio.,Reboot the Android device.,Disconnect and reconnect the USB cable.,"If a device appears as offline, it often means that the permission to allow USB debugging has not been granted on the Android device."
8,Which Android Studio feature allows you to see the display of a physical device within the IDE?,Device Mirroring,Device Emulator,Device Simulation,Screen Capture,Device mirroring lets you view the screen of a physical device within Android Studios Running Devices tool window.
8,What is a common troubleshooting step if ADB fails to detect a device on macOS?,Log out and back into the macOS desktop.,Reset the Android device to factory settings.,Reinstall macOS.,Uninstall and reinstall Android Studio.,Logging out and back in can help reset system-level permissions that might interfere with ADBs ability to detect connected devices.
8,What does the 'Allow USB debugging' dialog on an Android device do?,It grants permission for the development system to deploy and debug apps on the device.,It enables the device to be rooted.,It allows the device to connect to any Wi-Fi network.,It allows the development system to access device data.,Allowing USB debugging gives the development system access to deploy and debug applications on the connected Android device.
9,Which of the following is a purpose of the Code Structure Location bar in Android Studio?,To indicate the cursor's position within the code structure,To display parameter hints,To display line numbers,To navigate through open files,"The Code Structure Location bar shows the current position of the cursor within the overall structure of the code, helping with navigation."
9,Which feature allows users to automatically complete parentheses and braces for methods in Android Studio?,Statement Completion,Code Generation,Live Templates,Code Folding,"Statement completion automatically fills out parentheses, braces, and other common syntax elements to save time during coding."
9,How can a user enable or disable line numbers in the Android Studio editor?,Right-click in the gutter and select 'Show Line Numbers',Using the keyboard shortcut Ctrl + L,Through the View menu,By adjusting the code completion settings,Users can enable or disable line numbers by right-clicking in the Editor Gutter Area and choosing the Show Line Numbers option.
9,Which feature in Android Studio allows users to split the editor window into multiple panels?,Splitter,Code Folding,Live Templates,Editor Gutter Area,"The splitter allows users to split the editor window into multiple panes, enabling simultaneous work on different files or different parts of the same file."
9,What does the green check mark in the Validation and Marker Sidebar indicate?,There are no errors or warnings in the code,The project is ready for deployment,The file is successfully saved,All tests have passed,"A green check mark means that the code currently has no detected warnings or errors, indicating that it is ready for compilation."
9,How can a user modify the behavior of parameter name hints in Android Studio?,In the Settings dialog under Editor -> Inlay Hints,By changing the language settings,Using the Parameter Wizard tool,Adjusting the Validation and Marker Sidebar,"Parameter name hints settings can be adjusted by navigating to the Inlay Hints section of the Settings dialog, providing control over their display."
9,How can the editor window be returned to a single panel after splitting?,Right-click on any tab and select 'Unsplit',Use Ctrl + U keyboard shortcut,Drag the panel back to the main window,Click the 'Merge' button,"To revert to a single panel, right-click on a tab in a split panel and choose Unsplit from the context menu."
9,How can the code completion behavior be customized in Android Studio?,In the Settings dialog under Editor -> General -> Code Completion,By adjusting the sidebar settings,Through the View menu,Using a custom plugin,"Code completion settings can be customized through the Settings dialog, allowing users to adjust the suggestions and behavior to their preference."
9,What does the Validation and Marker Sidebar display?,Real-time analysis of code for warnings and errors,Breakpoints and bookmarks,List of open files,Current file name and status,"The Validation and Marker Sidebar provides real-time feedback on code issues, highlighting errors and warnings as code is written."
9,What are Live Templates used for in Android Studio?,Inserting frequently used code snippets quickly,Organizing code into multiple files,Displaying method parameter hints,Folding and unfolding code blocks,Live templates allow developers to quickly insert common code patterns by typing a shortcut followed by pressing the Tab key.
9,What feature in Android Studio allows the automatic generation of code stubs like overriding methods?,Code Generation,Code Folding,Live Templates,Code Completion,"Code generation allows developers to quickly create code structures, such as overriding methods, using shortcuts like Alt + Insert."
9,How can a user detach an editor panel from the main Android Studio window?,Drag the tab to a different part of the desktop,Use Ctrl + D keyboard shortcut,Right-click and select 'Detach Panel',Click on the 'Detach' button in the toolbar,Dragging the tab outside the main window allows the user to detach the panel and place it in a separate window.
9,Which keyboard shortcut is used to invoke Smart Completion in Android Studio?,Shift + Ctrl + Space,Shift + Ctrl + Enter,Alt + Insert,Ctrl + Space,"Smart Completion is triggered using the Shift + Ctrl + Space keyboard shortcut, offering more specific suggestions based on code context."
9,Which shortcut can be used to access documentation for a class or method in Android Studio?,Ctrl + Q,Ctrl + Space,Shift + Ctrl + Enter,Ctrl + P,"Pressing Ctrl + Q displays context-sensitive documentation for the selected class or method, making it easier to understand their functionality."
9,What is the purpose of the Editor Gutter Area in Android Studio?,To display informational icons like breakpoints and bookmarks,To navigate between different files,To display code structure,To manage code completion settings,"The Editor Gutter Area provides icons for debugging, code folding controls, line numbers, and other markers, making it easier to manage and navigate code."
9,How can the parameter information for a method be viewed in Android Studio?,Using the Ctrl + P keyboard sequence,Right-clicking and selecting 'View Parameters',By hovering over the method name,Clicking the parameter name in the sidebar,"Ctrl + P displays parameter information for methods, showing the arguments that can be passed to the method."
9,Which shortcut is used to reformat code in Android Studio?,Ctrl + Alt + L,Shift + Ctrl + Space,Ctrl + Q,Alt + Insert,Ctrl + Alt + L is the shortcut for automatically reformatting the code according to the defined style settings in Android Studio.
9,What feature allows for folding and unfolding blocks of code in Android Studio?,Code Folding,Code Generation,Document Tabs,Code Completion,"Code folding enables users to collapse and expand blocks of code, helping to manage large code files by focusing on relevant sections."
9,What functionality does the 'Find Sample Code' feature in Android Studio provide?,Displays example code for selected classes or methods,Provides code templates,Generates random code samples,Highlights code errors,"The Find Sample Code feature shows example code related to selected classes or methods, helping developers understand their usage."
9,What feature of the Android Studio editor helps in minimizing typing effort by suggesting completions for statements?,Code Completion,Code Folding,Document Tabs,Parameter Information,"Code completion provides suggestions as code is typed, reducing the need for manual typing by offering possible completions based on context."
10,What is the base layer of the Android software stack?,Linux Kernel,Android Runtime,Application Framework,Hardware Abstraction Layer,"The Linux Kernel is the base layer of the Android software stack, providing a level of abstraction between the device hardware and the upper layers of the stack."
10,What role does the Linux Kernel play in the Android software stack?,Provides low-level system services,Manages application lifecycle,Facilitates user interface building,Executes Java bytecode,"The Linux Kernel provides core system services such as memory, process, and power management, along with a network stack and device drivers."
10,What is the purpose of the Hardware Abstraction Layer (HAL) in Android?,To interface with device hardware components,To convert DEX bytecode into machine code,To provide a set of standard Java libraries,To manage application lifecycles,"The HAL allows Android to communicate with hardware components like the camera and microphone, making the system adaptable to various hardware configurations."
10,What does ART stand for in Android?,Android Runtime,Application Resource Tracker,Advanced Rendering Technology,Android Resource Toolkit,"ART stands for Android Runtime, which is responsible for converting DEX bytecode into native machine instructions."
10,Which technology replaced Dalvik as the runtime system in Android?,ART,AOT,NDK,JIT,"ART (Android Runtime) replaced Dalvik and uses Ahead-of-Time (AOT) compilation to convert DEX bytecode to machine code, improving app performance."
10,What is the function of Ahead-of-Time (AOT) compilation in ART?,Compiles bytecode at app installation,Interprets code during app execution,Facilitates content sharing between apps,Manages app lifecycles,"AOT compilation converts DEX bytecode into machine code during app installation, allowing for faster app execution and improved battery performance."
10,What type of file does ART generate during the Ahead-of-Time compilation process?,ELF file,JAR file,APK file,DEX file,"ART generates an Executable and Linkable Format (ELF) file, which contains the native machine code that runs on the Linux Kernel."
10,Which layer of the Android architecture is responsible for managing app lifecycles?,Application Framework,Linux Kernel,Hardware Abstraction Layer,Android Runtime,The Application Framework manages app lifecycles through the Activity Manager and provides other essential services.
10,Which Android library provides access to the application model and forms the cornerstone of all Android applications?,android.app,android.media,android.content,android.opengl,The android.app library provides access to the application model and is fundamental to all Android applications.
10,What is the purpose of the android.content library in Android development?,Facilitates content access and messaging,Handles 2D graphics drawing,Manages the application lifecycle,Provides access to hardware components,"The android.content library facilitates content access, publishing, and messaging between applications and components."
10,Which Android library provides APIs for hardware access like the accelerometer?,android.hardware,android.graphics,android.os,android.media,The android.hardware library provides APIs to access hardware components such as the accelerometer and light sensor.
10,What role does the android.opengl library serve in Android development?,Enables 3D graphics rendering,Handles file manipulation tasks,Provides access to operating system services,Facilitates network access,"The android.opengl library provides a Java interface to the OpenGL ES API, enabling 3D graphics rendering in Android apps."
10,What is the main function of the Package Manager in the Application Framework?,Finds information about installed apps,Displays alerts and notifications,Manages content sharing between apps,Provides access to non-code resources,The Package Manager allows applications to find information about other applications currently installed on the device.
10,Which service in the Application Framework controls all aspects of the application lifecycle?,Activity Manager,Resource Manager,Content Providers,Location Manager,The Activity Manager controls all aspects of the application lifecycle and the activity stack.
10,What is the role of Content Providers in the Android Application Framework?,Allows apps to publish and share data,Handles network communication,Manages app notifications,Manages application resources,Content Providers allow Android applications to publish and share data with other apps.
10,What type of tasks do the C/C++ libraries in Android typically handle?,Low-level operations for performance and efficiency,Content sharing between apps,High-level Java tasks,User interface building,"C/C++ libraries handle low-level tasks that are compact, fast, and efficient, such as graphics management and audio processing."
10,Which component of the Android stack provides an API to build user interfaces?,android.widget,android.opengl,android.text,android.net,"The android.widget library provides a rich collection of pre-built user interface components, such as buttons and layout managers."
10,Which Android library would you use to add web browsing capabilities to an app?,android.webkit,android.media,android.net,android.os,The android.webkit library provides classes to integrate web browsing capabilities into Android applications.
10,Which layer of the Android stack contains the libraries used to build the Android runtime?,C/C++ Libraries,Application Framework,Android Runtime,Linux Kernel,The C/C++ Libraries layer contains the low-level libraries that support the Android runtime and other key components of the stack.
10,What does the Native Development Kit (NDK) allow developers to do?,Access low-level C/C++ libraries from Java code,Manage app lifecycles,Compile Java bytecode to native code,Write applications using only Java,"The NDK allows developers to call C/C++ methods from Java or Kotlin code, enabling direct access to low-level libraries."
10,What does the Notification Manager in the Android Application Framework do?,Displays alerts and notifications to users,Manages app installation and updates,Provides access to system resources,Manages app data sharing,The Notification Manager allows Android applications to display alerts and notifications to the user.
10,What are the native applications provided with Android called?,Native Applications,Framework Applications,Built-in Applications,Standard Android Libraries,"Native applications are the built-in apps provided with Android, such as the web browser and email applications."
10,Which Android service provides location updates to applications?,Location Manager,Content Providers,Telephony Manager,Activity Manager,"The Location Manager provides access to location services, allowing applications to receive updates about location changes."
10,What is the primary purpose of the Android Application Framework?,To provide system-level services to applications,To execute DEX bytecode,To manage the Linux Kernel,To convert Java code to native machine code,The Application Framework provides essential system-level services that manage how applications run and interact with the device.
10,Which Android library is specifically used for 2D graphics drawing?,android.graphics,android.opengl,android.os,android.webkit,"The android.graphics library provides a low-level 2D graphics drawing API including features like colors, points, and rectangles."
10,What is DEX in the context of Android development?,An intermediate bytecode format,A native machine code format,A Java library,A hardware component,"DEX (Dalvik Executable) is the intermediate bytecode format used by Android, allowing apps to run on any device with a DEX-compatible runtime."
10,What problem did ART solve compared to Dalvik?,Reduced power consumption and faster app performance,Better support for third-party libraries,Improved graphics rendering,Enhanced security measures,"ART solved performance and battery life issues by converting DEX bytecode to native machine code ahead of time (AOT), unlike Dalviks Just-in-Time (JIT) compilation."
10,Which Android library is used for network access?,android.net,android.media,android.content,android.hardware,"The android.net library provides APIs for accessing the network stack, including WiFi and other network components."
10,What is the primary function of the Resource Manager in the Application Framework?,To provide access to non-code embedded resources,To facilitate inter-process communication,To handle application lifecycle,To manage app notifications,"The Resource Manager provides access to embedded resources like strings, colors, and UI layouts, which are essential for app customization."
12,Which operator is used to safely access properties or call functions on nullable types in Kotlin?,?.,?!!,"!!",::,"The safe call operator ?. allows properties and functions to be accessed on nullable types, preventing null pointer exceptions."
12,Which of the following is the correct way to declare a nullable variable in Kotlin?,val name: String?,val name: String!,val name?: String,val? name: String,"In Kotlin, appending a question mark (?) after the type indicates that the variable is nullable and can store null values."
12,What is type inference in Kotlin?,The automatic assignment of variable types by the compiler,The process of manually defining variable types,The conversion of data types at runtime,A debugging tool for type errors,Type inference in Kotlin allows the compiler to automatically determine the type of a variable based on the value it is assigned.
12,Which Kotlin feature helps avoid null pointer exceptions?,Nullable types and safe calls,Static typing,Primitive data types,Late initialization,Kotlin’s nullable types and safe call operators help prevent null pointer exceptions by enforcing null checks and safe access.
12,What is the purpose of the 'var' keyword in Kotlin?,To declare mutable variables,To declare functions,To declare constants,To declare non-null variables,"The var keyword is used to declare mutable variables in Kotlin, which means their values can be changed after initialization."
12,Which Kotlin operator checks if an object conforms to a specific type?,is,as?,==,typeOf,"The is operator in Kotlin is used to check if an object conforms to a specific type, allowing for type-safe operations."
12,How can you safely cast an object to another type in Kotlin?,Using the safe cast operator 'as?',Using the 'as' keyword,Using the cast operator '->',Using the type operator '::',"The as? operator is used for safe casting in Kotlin, returning null if the cast fails instead of throwing an exception."
12,What happens if you try to compile Kotlin code with a non-null variable that has a null value?,The code will not compile,The null value will be ignored,The code will compile with a warning,The code will compile but crash at runtime,"Kotlin enforces strict null safety, so a non-null variable cannot be assigned a null value; this will cause a compilation error."
12,What is the main function of type annotations in Kotlin?,To explicitly declare the type of a variable,To convert data types automatically,To specify the memory size of variables,To speed up code execution,"Type annotations explicitly declare the data type of a variable, ensuring the correct type is used and preventing type-related errors."
12,How are Kotlin data types different from primitive data types in other languages?,They are all objects with functions and properties,They use less memory,They are faster to execute,They cannot be cast to other types,"In Kotlin, all data types are objects, which means they come with built-in functions and properties that can be accessed using dot notation."
12,Which of the following is a correct way to check if a 'lateinit' variable has been initialized?,checking the 'isInitialized' property,casting the variable,using if-else statements,using a try-catch block,You can check if a lateinit variable has been initialized by accessing the isInitialized property with the :: operator.
12,What keyword is used to declare a variable that will be initialized later in Kotlin?,lateinit,var,defer,val,"The lateinit modifier in Kotlin allows you to declare a non-null variable that will be initialized later, bypassing the need for initialization at declaration."
12,What does the Kotlin 'let' function do when used with nullable types?,It allows nullable variables to be used like non-null variables within a lambda,It checks if a variable is null,It initializes a variable to zero,It changes the type of a variable,The let function enables nullable types to be safely used within a lambda expression by converting them to non-null within the scope of the lambda.
12,What does the not-null assertion operator (!!) do in Kotlin?,Removes all compiler restrictions from nullable types,Prevents runtime exceptions,Converts numbers to strings,Converts nullable types to non-null types safely,"The not-null assertion operator (!!) removes restrictions on nullable types, allowing them to be used like non-null types but risks causing runtime exceptions if used incorrectly."
12,What is the Elvis operator used for in Kotlin?,To check for null values and provide a default,To convert between data types,To escape special characters in strings,To declare variables,The Elvis operator (?:) checks for null values and provides a default value if the expression on the left is null.
12,What is the primary purpose of data types in Kotlin?,To enable programmers to work with data in a human-readable format,To compile code faster,To improve the performance of the code,To allow the CPU to understand instructions,"Data types allow programmers to define and work with data in a format that is understandable to humans, which is then compiled into machine code executable by the CPU."
12,What does the Kotlin compiler use to determine the type of a variable when a type annotation is not provided?,Type inference,Type casting,Type annotation,Type checking,"Kotlin uses type inference to determine the type of a variable when it is not explicitly declared, based on the value assigned to it during initialization."
12,Which Kotlin data type would you use to store a single letter or symbol?,Char,Int,Boolean,String,"The Char data type in Kotlin is used to store a single character, such as a letter or symbol, using 16-bit Unicode encoding."
12,Why should immutable variables be preferred over mutable ones in Kotlin?,They reduce the risk of errors and make code easier to read,They have better performance,They occupy less memory,They are required for all Kotlin programs,Immutable variables help reduce errors by preventing accidental changes to values and make the code easier to understand and maintain.
12,What keyword is used to declare immutable variables in Kotlin?,val,const,let,var,"Immutable variables in Kotlin are declared using the val keyword, which means their values cannot be changed once assigned."
12,What is a mutable variable in Kotlin?,A variable that can have its value changed,A variable that stores only string values,A variable that can only be assigned once,A variable that is read-only,"Mutable variables in Kotlin, declared with var, allow their values to be changed after initialization."
12,Which of the following is NOT a special character in Kotlin?,\e - Error character,\t - Horizontal tab,\&quot - Double quote,\n - New line,"\e is not a recognized escape sequence in Kotlin. Recognized special characters include newline ( ), tab ( ), and quotes (\"" or \)."
12,What is the role of the escape character '\' in Kotlin?,To represent special characters in strings,To declare string variables,To indicate the end of a line,To start a new statement,"The escape character \ in Kotlin is used to represent special characters like new lines, tabs, or to include quotes within strings."
12,What does string interpolation in Kotlin allow you to do?,Embed variables and expressions inside strings,Create immutable strings,Change the length of a string,Convert strings to integers,"String interpolation in Kotlin allows developers to embed variables, constants, and expressions directly inside strings, making them dynamic and easier to construct."
12,Which syntax is used to declare a multi-line string in Kotlin?,Using triple quotes,Using single quotes,Using double quotes,Using curly braces,"Triple quotes are used in Kotlin to declare multi-line strings, allowing for string content that spans multiple lines."
12,How are characters represented internally in Kotlin?,As 16-bit Unicode grapheme clusters,As ASCII values,As single-byte values,As floating-point numbers,"Kotlin represents characters as 16-bit Unicode grapheme clusters, allowing for a wide range of characters beyond the ASCII set."
12,What is a Boolean data type used for in Kotlin?,Handling true or false conditions,Storing characters,Managing large datasets,Storing numeric values,"The Boolean data type in Kotlin is specifically designed to store values of true or false, representing binary conditions."
12,What is the primary difference between Float and Double data types in Kotlin?,"Float has 32-bit precision, and Double has 64-bit precision","Float is used for smaller numbers, and Double for larger numbers","Float can store decimal places, while Double cannot","Float is used for 64-bit precision, and Double is for 32-bit precision","Float is used for 32-bit floating-point numbers, while Double provides 64-bit precision, allowing it to store larger and more precise decimal values."
12,Which of the following is an example of a Kotlin integer data type?,Int,String,Double,Boolean,The Int data type in Kotlin is used to store 32-bit whole numbers (integers) that do not have decimal places.
13,What is the output of the expression x.xor(y) if x = 171 and y = 3 ?,168,3,174,171,"The `xor()` operation performs an exclusive OR on each bit position of the operands, resulting in 168 when applied to 171 and 3."
13,What is the main purpose of Kotlin operators and expressions?,To manipulate and evaluate variables and constants,To declare variables,To define data types,To manage program flow,"Operators and expressions in Kotlin are used to manipulate and evaluate variables and constants, forming the core of variable interactions."
13,What will be the result of the bitwise right shift operation x.shr(1) if x = 171 ?,85,3,171,342,"The `shr(1)` operation shifts the bits of 171 to the right by one position, resulting in 85."
13,Which of the following operations would invert all bits in a number?,inv(),and(),or(),xor(),"The `inv()` operation inverts all bits in a number, turning 0s into 1s and 1s into 0s."
13,Which Kotlin operator would you use to double a number by shifting its bits?,shl(),and(),xor(),shr(),"The `shl()` operation shifts bits to the left, effectively doubling the value of the number."
13,Which bitwise operation would you use to compare two numbers bit-by-bit and set bits to 1 only when both bits are 1?,and(),xor(),shl(),or(),The `and()` operation performs a bit-by-bit comparison and sets each bit to 1 only if both bits are 1 in the compared numbers.
13,What does the augmented assignment operator x -= y do?,Subtracts y from x and stores the result in x,Adds y to x and stores the result in x,Divides x by y and stores the result in x,Multiplies x by y and stores the result in x,The `x -= y` operator subtracts the value of y from x and assigns the result back to x.
13,Which operator is used to multiply two values in Kotlin?,*,+,/,-,The * operator is used to perform multiplication between two operands in Kotlin.
13,What would be the result of the expression x..y in Kotlin?,Declares a range from x to y,Checks equality between x and y,Performs addition of x and y,Performs a logical comparison,"The `x..y` expression declares a range of numbers starting at x and ending at y, including both endpoints."
13,What does the ! operator do when applied to a Boolean variable?,Inverts the Boolean value,Sets the value to false,Sets the value to true,Multiplies the Boolean value,"The ! operator is the logical NOT operator, which inverts the current Boolean value, turning true into false and vice versa."
13,Which logical operator returns true if at least one of the operands is true?,||,"!",==,&&,The `||` operator is a logical OR operator that returns true if at least one of its operands is true.
13,What type of operator is x != y in Kotlin?,Equality operator,Bitwise operator,Logical operator,Range operator,The `!=` operator is an equality operator that checks whether two operands are not equal.
13,Which operator is used to decrement a value by 1 in Kotlin?,--,+=,==,-=,"The -- operator is used to decrement a variable by 1, making it a shorthand for `x = x - 1`."
13,How does the bitwise right shift shr() operation affect a number?,"It shifts bits right, effectively halving the value",It inverts the bits,It compares two values,It doubles the value,"The `shr()` operation shifts bits to the right, effectively halving the value for each shift by one position."
13,What does the bitwise left shift operation shl() do?,"Shifts bits to the left, effectively doubling the value",Inverts the bits of a number,"Shifts bits to the right, effectively halving the value",Compares two binary numbers,"The `shl()` operation shifts bits to the left by a specified number of positions, doubling the value for each shift by one position."
13,What are the primary components of a basic expression in Kotlin?,"An operator, two operands, and an assignment","An operator, a loop, and a conditional statement","A function call, an operand, and an assignment","A loop, a function call, and an operator","A basic expression in Kotlin consists of an operator, two operands, and an assignment, as demonstrated in the example `val myresult = 1 + 2`."
13,What does the bitwise OR operation do in Kotlin?,Performs a bit-by-bit OR comparison,Compares two numbers and returns the larger value,Inverts the bits of a number,Returns the sum of two numbers,"The `or()` operation performs a bitwise OR, placing a 1 in the result if at least one of the corresponding bits in the operands is 1."
13,Which bitwise operator is used to perform an AND operation in Kotlin?,and(),or(),inv(),xor(),"The `and()` operation performs a bitwise AND, comparing each bit position of two numbers and returning 1 only if both bits are 1."
13,Which operator would you use to perform a bitwise inversion?,inv(),or(),and(),xor(),"The `inv()` operation performs a bitwise inversion, flipping each bit of the number from 0 to 1 and vice versa."
13,What is the purpose of the range operator '..' in Kotlin?,To declare a sequence of values,To create an array,To compare two values,To perform bitwise operations,"The .. operator in Kotlin creates a range of values, such as `5..8`, representing the sequence 5, 6, 7, 8."
13,What does the logical AND (&&) operator do?,Returns true if both operands are true,Compares two numbers,Returns true if one operand is true,Inverts the Boolean value,"The && operator returns true only if both operands evaluate to true; otherwise, it returns false."
13,Which of the following operators returns true if two values are equal?,==,>=,<=,"!=",The == operator checks for equality between two operands and returns true if they are equal.
13,What is the result of the expression val y = ++x if x starts at 9?,x is incremented before assignment,x is incremented after assignment,x is decremented before assignment,y is assigned the value 8,"In `val y = ++x`, the variable `x` is incremented before the assignment, so `y` gets the incremented value of `x`, which is 10."
13,Which operator in Kotlin is used to increment a value by 1?,++,+,--,+=,"The ++ operator increments a variable by 1, making it a shorthand for `x = x + 1`."
13,What does the augmented assignment operator '+=' do?,Adds two values and stores the result in the first variable,Multiplies two values and assigns the result,Subtracts two values and stores the result,Adds two values and assigns the result to a different variable,"The += operator adds the right operand to the left operand and assigns the result to the left operand, e.g., `x += y`."
13,What is the purpose of the unary '-' operator in Kotlin?,To negate a value,To add two values,To multiply two values,To increment a value,"The unary - operator is used to negate a value, changing its sign, e.g., `-10` makes a positive number negative."
13,Which Kotlin operator is used to perform modulo operations?,%,+,-,*,"The % operator in Kotlin is used to calculate the remainder of a division operation, known as modulo."
13,Which Kotlin operator is used for subtraction?,-,+,*,/,"The - operator is used for subtraction, taking two operands and subtracting the second from the first, e.g., `x - 5`."
13,What does the assignment operator '=' do in Kotlin?,It assigns a value to a variable,It compares two values,It increments a variable,It multiplies two values,"The assignment operator = in Kotlin assigns the result of an expression to a variable, such as `x = 10`."
14,What is the main advantage of using labeled break and continue statements in nested loops?,They allow breaking or continuing specific loops directly,They replace all conditions,They avoid syntax errors,They make the code run faster,"Labeled break and continue statements enable you to directly control which loop to break or continue, making nested loops more manageable."
14,What does the do...while loop ensure?,The loop executes at least once,The loop stops after a set number of iterations,The loop executes only when a condition is true,The loop runs in reverse order,"The do...while loop checks its condition after executing the loop body, ensuring the code inside the loop runs at least once regardless of the condition."
14,Which Kotlin loop is best suited for iterating through a known sequence of items?,for-in loop,while loop,do...while loop,infinite loop,"The for-in loop is ideal for iterating through known sequences like ranges, collections, or arrays, providing a clear, concise way to handle iterations."
14,What is the primary purpose of the when statement in Kotlin?,To handle multiple conditional branches more cleanly than if statements,To perform arithmetic operations,To create infinite loops,To handle errors in code,"The when statement allows for cleaner, more readable handling of multiple conditional branches compared to chaining multiple if...else statements."
14,Which Kotlin control flow statement executes code only when a Boolean expression is true?,if statement,switch statement,for loop,when statement,"The if statement in Kotlin executes code only if the associated Boolean expression evaluates to true, controlling conditional code flow."
14,What happens if a break statement is used inside a nested loop without a label?,It exits the current loop,It causes a syntax error,It continues to the next iteration,It exits all loops,"Without a label, a break statement exits only the current loop in which it is used, not affecting outer loops."
14,What is the function of the 'step' keyword in a for loop?,It defines the increment for each iteration,It repeats the loop indefinitely,It inverts the loop range,It stops the loop after one iteration,"The step keyword specifies the increment between iterations in a for loop, allowing for customized step values like every second or tenth value."
14,What does the 'if...else if...else' construct allow you to do?,Check multiple conditions sequentially,Create infinite loops,Create a closed range of numbers,Perform bitwise operations,"The if...else if...else construct allows multiple conditions to be checked sequentially, executing different code based on which condition is met first."
14,What is a label in Kotlin used for?,To mark a specific loop or expression for break or continue,To define a constant,To print values in the console,To initiate a new function,"Labels in Kotlin are used to mark specific loops or expressions, allowing targeted control with break and continue statements, especially in nested loops."
14,How does a 'when' statement differ from a 'switch' statement in other programming languages?,It can handle complex expressions as conditions,It cannot have a default case,It only works with integers,It is case-sensitive,"The when statement in Kotlin can handle more complex expressions as conditions, unlike the simpler switch statements in other languages, which are limited to basic matches."
14,Which control flow statement in Kotlin is used to make decisions based on one or more criteria?,if,switch,continue,loop,"The if expression is used to make decisions in Kotlin, executing different code blocks based on the evaluation of Boolean expressions."
14,What is the output of the following Kotlin code ?,"1, 2, 3, 4, 5","5, 4, 3, 2, 1","1, 3, 5","0, 1, 2, 3, 4","The code uses a for-in loop with a closed range from 1 to 5, printing each value sequentially from 1 to 5."
14,What type of range does the 'until' function in Kotlin create?,Half-closed range,Infinite range,Closed range,Open range,"The until function creates a half-closed range that includes the start value but excludes the end value, iterating up to but not including the specified endpoint."
14,Which loop guarantees that the code inside it will be executed at least once?,do...while loop,repeat loop,while loop,for loop,The do...while loop guarantees that its body is executed at least once because it checks the loop condition after executing the loop body.
14,What is control flow in programming?,The logic that dictates which code gets executed and which gets bypassed,The process of compiling code,The order in which code is written,The style of writing code in a readable way,"Control flow refers to the logic that determines how code is executed, including decisions about which code runs, how often it runs, and when it is skipped."
14,"In a when statement, what is the role of the 'else' branch?",It executes if none of the other conditions match,It ends the when statement,It throws an error,It repeats the first case,"The else branch in a when statement acts as the default case, executing when none of the specified conditions match."
14,Which Kotlin construct provides a cleaner alternative to multiple if...else statements?,when statement,switch statement,while statement,goto statement,The when statement in Kotlin is similar to the switch statement found in other languages and provides a cleaner alternative to chaining multiple if...else statements.
14,How does the Kotlin if expression differ from traditional if statements in other languages?,It returns a result and can be used in expressions,It does not allow nested conditions,It requires curly braces for all conditions,It cannot be used in loops,"Unlike traditional if statements, the Kotlin if expression returns a result, allowing it to be used within other expressions, similar to a ternary operator in other languages."
14,Which statement is used in Kotlin to provide labels for breaking out of nested loops?,break with label,goto,labeled,named,"Kotlin allows labels to be assigned to loops, and the break statement can use these labels to specify which loop to exit, especially in nested loop scenarios."
14,What does the 'continue' statement do in a loop?,Skips the remaining code in the current iteration,Exits the loop immediately,Repeats the loop from the beginning,Pauses the loop execution,The continue statement skips the remaining code in the current loop iteration and proceeds to the next iteration.
14,What is the purpose of the 'break' statement in a loop?,To exit the loop immediately,To repeat the last iteration,To restart the loop,To skip the current iteration,"The break statement in Kotlin is used to exit the loop immediately, regardless of the loops completion criteria."
14,How does a do...while loop differ from a while loop?,It executes the loop body before checking the condition,It only works with arrays,It does not repeat the loop,It executes the condition before the loop body,"The do...while loop executes the code inside the loop body at least once before evaluating the condition, ensuring the loop body runs at least once."
14,When is a while loop preferred over a for loop in Kotlin?,When the number of iterations is unknown,When the number of iterations is known,When working with arrays,When the loop needs to iterate through a range,A while loop is used when the number of iterations is not known in advance and the loop needs to repeat until a specific condition is met.
14,Which function is used to change the increment value of a Kotlin for loop?,step,jump,add,increment,"The step function is used in Kotlin for loops to specify the increment value, allowing the loop to skip values based on the defined step."
14,What does the 'until' function do in a Kotlin for loop?,Iterates up to but does not include the specified endpoint,Multiplies each loop value,Creates an infinite loop,Counts down from a maximum value,"The until function in Kotlin creates a half-closed range, meaning it iterates from the start value up to but not including the specified endpoint."
14,What is the purpose of the 'downTo' function in a Kotlin for loop?,To count backward through a range,To repeat the loop indefinitely,To iterate forward through a range,To skip values in a loop,"The downTo function causes a for loop to iterate backward through a range, starting from the higher value and counting down to the specified lower value."
14,Which Kotlin loop is used to iterate over a sequence of items?,for-in loop,do...while loop,repeat loop,while loop,"The for-in loop in Kotlin is used to iterate over a sequence of items, such as a collection or a range of numbers."
15,Which of the following is an example of a single-expression function?,"fun add(x: Int, y: Int) = x + y","fun add(x: Int, y: Int): Int { return x + y }",fun add = x + y,"add = { x: Int, y: Int -> x + y }","This example shows a single-expression function where the return type is inferred, and the code is compact and concise."
15,How can you execute a lambda directly without assigning it to a variable?,{ x: Int -> x + 1 }(5),lambda { x: Int -> x + 1 },lambda(x: Int) = x + 1,fun (x: Int) -> x + 1,A lambda can be directly executed by defining it inline and immediately calling it with the required arguments.
15,What will be the output of the following code?,12,7,Error,"3, 4","The lambda multiplies the two integers passed to it (3 and 4), resulting in the output of 12."
15,Which Kotlin code correctly shows a lambda being assigned to a variable?,"val multiply = { x: Int, y: Int -> x * y }","lambda multiply = (x, y) -> x * y","val multiply = (x, y) => x * y","fun multiply { x: Int, y: Int }","Lambdas are assigned to variables using the { } notation, with parameters defined before the arrow -> and the body after."
15,What does the vararg keyword allow you to do in Kotlin?,Accept variable numbers of arguments of the same type,Return multiple values,Declare a function as private,Make a parameter optional,"The vararg keyword allows a function to accept a variable number of arguments of the specified type, passed in as an array."
15,How would you declare a function that returns a lambda?,fun myFunc(): (Int) -> String,fun myFunc() -> lambda,fun myFunc(): { Int -> String },fun myFunc() { Int -> String },"To declare a function that returns a lambda, specify the lambdas function type as the return type."
15,Which function type represents a function that accepts an Int and returns a String?,(Int) -> String,"(String, Int) -> String",(String) -> Int,"(Int, String)",The function type (Int) -> String specifies a function that accepts an integer parameter and returns a string.
15,Which keyword is used to specify that a Kotlin function parameter is optional?,default,vararg,inline,optional,"Default values for function parameters can be specified directly in the function signature, allowing arguments to be optional."
15,How are functions declared to accept a lambda as a parameter?,fun myFunc(lambda: () -> Unit),fun myFunc(lambda: Lambda),fun myFunc(lambda: fun -> Unit),fun myFunc(lambda: function()),"To accept a lambda, the function parameter is declared using the function type notation, such as () -> Unit."
15,What happens when you place parentheses after a lambda expression?,It executes the lambda,It defines the lambda,It converts the lambda to a function,It passes parameters to the lambda but does not execute it,"Placing parentheses after a lambda expression immediately executes it, with the ability to pass arguments if needed."
15,Which statement about Kotlin lambda expressions is correct?,Lambdas can have parameters and return values,Lambdas cannot be assigned to variables,Lambdas can only be used in loops,Lambdas must have a return statement,"Kotlin lambdas can accept parameters, execute code, and return results, just like regular functions."
15,Which code snippet correctly demonstrates passing a function reference as an argument?,"outputConversion(::myFunction, 10.0)","outputConversion(myFunction(), 10.0)","outputConversion(myFunction, 10.0)","outputConversion(myFunction::, 10.0)","Function references are passed using the :: syntax before the function name, without calling it with parentheses."
15,What is the main advantage of using higher-order functions in Kotlin?,They allow functions or lambdas to be passed as arguments or returned as results,They automatically handle exceptions,They do not require parameters,They run faster than regular functions,"Higher-order functions are powerful because they can receive other functions or lambdas as parameters and return them as results, making the code more flexible."
15,How do you declare a function that returns a function as its result?,fun myFunc(): () -> Unit,fun myFunc: fun = return,fun myFunc -> fun(),fun myFunc() -> fun,"In Kotlin, a function that returns another function specifies its return type using the function type syntax, e.g., () -> Unit."
15,What is a function in Kotlin?,A named block of code that performs a specific task,A variable used to store data,An operator used in expressions,A method to define data types,A function is a named block of code that can be called upon to perform a specific task. It can accept parameters and return results.
15,Which syntax assigns a function reference to a variable in Kotlin?,val myVar = ::myFunction,val myVar = fun myFunction,val myVar = myFunction,val myVar = myFunction(),"Using :: before the function name assigns the function itself, not its return value, to a variable, creating a function reference."
15,How can a lambda be directly executed in Kotlin?,By placing parentheses at the end of the expression with any required arguments,By defining it inside a function,By using the call keyword,By using the execute keyword,"A lambda can be executed directly by placing parentheses at the end of the expression, passing in any necessary arguments."
15,What is a lambda expression in Kotlin?,A self-contained block of code that can be passed around as a variable,A type of class,A private method inside a function,An error handling mechanism,"A lambda expression is a block of code that can be defined, passed, and executed independently, allowing functions to be passed as arguments."
15,Which of the following is the correct syntax for a function with a variable number of string parameters?,fun display(vararg strings: String),fun display(Strings: vararg),fun display(strings...: String),fun display(strings: String*),The correct syntax uses the vararg keyword before the parameter type to indicate that the function can accept multiple arguments of that type.
15,What keyword is used to specify that a function can accept a variable number of parameters?,vararg,optional,default,multivar,The vararg keyword is used in Kotlin to allow a function to accept a variable number of arguments of a specified type.
15,What is the purpose of default parameters in Kotlin functions?,To make a parameter optional and use a default value if no argument is passed,To specify the data type of a parameter,To declare multiple parameters with the same name,To make the function private,"Default parameters allow functions to have optional arguments, providing default values when arguments are not explicitly passed."
15,How do you handle return values from a Kotlin function?,By storing the result in a variable using the assignment operator,Using the return keyword,By printing the result inside the function,By calling the function with an argument,Return values from a function can be handled by storing the returned result in a variable using the assignment operator.
15,What is a local function in Kotlin?,A function declared inside another function,A function that can only be used in the main file,A private function,A function that cannot return a value,"A local function is a function declared inside another function, allowing it to access the variables and parameters of the enclosing function."
15,Which of the following is a correct single-expression function that multiplies two numbers?,"fun multiply(x: Int, y: Int) = x * y","fun multiply(x: Int, y: Int): Int { return x * y }",fun multiply x: Int y: Int -> x * y,"fun multiply = (x, y) -> x * y","This is the correct single-expression form of a function in Kotlin, where the return type can be inferred by the compiler."
15,What is a single expression function in Kotlin?,A function that contains a single expression and can be written in a more concise form,A function that has no return type,A function that uses multiple lines of code,A function that only accepts string parameters,A single expression function contains only one expression and can be written concisely using the = symbol followed by the expression.
15,What is the syntax for calling a function named sayHello that takes no parameters and returns no value?,sayHello(),call sayHello(),sayHello{},fun sayHello(),"Functions are called by writing their name followed by parentheses. In this case, sayHello() calls the function named sayHello."
15,Which keyword is used to declare a function in Kotlin?,fun,func,def,declare,"The keyword fun is used to declare a function in Kotlin, followed by the function name, parameters, and return type."
15,What is the difference between parameters and arguments in the context of functions?,"Parameters are defined in the function declaration, and arguments are the actual values passed when calling the function","Parameters are the values passed when calling a function, and arguments are defined inside the function",Parameters and arguments are exactly the same,"Parameters are the data type, and arguments are the value","Parameters are defined in the function declaration to specify what kind of data the function can accept, while arguments are the actual values passed to these parameters when calling the function."
16,What will happen if a class in Kotlin has both a primary constructor and a secondary constructor?,The secondary constructor must delegate to the primary one.,The secondary constructor overrides the primary one.,The primary constructor must delegate to the secondary one.,Both constructors must initialize the same properties.,"In Kotlin, if a class has both a primary and a secondary constructor, the secondary constructor must delegate to the primary constructor using the this keyword."
16,"In Kotlin, how do you call a method of a class instance?",classInstance.methodName(),classInstance::methodName(),call classInstance.methodName,methodName(classInstance),"Dot notation is used to call a method of a class instance in Kotlin, such as classInstance.methodName()."
16,What is the purpose of the 'companion object' in a Kotlin class?,To hold properties and methods that are shared across instances.,To define inner classes.,To create methods that must be overridden.,To create a class hierarchy.,A companion object allows for the creation of properties and methods that are accessible without creating an instance of the class.
16,How many primary constructors can a Kotlin class have?,One.,None.,As many as needed.,Two.,Kotlin classes can only have one primary constructor but can have multiple secondary constructors.
16,What is the output of the following code snippet?,10,An error occurs,0,5,"The init block prints x * 2, which results in 10 when the instance is created with the value 5."
16,Which keyword is used to initialize a property with a specific value when an instance is created in Kotlin?,init,this,constructor,val,The init keyword is used to define an initializer block that runs code during class instance creation.
16,When should you use a custom accessor in Kotlin?,To perform calculations or logic before returning a property.,To hide a property from other classes.,To directly access a property value.,To initialize class properties.,Custom accessors allow developers to perform calculations or other logic before returning or setting a property value.
16,What is a nested class in Kotlin?,A class defined within another class.,A class that extends another class.,A class defined within a function.,A class that implements an interface.,A nested class is defined inside another class and is typically used to group related classes together.
16,Which of the following code snippets creates an instance of a class using a secondary constructor?,val instance = MyClass(123),create instance MyClass(123),val instance = MyClass(),var instance = MyClass.newInstance(123),"To create an instance using a secondary constructor, you call the constructor with the required parameters directly."
16,What is the purpose of the 'val' keyword in a primary constructor parameter?,To create an immutable property.,To make the parameter optional.,To make the property mutable.,To assign a default value.,Using val in a primary constructor creates a read-only (immutable) property for that parameter.
16,Which of the following Kotlin code snippets is correct for adding a secondary constructor?,class MyClass { constructor(number: Int) : this() },class MyClass(number: Int) { constructor() },class MyClass { fun constructor(number: Int) {} },class MyClass constructor(number: Int) {},"A secondary constructor is declared using the constructor keyword and must delegate to the primary constructor if present, using this()."
16,What is an object in Kotlin?,A self-contained module of functionality.,A parent class for all Kotlin classes.,A blueprint for creating classes.,A Kotlin file containing functions.,Objects in Kotlin are self-contained modules of functionality that include properties (data) and methods (functions). They can be used and re-used as building blocks for applications.
16,How do you access a property of a class instance in Kotlin?,classInstance.propertyName,classInstance::propertyName,classInstance->propertyName,classInstance:propertyName,"In Kotlin, dot notation is used to access properties of an instance, such as classInstance.propertyName."
16,What keyword is used to declare a nested class that can access properties of the outer class?,inner,static,class,nested,The inner keyword is used to declare a nested class in Kotlin that can access the properties of its outer class.
16,Which statement is true about companion objects in Kotlin?,They can contain properties and methods shared by all instances.,They can be accessed only through instances.,They must be declared as 'static'.,Each instance has its own companion object.,Companion objects in Kotlin are used to hold properties and methods that are shared among all instances of a class and can be accessed at the class level.
16,How do you declare a custom getter for a property in Kotlin?,val propertyName: Type get(),fun get(),var propertyName: Type get,get propertyName(),A custom getter in Kotlin is defined using val propertyName: Type get() where the getter contains custom logic to return a property value.
16,What is the purpose of an initializer block in Kotlin?,To perform initialization tasks after the constructor.,To define default values for properties.,To override methods from a superclass.,To execute code before the primary constructor.,Initializer blocks in Kotlin are used to perform initialization tasks that are executed after the primary constructor.
16,"In Kotlin, which keyword is used to refer to the current class instance within a class?",this,self,current,super,The this keyword in Kotlin is used to refer to the current instance of the class.
16,What is a primary constructor in Kotlin?,A constructor declared in the class header.,A constructor that can only be used once.,A constructor that initializes a class with default values.,A constructor declared outside the class body.,A primary constructor in Kotlin is declared in the class header and is used to initialize properties directly.
16,Which of the following code snippets correctly creates an instance of a class named Customer?,var customer = Customer(),val customer = new Customer(),customer Customer(),create Customer customer,"In Kotlin, an instance of a class is created using var or val followed by the variable name and Customer() to call the class constructor."
16,How do you declare a class in Kotlin?,class MyClass : ParentClass,declare MyClass(),define MyClass,class MyClass extends ParentClass,The correct syntax for declaring a class in Kotlin is class ClassName : ParentClass. The colon indicates inheritance from a parent class.
16,What is the purpose of data encapsulation in object-oriented programming?,To hide data inside a class and access it through methods.,To create multiple classes with the same properties.,To store data outside the class for easy access.,To allow direct access to class properties.,Data encapsulation is a key concept in object-oriented programming where data is hidden within a class and can only be accessed or modified through defined methods.
16,Which of the following best defines a class in Kotlin?,A class is a blueprint for creating objects.,A class is used to store user input.,A class is a function in Kotlin.,A class is a module of reusable code.,"In Kotlin, a class serves as a blueprint that defines what an object will look like when created, including its properties and methods."
17,What must be included in the subclass if the parent class has a secondary constructor?,A secondary constructor with the same parameters.,An abstract method.,A function call to the 'init' block.,A primary constructor in the subclass.,"If a parent class has a secondary constructor, the subclass must define a secondary constructor that calls the parent’s constructor using the super keyword."
17,Which keyword is used to access the parent class's properties or methods in Kotlin?,super,this,parent,base,The super keyword is used in Kotlin to access the properties or methods of a parent class from within a subclass.
17,What is the benefit of using a secondary constructor in a subclass?,It allows additional properties to be initialized.,It simplifies method overloading.,It allows for multiple inheritance.,It prevents subclassing.,A secondary constructor in a subclass allows for the initialization of additional properties that are unique to the subclass.
17,What is inheritance in Kotlin?,A class that inherits characteristics from another class.,A way to create unrelated class hierarchies.,Creating new classes without any relation.,A method that has the same name but different parameters.,"Inheritance allows a class to derive characteristics (properties and methods) from a parent class, creating a hierarchical relationship."
17,What is the difference between 'open' and 'override' in Kotlin?,"'open' allows inheritance, 'override' modifies inherited methods.",'open' and 'override' have the same function.,"'open' marks a method as final, 'override' marks it as abstract.","'open' is used for methods, 'override' for classes.","open is used to make a method or class inheritable, while override is used to provide a new implementation for a method in a subclass."
17,Which of the following correctly defines a subclass in Kotlin?,class SubClass : ParentClass() { },class SubClass() { },subclass SubClass : ParentClass() { },class SubClass extends ParentClass() { },"To create a subclass in Kotlin, use the syntax class SubClass : ParentClass() where the parent class is specified after the colon."
17,What is single inheritance in Kotlin?,A class inheriting from a single direct parent class.,A class inheriting from multiple parent classes.,A method that overrides another method.,A class that cannot be inherited.,"In Kotlin, single inheritance means that a class can inherit from only one direct parent class, preventing multiple inheritance directly."
17,How do you override a method in Kotlin?,use the 'override' keyword,use the 'extends' keyword,declare the method as 'open',prefix the method with 'super',"In Kotlin, the override keyword is required to override a method from a parent class, ensuring clarity that a method is being overridden."
17,Which of the following is true about the 'super' keyword in Kotlin?,It is used to access methods and properties from a parent class.,It must be used in every subclass method.,It is used to access methods and properties from a subclass.,It can only be used in constructors.,"The super keyword is used to access properties and methods from a parent class, providing a way to extend or customize functionality in subclasses."
17,What is the base class from which all classes in Kotlin are ultimately derived?,Any,Object,Super,Base,"In Kotlin, all classes are ultimately derived from the Any class, which is the root of the class hierarchy and provides basic methods."
17,What happens if you try to override a method that is not declared as 'open' in the parent class?,The code will not compile.,A runtime error will occur.,The method will be overridden without issues.,"The code will compile, but the method will not be overridden.","If a method in a parent class is not declared as open, attempting to override it in a subclass will result in a compilation error."
17,What keyword is used in Kotlin to allow a class to be subclassed?,open,inherit,extend,super,"In Kotlin, the open keyword is used to mark a class as open for inheritance, allowing other classes to subclass it."
17,Why might you want to override a method in a subclass?,To provide a different implementation for the method.,To prevent the method from being inherited.,To restrict access to the method.,To create a new method with the same name.,Overriding allows a subclass to provide a custom implementation of a method that is inherited from its parent class.
17,How do you call a superclass method from an overridden method in Kotlin?,super.methodName(),parent.methodName(),this.methodName(),methodName(),"To call a method from a superclass within an overridden method in Kotlin, you use super.methodName()."
17,What is a class hierarchy?,A relationship where classes are derived from one another.,A set of classes with the same name.,A structure where classes are unrelated.,A collection of interfaces.,"A class hierarchy is a structure in which classes are derived from one another, with parent and child class relationships."
17,Why is the 'open' keyword required before a function to allow it to be overridden?,To allow the function to be overridden in subclasses.,To allow other classes to modify the function.,To prevent the function from being inherited.,To indicate that the function is private.,"In Kotlin, functions must be marked with the open keyword to indicate that they can be overridden by subclasses."
17,What is the term for a class from which a subclass is derived?,Super class,Child class,Root class,Derived class,A super class is the class from which a subclass is derived. It provides methods and properties that the subclass can inherit.
17,What is the purpose of subclassing?,To extend the functionality of a parent class.,To limit access to class members.,To prevent classes from being inherited.,To create a class without any methods.,Subclassing allows a class to inherit properties and methods from a parent class and add or customize functionality as needed.
17,Which method in a subclass allows calling a method with the same name from the parent class?,super.methodName(),parent.methodName(),this.methodName(),override.methodName(),"To call a method from a parent class in Kotlin when it is overridden in a subclass, you use super.methodName()."
17,Which of the following correctly creates a secondary constructor in a subclass?,constructor(number: Int) : super(number),open constructor(number: Int),constructor() { },secondary constructor(),A secondary constructor in a subclass calls the constructor of the parent class using super() and matches the parameter signature.
17,What is required when creating a subclass that has a constructor with parameters?,You must call the parent's constructor using 'super'.,You must initialize the parent class using 'this'.,You must provide default values.,You must make the subclass 'open'.,"When creating a subclass with a constructor that has parameters, you need to call the parents constructor using the super keyword and pass the necessary arguments."
19,Which feature of Android Studio helps visualize Compose layouts as they are written?,Live Preview,Constraint Layout Designer,Data Binding,XML Layout Editor,"The Live Preview feature in Android Studio allows developers to see their Compose UI changes in real-time, streamlining the design and testing process."
19,How does Jetpack Compose help handle different device screen sizes and orientations?,By using Kotlin code to define adaptive layouts with layout managers like Column and Row.,By requiring custom XML files for each screen size.,By relying on third-party plugins.,By using fixed layouts that do not adapt to screen size.,"Compose uses layout managers like Column and Row in Kotlin code to create adaptive layouts that adjust based on screen size and orientation, simplifying the process compared to managing multiple XML layouts."
19,How did Android development handle UI updates before Jetpack Compose?,Code had to be written to manually check and update the UI based on data changes.,UI updates were automatic with no extra code.,Changes in the UI were handled by the Android Emulator.,Developers used Kotlin functions for UI updates.,"Before Compose, developers often needed to write additional code to ensure that the UI reflected changes in data, such as through manual refreshes or frequent checks."
19,Which of the following is an example of a layout manager in Compose?,Column,ConstraintLayout,ListView,RecyclerView,"Compose uses layout managers like Column, Row, and Box to arrange UI components, providing a simpler way to structure the layout compared to XML-based layouts like ConstraintLayout."
19,Which feature of Jetpack Compose allows developers to see changes in real-time while building UI layouts?,Interactive Preview,Live Simulator,XML Preview,Kotlin Compiler,The Interactive Preview in Android Studio allows developers to see a real-time view of their Compose UI changes without needing to build and run the app on a simulator or device.
19,Which of the following is NOT a characteristic of Jetpack Compose?,XML-based layout design,Declarative syntax,Data-driven updates,Composables,"Jetpack Compose replaces the traditional XML-based layout design with a declarative approach written in Kotlin, making it easier to build and manage UI."
19,What is the advantage of Compose's declarative syntax?,It simplifies the process of describing the UI layout and appearance.,It requires more lines of code.,It allows precise manual positioning of UI components.,It only works for simple layouts.,"The declarative syntax of Compose allows developers to define what the UI should look like, while Compose handles the underlying complexity of rendering the layout."
19,Which of the following statements is true about Jetpack Compose's data-driven nature?,UI updates automatically based on changes in the underlying data.,User interactions do not affect UI updates.,UI elements are updated manually based on user input.,Data changes are ignored unless a refresh button is clicked.,"Jetpack Compose automatically updates the UI when the underlying data (state) changes, making it reactive and reducing the need for manual updates."
19,"In Jetpack Compose, what happens when a state used by a UI component changes?",The component is recomposed to reflect the updated state.,The component using the state remains unchanged.,The entire app restarts.,The change is ignored until manually refreshed.,"When a state changes in Jetpack Compose, the component that depends on that state is automatically recomposed, ensuring the UI is always in sync with the current data."
19,Which of the following best describes the term 'recomposition' in Jetpack Compose?,Rebuilding parts of the UI when the underlying state changes.,Manually positioning UI components on the screen.,Re-running the entire app to reflect changes.,The process of debugging errors in a layout.,"Recomposition is the process in Compose where the UI is rebuilt whenever the data it depends on changes, ensuring that the interface always reflects the current state."
19,What role does 'state' play in Jetpack Compose?,It tracks data changes and updates the UI automatically.,It determines the initial theme of the app.,It is used only for navigation between screens.,It handles user authentication.,"State in Compose ensures that any changes to data automatically trigger a UI update, making the user interface reactive to changes without additional code."
19,Why is Jetpack Compose considered more efficient for UI development compared to the traditional XML approach?,It eliminates the need for separate XML files and allows UI to be defined programmatically in Kotlin.,It requires less memory.,It only works on specific Android devices.,It uses only Java for development.,"Composes programmatic approach enables developers to define UI directly in Kotlin, streamlining the process and reducing the need for managing separate XML files."
19,How does Jetpack Compose differ from the previous XML-based layout design in Android?,Compose allows UI to be defined using Kotlin code rather than XML.,Compose does not support data-driven user interfaces.,Compose requires manual handling of screen constraints.,Compose uses XML files for layout design.,"Compose uses a declarative syntax written in Kotlin for defining UI layouts, replacing the need for XML-based layout files."
19,What is the primary goal of Jetpack Compose?,To simplify app development and reduce bugs.,To replace Android Studio with a new IDE.,To make app development more complex.,To enhance XML-based UI design.,"Jetpack Compose aims to make app development easier, faster, and less prone to common bugs by providing a new approach to building user interfaces."
19,What is the purpose of using modifiers in Jetpack Compose?,To set the attributes of UI components.,To access the device's hardware.,To modify XML layout files.,To define activities in an app.,"Modifiers in Jetpack Compose are used to customize the appearance and behavior of UI components, such as adjusting size, padding, color, and alignment."
19,What is a 'composable' in Jetpack Compose?,A function that defines a piece of UI.,A special type of XML layout file.,A Java method used for database access.,A type of activity in Android.,"In Jetpack Compose, a composable is a function annotated with @Composable, which defines a part of the UI that can be reused and combined with other composables."
20,How does Android Studio notify you of available updates for libraries in the version catalog?,It highlights the version number in the catalog file.,It displays a popup message when starting a project.,It sends an email notification.,It automatically updates the libraries.,"Android Studio highlights version numbers in the libs.versions.toml file when a newer version of a library is available, allowing developers to manually update it."
20,How do you add a new library dependency to an Android project using the version catalog?,Declare the library in 'libs.versions.toml' and reference it in the module's build file.,Create a new module for the library.,Add it directly to the project-level Gradle build file.,Include it in the 'res' folder.,"To add a new library, you first declare it in the [libraries] section of libs.versions.toml and then reference it in the dependencies section of the modules build file."
20,What is the purpose of the [versions] section in the version catalog file?,To specify library version numbers.,To define plugin properties.,To store user preferences.,To list all module names.,"The [versions] section in libs.versions.toml is used to define version numbers for libraries, which can then be referenced in other sections of the catalog."
20,Why is it important to use a version catalog in large projects?,To maintain consistency in library versions across multiple modules.,To track file changes more efficiently.,To automatically resolve conflicts between libraries.,To increase the number of libraries used.,"Using a version catalog helps ensure that all modules in a project use the same versions of libraries, reducing inconsistencies and potential conflicts during builds."
20,What is a version catalog in the context of Gradle?,A centralized file that manages library version numbers and dependencies.,A log of all Gradle build errors.,A repository of deprecated libraries.,A list of all files in the project.,"The version catalog is a file named libs.versions.toml that centralizes the management of library versions, allowing for consistent versioning across modules."
20,What is an example of a version reference in 'libs.versions.toml'?,"coreKtx = ""1.12.0""","implementation = ""1.12.0""","alias = ""1.12.0""","androidx-core-ktx = ""1.12.0""","In the [versions] section, version numbers are assigned to variables like coreKtx, which can then be referenced in the [libraries] section and Gradle build files."
20,How do you reference a library in a module-level Gradle build file using the version catalog?,Prefix the library name with 'libs.',Add the library to the 'res' folder.,Reference the library without any prefix.,Directly use the version number.,"To reference a library defined in the version catalog, you use the libs. prefix followed by the name specified in the [libraries] section of libs.versions.toml."
20,What does the 'alias' keyword do in a Gradle build file?,It refers to a plugin defined in the version catalog.,It renames the plugin for easier reference.,It sets the plugin's default configuration.,It creates a copy of the plugin.,The alias keyword in the plugins section of a Gradle build file is used to reference plugins that have been defined in the version catalog.
20,Where is the project-level Gradle build file located in an Android Studio project?,Under 'Gradle Scripts' -> 'build.gradle.kts ()'.,In the 'res' directory.,In the 'src' folder.,Under 'libs' directory.,"The project-level Gradle build file can be found in the Gradle Scripts section, where it defines plugins that are used to build the entire project."
20,What is the purpose of Gradle in an Android Studio project?,"To compile the code, resolve dependencies, and create the installable package.",To design the user interface.,To debug the project code.,To manage the Android Emulator.,"Gradle is the build system used by Android Studio to compile source code, resolve library dependencies, and create the final installable application package."
20,What is the 'libs.versions.toml' file used for?,Managing version numbers and dependencies for libraries and plugins.,Creating user interface layouts.,Handling database configurations.,Storing project metadata.,The libs.versions.toml file is part of the version catalog system and is used to manage version numbers and dependencies for libraries and plugins in a centralized manner.
20,Which of the following is an example of adding a library dependency in a Gradle build file?,implementation(libs.androidx.core.ktx),import(libs.androidx.core.ktx),include(libs.androidx.core.ktx),useLibrary(libs.androidx.core.ktx),"In Gradle, implementation is used to add a library dependency to the build, and when using a version catalog, the library is referenced with the libs. prefix."
20,What is the role of the 'dependencies' section in a module's Gradle build file?,To list the libraries required by the module for a successful build.,To define the user interface components.,To specify the Android SDK version.,To set the app version name and code.,The dependencies section in a modules Gradle build file lists the libraries and plugins that are necessary for that module to compile and run correctly.
21,What is the role of the @Preview annotation?,To display a preview of a composable in the IDE,To convert a composable into a Material component,To make a composable function stateless,To store a composable's state,The @Preview annotation allows developers to view a composables appearance in the IDE without running the full application.
21,How are composable functions typically distinguished in code?,By using the @Composable annotation,By using a 'fun' keyword,By starting with the keyword 'compose',By using the @UIFunction annotation,Composable functions are marked with the @Composable annotation to indicate that they can emit UI elements in Jetpack Compose.
21,Which of the following statements is true about calling functions in composables?,Standard Kotlin functions cannot call composables.,Composables can only call other composables.,Composables cannot accept parameters.,A composable can call any Java method directly.,"While composables can call other composables and standard Kotlin functions, standard Kotlin functions cannot directly invoke composable functions."
21,Which of the following is a stateful composable?,A function that stores a slider's position using 'remember',A function that formats a date string,A function that reads values from a database,A function that displays text,"A function that stores a state, like a sliders position using remember, is considered stateful because it maintains state throughout recompositions."
21,Which component would you use to arrange UI elements in a vertical list?,Column,Row,Box,ModalDrawer,"The Column composable arranges its child elements in a vertical list, making it suitable for stacking items vertically."
21,Which function would you use to add padding around a composable?,Modifier.padding,wrapContent,setPadding,addPadding,The Modifier.padding function is used in Jetpack Compose to add padding around a composable element.
21,Which keyword is used to store state within a composable function?,remember,store,saveState,stateful,The remember keyword is used in composable functions to store a state value that persists across recompositions.
21,What does a composable function emit?,UI elements for rendering,Network requests,Data models,Text strings,Composable functions emit UI elements that the Compose runtime system renders to create the apps user interface.
21,What is the primary purpose of Material Design components in Compose?,To ensure UI consistency with Google's Material guidelines,To manage application state,To create custom themes,To handle network operations,Material Design components follow Googles Material guidelines to ensure consistent UI design in Android apps using Compose.
21,Which of the following is a Foundation component in Jetpack Compose?,Text,Button,Scaffold,AlertDialog,"Text is part of the Foundation components, which provide basic UI functionality without adhering to a specific style or theme."
21,Which component provides a way to define how elements are positioned relative to each other?,Layout,Material,Foundation,Database,Layout components in Compose determine how elements are arranged and behave in relation to each other.
21,Which of the following is NOT a category of built-in composables?,Data Binding,Foundation,Layout,Material Design,"Data Binding is not a category of composables in Jetpack Compose. The categories include Layout, Foundation, and Material Design."
21,What distinguishes a stateful composable function from a stateless one?,"Stateful composables store state values, while stateless ones do not",Stateful composables do not accept parameters,Stateless composables cannot be previewed,Stateless composables are always built-in functions,"Stateful composables store state values using constructs like remember and mutableStateOf, whereas stateless composables rely on external state but do not maintain their own."
21,Which composable allows you to display a list with a scrollable behavior?,LazyColumn,Row,Box,ModalDrawer,"The LazyColumn is a composable that displays a list of items with scrolling capabilities, making it suitable for displaying large lists."
21,Which of the following is an example of a state value?,A checkbox's current setting,The background color of a Text,The name of a composable function,A hardcoded string value,A checkboxs current setting is a state value because it can change during the apps execution and affects the UI.
21,What does the 'remember' keyword do in a composable?,It stores a value that persists across recompositions,It creates a new composable,It saves data to a database,It emits a UI element,remember is used to store a value that needs to be remembered across recompositions in a composable function.
21,What is a composable function in Jetpack Compose?,A special Kotlin function annotated with @Composable to create UI elements,A standard Kotlin function that handles user interactions,A class used for managing UI components in Android apps,A Java function for Android UI development,Composable functions in Jetpack Compose are special Kotlin functions marked with the @Composable annotation. They transform data into user interface elements without returning values like traditional functions.
21,Which composable would you use to create a simple text input field?,BaseTextField,TextBox,TextInput,UserInput,BaseTextField is a Foundation component for creating customizable text input fields in Compose.
22,What is the primary purpose of using the by keyword with state variables in Compose?,To make code more concise when accessing state values,To initialize state variables with a default value,To save state during configuration changes,To prevent state variables from changing,"The by keyword allows the use of property delegates in Kotlin, making the code more concise by eliminating the need to reference the value property directly."
22,What does mutableStateOf do?,Creates a state variable that triggers recomposition when updated,Creates a state variable that cannot be changed,Creates a variable that cannot be observed,Creates a variable that only changes once,"mutableStateOf creates a state variable whose changes are observed, triggering recomposition of functions that read the state."
22,What is the role of the onTextChange function in a TextField?,To update the state value when text changes,To save the text input across configuration changes,To prevent the TextField from being modified,To initialize the TextField with default text,The onTextChange function serves as an event handler that updates the state value whenever the user modifies the text in the TextField.
22,When should you consider using rememberSaveable instead of remember?,When state needs to be retained through device rotations,When initializing variables with default values,When recomposition should be prevented,When state should not persist across configuration changes,"rememberSaveable is used when state must persist through configuration changes like device rotations, whereas remember only retains state during recompositions."
22,What happens when a configuration change occurs in Compose?,The activity is destroyed and recreated with new state values,The app continues without any change,Only the affected composable functions are recomposed,State values are preserved automatically,"Configuration changes, like device rotations, result in the destruction and recreation of the activity, which resets state unless managed with rememberSaveable."
22,Why is intelligent recomposition important in Compose?,It recomposes only functions directly affected by state changes,It allows state to be modified directly by child functions,It recomposes the entire UI on every state change,It prevents any recompositions from occurring,"Intelligent recomposition ensures that only the functions affected by a state change are recomposed, improving performance by avoiding unnecessary updates."
22,What happens if you forget to use remember with a mutable state in Compose?,The state will be re-initialized on every recomposition,The state will trigger recompositions,The state will be retained across recompositions,The state will be preserved through configuration changes,"Without using remember, the state will be reset each time the function is recomposed, as the state is not retained between calls."
22,Which function is best suited for saving state during configuration changes like screen rotations?,rememberSaveable,statefulCompose,mutableStateOf,remember,"The rememberSaveable function is specifically designed to retain state through configuration changes, making it ideal for preserving values across events like screen rotations."
22,What is unidirectional data flow in Compose?,An approach where state flows downwards and events flow upwards,A technique where child composables can modify parent state directly,A method of preventing recomposition in Compose,A way to save state during configuration changes,"In unidirectional data flow, state is passed down to child composables, while changes to state are communicated upward through event handlers."
22,What does the rememberSaveable function do?,Retains state across recompositions and configuration changes,Prevents state changes during recomposition,Ensures that state is only remembered during the initial run,Re-initializes state after every recomposition,The rememberSaveable function preserves state not only through recompositions but also through configuration changes like screen rotations.
22,Which function is used to make a composable function respond to state changes?,mutableStateOf,setState,saveableState,statefulCompose,"The mutableStateOf function creates a state variable that triggers recomposition when its value changes, allowing the UI to respond to state updates."
22,Which of the following is a key benefit of hoisting state?,Allowing state to be shared among multiple child composables,Retaining state through recompositions,Making a child composable directly manipulate state,Ensuring state is only remembered during initial rendering,"Hoisting state to a common ancestor allows the state to be passed down to multiple children, facilitating communication between different composables."
22,Why is the remember keyword not sufficient for retaining state during screen rotation?,"It only retains state through recompositions, not configuration changes",It is used for saving state to a database,It automatically saves state through configuration changes,It does not allow state to change,"remember helps retain state across recompositions but does not handle configuration changes like screen rotations, where the entire activity is destroyed and recreated."
22,What is state in Compose?,A value that can change over time and is remembered during recompositions,A value that remains constant throughout the app lifecycle,A value that only changes during app initialization,A standard variable that changes during execution,"In Compose, state refers to values that can change over time and need to be remembered during recompositions, unlike standard variables that are re-initialized each time."
22,How can state be made accessible to multiple child composables?,By hoisting state to the closest common ancestor,By using multiple state variables in each child,By declaring state directly in each child,By ignoring recomposition in child components,"Hoisting state to a common ancestor allows that state to be passed down to multiple child composables, enabling shared access to the state."
22,Why is remember used when declaring a state variable?,To remember the state value across recompositions,To enable the state to persist through configuration changes,To prevent the state from being updated,To ensure that the state is re-initialized with each recomposition,The remember function ensures that the state variable retains its value across multiple recompositions of a composable function.
22,What is the benefit of state hoisting?,To make a composable function stateless and easier to reuse,To keep state local to a single composable function,To prevent recomposition in child composables,To directly manipulate state from child functions,"State hoisting involves moving state to a parent composable, making the child composable stateless and therefore more reusable and easier to manage."
22,What is recomposition in the context of Compose?,The process of calling a composable function again when a state changes,The creation of new composable functions,The process of saving state through configuration changes,The initialization of variables in a new project,"Recomposition occurs when Compose detects a state change, leading to the re-execution of composable functions affected by that state change."
22,What is the advantage of using a stateless composable?,It is simpler and easier to test,It is tightly coupled to its parent,It directly manipulates state without needing event handlers,It cannot be reused in other parts of the app,"Stateless composables are easier to test and reuse because they do not manage state themselves, instead relying on state passed down from parent functions."
23,What is the default behavior of state declared using CompositionLocal?,It is only accessible within the branch of the tree where it is assigned,It can be accessed without being remembered,It is accessible globally across all composables,It automatically persists through configuration changes,"State provided using CompositionLocal is local to the branch of the composable tree where it is assigned, meaning it is only accessible to composables below that point in the tree."
23,Which of the following is an example of using CompositionLocal incorrectly?,Using CompositionLocal for frequently changing UI elements,Using staticCompositionLocalOf for a theme color,Accessing the current property of a CompositionLocal instance,Assigning different values in different branches of the tree,"CompositionLocal is best suited for state that does not change frequently. For frequently changing UI elements, direct state passing or other mechanisms might be more efficient."
23,What is a key advantage of using CompositionLocal over passing state down directly?,It reduces the verbosity of passing state through each intermediate composable,It ensures state is preserved across recompositions,It allows for a single global state across the app,It eliminates the need for state hoisting,CompositionLocal simplifies the process by allowing state to be accessed without passing it explicitly through every composable in the hierarchy.
23,Which of the following is a benefit of using CompositionLocal?,It simplifies passing state through deeply nested composable trees,It allows state to be hoisted to a higher composable,It makes state accessible across all screens in an app,It prevents recomposition in the entire tree,CompositionLocal is particularly useful when you want to make state available to deeply nested composables without needing to pass it down manually through each level.
23,What does staticCompositionLocalOf provide?,A state holder that is designed for infrequent changes,A way to share data across different activities,A mutable state that changes frequently,A static reference that prevents recomposition,"staticCompositionLocalOf is ideal for state that doesnt change often, as it will recompose the entire tree below where the value is provided if a change does occur."
23,How is the value of a CompositionLocal accessed in a composable?,By referencing the current property of the CompositionLocal instance,By directly using the state variable name,By calling the getValue() method,By using the remember function,"To access the value provided by a CompositionLocal, you use the current property of the instance, such as LocalColor.current."
23,What is the function used to create a CompositionLocal instance?,compositionLocalOf,remember,saveableStateHolder,mutableStateOf,The compositionLocalOf function is used to create an instance of CompositionLocal that can hold state for use in a composable hierarchy.
23,What is the effect of refreshing the Preview panel in Android Studio after modifying CompositionLocal values?,It updates the preview to reflect the changes made in the code,It automatically saves the current state of the app,It re-runs the app on a physical device,It compiles the app to check for syntax errors,Refreshing the Preview panel in Android Studio will update the displayed UI to reflect any changes made to the CompositionLocal values in the code.
23,In which scenario is compositionLocalOf() preferred over staticCompositionLocalOf()?,When state values change frequently and need partial recomposition,When you need to persist state across configuration changes,When state should not change during the app's lifetime,When state values are constant throughout the app,"compositionLocalOf() is preferred when state values change often, as it limits recomposition to only those composables that directly access the state."
23,What type of value does CompositionLocal store?,Any type of state that can be shared among composables,Only colors and themes,Network configurations and data models,Only strings and integers,"CompositionLocal can store any type of data that needs to be accessible to descendant composables, making it versatile for various use cases."
23,What does CompositionLocalProvider do?,It sets a value to a CompositionLocal and makes it available to children composables,It initializes a CompositionLocal instance,It recomposes the entire composable tree,It saves state during configuration changes,"CompositionLocalProvider is used to assign a value to a CompositionLocal, allowing descendant composables to access that value."
23,What is a disadvantage of using staticCompositionLocalOf for frequently changing state?,"It causes the entire subtree to recompose, which can be inefficient",It cannot store complex objects,It prevents the use of default values,It requires passing the state through each composable,Using staticCompositionLocalOf for state that changes frequently can be inefficient because it triggers recomposition for the entire subtree below where the state is provided.
23,What is the role of the default value in compositionLocalOf()?,To provide a fallback value when no explicit value is set,To prevent recomposition when no value is provided,To define the type of data the CompositionLocal will store,To ensure the state is persistent across configuration changes,The default value specified in compositionLocalOf() acts as a fallback when no specific value is provided through a CompositionLocalProvider.
23,Which object can provide a value to a CompositionLocal?,CompositionLocalProvider,stateProvider,saveableProvider,remember,CompositionLocalProvider is used to assign a value to a CompositionLocal and make it available to its descendant composables.
23,What happens when the value of a CompositionLocal changes?,The entire tree below where the value is assigned is recomposed,All composables in the app are recomposed,No recomposition occurs,Only the specific composable where the state changes is recomposed,"When a CompositionLocal value changes, the subtree below the point where the value is provided is recomposed, reflecting the updated state."
23,What is the purpose of CompositionLocal in Jetpack Compose?,To make state accessible to composables lower in the tree without passing through intermediaries,To pass state down through every intermediate composable,To make state available to all composables globally,To ensure state is retained across configuration changes,CompositionLocal allows state to be provided at a high level and accessed by descendant composables without needing to pass it explicitly through each intermediate composable.
23,When should you use staticCompositionLocalOf() instead of compositionLocalOf()?,When state changes are infrequent and a full recomposition of the subtree is acceptable,When state should be passed through all intermediate composables,When state is expected to change frequently,When you want to prevent recompositions in descendant composables,"The staticCompositionLocalOf() function is best used when state changes infrequently, as it causes the entire tree beneath the point where the state is assigned to recompose."
23,What happens if a CompositionLocal value is not provided?,The default value specified in compositionLocalOf() is used,A runtime error occurs,The value is inherited from the parent composable,The composables will fail to compile,"If no specific value is provided for a CompositionLocal, it will use the default value defined when the compositionLocalOf() instance was created."
24,What is a slot API in the context of Jetpack Compose?,A way to allow dynamic insertion of other composables into a defined slot,A method for defining fixed content in a composable,A function that ensures state is preserved across configuration changes,An interface for connecting Compose with external libraries,"A slot API allows a composable to accept other composables as parameters, enabling dynamic content to be provided when the function is called."
24,What type is typically used to indicate that a composable slot function does not return a value?,Unit,Nothing,void,null,"Unit is used in Kotlin to indicate that a function does not return a value, similar to void in other programming languages."
24,How many slot parameters can a composable function have?,As many as needed,Two,Three,Only one,"A composable function can have multiple slot parameters, making it possible to define various parts of the layout that can be dynamically filled with different content."
24,What does it mean for a composable to be a 'user interface template' with a slot API?,It allows the layout to be dynamically filled with content provided at runtime,It manages the state of other composables,It can only be used for predefined content,It is a fixed template that cannot be modified,A composable with a slot API acts as a template where specific parts can be filled with different content when the function is called.
24,Why might you use multiple slots in a composable?,To allow different parts of the layout to be customized independently,To enforce a single layout structure,To avoid using the Column function,To reduce the number of composable functions needed,"Using multiple slots lets different parts of the layout be customized independently, providing more flexibility in how the composable can be used."
24,What happens if you call a slot function without passing a composable for each slot?,The function will use the default parameter values if provided,The composable will display a blank space,The function will throw an error,The function will automatically fill in with Text composables,"If a slot parameter has a default value, it will use that value when none is provided during the call."
24,What advantage does a slot API provide when designing custom composables?,It enables other developers to pass their own content into the composable,It simplifies state management,It allows for hardcoded layouts,It prevents recomposition of the UI,Slot APIs make composables more flexible and reusable by allowing other developers to customize the content that appears in specific parts of the UI.
24,Which of the following is an example of using a slot API?,A composable that takes another composable as a parameter to determine part of its content,A function that calls another function without parameters,A composable that contains fixed layout elements,A composable that always displays a Text component,"A slot API involves passing a composable to another composable, allowing dynamic content to be inserted into a predefined slot."
24,"In the context of a slot API, what does the term 'template' mean?",A structure that allows for dynamic content insertion,A placeholder for static content,A predefined and unchangeable UI layout,A method for storing state,"A composable with a slot API acts as a template, meaning it provides a structure into which dynamic content can be inserted, making it adaptable to different needs."
24,How do you ensure that a composable parameter is treated as a slot?,Declare the parameter as @Composable () -> Unit,Wrap the parameter in a Column,Use the remember function,Use the slot keyword,"To create a slot in a composable function, the parameter is declared as @Composable () -> Unit, allowing it to accept another composable as input."
24,Which built-in Compose functions often use slot APIs?,Scaffold and AlertDialog,Column and Row,LazyColumn and LazyRow,Text and Button,Scaffold and AlertDialog are examples of built-in Compose functions that use slot APIs to allow developers to customize their content dynamically.
24,How is a composable function defined to accept a slot as a parameter?,By declaring a parameter with the @Composable () -> Unit type,By using the remember function,By specifying a generic parameter,By using the @Slot annotation,"To accept a slot, a composable function declares a parameter of type @Composable () -> Unit, which allows another composable to be passed in."
24,Why would you use a slot API instead of hardcoding content in a composable?,To make the composable more dynamic and reusable,To make the composable only usable in one place,To improve the performance of the app,To restrict the types of components that can be displayed,"A slot API allows the content of a composable to be specified at runtime, making it more flexible and reusable for different purposes."
24,What is the benefit of using the shorthand syntax for slot API calls?,It reduces the amount of code needed to specify content,It ensures type safety,It is the only way to pass parameters to slot functions,It makes the slot parameters mutable,"The shorthand syntax simplifies the code, making it easier to read and write, especially when providing content for a single slot."
24,What is the significance of the Unit return type in slot API parameters?,It specifies that the parameter does not return a meaningful value,It indicates that the parameter can return any value,It restricts the type of composables that can be passed in,It ensures that the parameter is nullable,"The Unit type is used to indicate that a function does not return any meaningful value, making it suitable for slot API parameters."
24,Which syntax is more concise when calling a composable function with a single slot?,SlotDemo { ButtonDemo() },SlotDemo(ButtonDemo()),SlotDemo(middleContent = { ButtonDemo() }),SlotDemo(middleContent = ButtonDemo),"Using the shorthand syntax allows for a more concise call, especially when there is only one slot parameter."
24,Why is a slot API considered more flexible than a standard composable function?,It can accept dynamic content determined at runtime,It enforces a specific layout structure,It always displays the same UI elements,It allows for fewer composable functions,"Slot APIs allow the caller to pass in different composable functions, making the content of the composable function flexible and adaptable to different situations."
24,What does the term 'slot' refer to in the context of slot APIs?,A placeholder for dynamic content in a composable,A predefined layout constraint,A place where state is stored,A memory allocation in a Compose runtime,A slot is a placeholder in a composable where other content can be inserted dynamically when the composable is used.
26,Why is the order of chained modifier methods important?,It changes how modifiers are applied to a composable,It affects the order of composable rendering,It only matters for layout constraints,It determines the size of the composable,"The order in which modifier methods are chained can change the final appearance of a composable. For example, applying padding before or after a border will affect whether the padding appears inside or outside the border."
26,What is the correct way to make a modifier optional in a custom composable function?,By setting a default value of Modifier,By using the remember keyword,By using a nullable modifier,By omitting the modifier parameter,"To make a modifier optional in a custom composable, you can set its default value to a blank Modifier instance, allowing the function to be called without explicitly passing a modifier."
26,How is the Modifier object used when defining a custom composable?,It is passed as a parameter to control appearance and behavior,It is required for all composable functions,It is used to handle navigation logic,It is used to store the composable's state,"Modifiers are passed as parameters to control the appearance and behavior of custom composables, such as adding padding or changing alignment."
26,What is the result of applying Modifier.fillMaxHeight() to a composable?,The composable will fill the height allowed by its parent,The composable will fill the width of its parent,The composable will occupy the entire screen,The composable will wrap its content,Applying Modifier.fillMaxHeight() causes the composable to expand to use the maximum height available within its parent container.
26,What is the function of Modifier.clip() in Compose?,To apply a shape mask to the composable's content,To adjust the padding of a composable,To resize a composable to a fixed size,To set a background color,"Modifier.clip() is used to clip the content of a composable to a specified shape, such as a rounded corner shape."
26,What will happen if you apply padding before a border in a modifier chain?,The border will be placed inside the padding,The padding will appear inside the border,The padding will be ignored,The border will become thicker,"If padding is applied before a border, the border will be placed inside the padding, meaning the padding space will be outside the border."
26,Which method would you use to make a composable fill the available width of its parent?,Modifier.fillMaxWidth(),Modifier.fillWidth(),Modifier.Width(Modifier.maxWidth),Modifier.fillMaxSize(),The Modifier.fillMaxWidth() method makes a composable expand to fill the entire width allowed by its parent container.
26,Which modifier is used to draw a border around a composable?,Modifier.border(),Modifier.box(),Modifier.outline(),Modifier.clip(),"The Modifier.border() method is used to draw a border around a composable, specifying the width, color, and other attributes of the border."
26,What is a common use of the Modifier.clip() method?,To apply rounded corners to an image,To resize a composable,To center-align text,To draw a border around content,"Modifier.clip() is often used to apply a specific shape, such as rounded corners, to a composables content."
26,How can you combine two different modifiers when applying them to a composable?,By chaining them together using the then() method,By applying them in separate lines,By separating them with a comma,By using the merge() function,"Modifiers can be combined using the then() method, which allows multiple Modifier objects to be applied sequentially to a single composable."
26,Which object is foundational for building modifiers in Compose?,Modifier,ModifierConfig,ComposeModifier,UIConfiguration,The Modifier object is a built-in Compose object used to configure appearance and behavior for composables through various methods.
26,How can a modifier be applied to a Text composable?,By passing it as an argument in the Text call,By using a state parameter,By calling it within a Column,By using a special annotation,Modifiers can be applied to a Text composable by passing the Modifier object as a parameter when calling the Text function.
26,What is the primary purpose of a modifier in Jetpack Compose?,To change the appearance and behavior of composables,To manage state in composables,To create new composable functions,To manage navigation between screens,"Modifiers allow developers to customize how composables appear and behave by applying various settings like padding, borders, and sizes."
26,What is the effect of the Modifier.then() method?,It combines multiple modifiers into one,It discards all previous modifier settings,It overrides the existing modifier,It only works with padding modifiers,"The Modifier.then() method allows combining two or more Modifier objects into a single Modifier, making it easier to apply multiple configurations to a composable."
26,Why is it recommended to add modifier support to custom composables?,It makes the composable more flexible and configurable,It ensures better performance,It prevents recomposition,It reduces the number of composables needed,"Adding modifier support to custom composables allows developers to adjust the composables appearance and behavior, making it more adaptable to different use cases."
26,Which modifier would you use to rotate a composable by a specified number of degrees?,Modifier.rotate(),Modifier.orient(),Modifier.spin(),Modifier.angle(),The Modifier.rotate() method rotates a composable around its center point by a specified number of degrees.
26,What is the effect of the Modifier.scrollable() method?,It enables scrolling for content that overflows,It adds padding around the content,It resizes content to fit within the screen,It clips content to a specified shape,"The Modifier.scrollable() method makes a composable scrollable when its content exceeds the viewable area, allowing users to navigate through the overflowed content."
26,How can multiple settings be applied to a modifier in Compose?,By calling multiple methods sequentially on a Modifier instance,By creating separate modifiers for each setting,By using the remember function,By overriding the composable function,"Modifiers allow method chaining, so you can call multiple methods on the same Modifier instance to apply several settings like padding and borders."
28,Which parameter would you use to center elements vertically within a Row?,verticalAlignment,arrangement,centerAlignment,horizontalAlignment,"The verticalAlignment parameter centers elements vertically within a Row, positioning them in the middle of the available space along the vertical axis."
28,Which parameter allows you to control the space between elements in a Column?,verticalArrangement,verticalSpacing,horizontalArrangement,padding,The verticalArrangement parameter controls the spacing between elements along the vertical axis in a Column.
28,What is the result of setting verticalArrangement to Arrangement.Bottom in a Column composable?,Aligns content at the bottom of the Column,Aligns content at the top of the Column,Spreads content evenly across the Column,Centers content vertically,Setting verticalArrangement to Arrangement.Bottom aligns the Columns children at the bottom of the available space within the Column.
28,Which function would you use to align child components within the scope of a Column composable?,align(),padding(),spaceAround(),alignBy(),"The align() function is used within the scope of a Column to align child components horizontally, such as aligning them to the start, center, or end."
28,What effect does the horizontalArrangement parameter have on a Column composable?,It aligns children horizontally within the Column,It arranges children along the vertical axis,It sets padding between children,It changes the text size of children,The horizontalArrangement parameter in a Column controls how its children are aligned horizontally within the Columns content area.
28,How do Row and Column composables differ in terms of arrangement properties?,"Row uses horizontalArrangement, while Column uses verticalArrangement","Row uses verticalArrangement, while Column uses horizontalArrangement",Both use the same arrangement properties,Arrangement properties only apply to Rows,"Row composables use the horizontalArrangement parameter for positioning children horizontally, while Column composables use verticalArrangement for positioning children vertically."
28,What is the role of the verticalAlignment parameter in a Row composable?,To align the Row's children along the vertical axis,To set the background color of a Row,To center-align text within a Text composable,To arrange children horizontally,"The verticalAlignment parameter in a Row is used to align the Rows children along the vertical axis, such as aligning them at the top, center, or bottom."
28,What alignment value would you use to align a Column's content at the center horizontally?,Alignment.CenterHorizontally,Alignment.CenterVertically,Alignment.End,Alignment.Start,Alignment.CenterHorizontally is used to center-align a Columns content along the horizontal axis.
28,How would you evenly distribute space around children in a Row composable?,Set horizontalArrangement to Arrangement.SpaceEvenly,Use Modifier.padding() for each child,Set horizontalAlignment to Alignment.CenterHorizontally,Set verticalAlignment to Alignment.Center,"Arrangement.SpaceEvenly evenly distributes space before, between, and after children in a Row, making it suitable for layouts where equal spacing is required."
28,What is the purpose of the weight modifier when used with Row or Column children?,To divide space proportionally between children,To change the color of a composable,To adjust the alignment of a composable,To increase the size of a composable,The weight modifier allows Row or Column children to share space proportionally based on the specified weight values.
28,Which composable would you use to align child elements vertically in Jetpack Compose?,Column,Scaffold,Card,Row,"The Column composable arranges its children vertically, stacking them one on top of the other."
28,What is the difference between the verticalAlignment parameter of a Row and the horizontalAlignment parameter of a Column?,"verticalAlignment aligns children along the vertical axis, while horizontalAlignment aligns along the horizontal axis",They are used to set padding for the composable,Only horizontalAlignment controls child positions,They both control alignment along the same axis,"The verticalAlignment parameter of a Row aligns children along the vertical axis, while the horizontalAlignment parameter of a Column aligns children along the horizontal axis."
28,What happens if a Row composable's child does not have a weight modifier?,It occupies only the space needed for its content,It is hidden by default,It takes up all available space,It is automatically aligned to the center,"A Row child without a weight modifier will occupy only the space required for its content, while other children with weight modifiers share the remaining space."
28,How does Arrangement.SpaceBetween affect the positioning of elements in a Row?,Adds equal spacing between elements without leading or trailing space,Centers elements horizontally,Adds equal spacing before the first and after the last element,Adds no space between elements,Arrangement.SpaceBetween adds equal spacing between elements but does not add space before the first or after the last element in a Row.
28,How does the Column composable handle alignment by default?,Aligns content to the top-left,Aligns content to the bottom-right,Centers content horizontally and vertically,Spreads content evenly across the screen,"By default, a Column composable aligns its children to the top-left of its content area unless other alignment settings are specified."
28,What is the effect of using the alignByBaseline() modifier in a Row?,It aligns the baseline of text elements,It sets the background color,It increases the padding between elements,It centers text elements horizontally,"The alignByBaseline() modifier aligns text elements within a Row based on their baselines, making it useful for aligning text of different sizes."
28,Which scope modifier would you use to control the height of a child relative to its siblings in a Column?,Modifier.weight(),Modifier.align(),Modifier.padding(),Modifier.offset(),"The weight() modifier allows you to control the height of a child in a Column relative to its siblings, distributing space based on the specified weight."
28,Which alignment value should you use with Column's horizontalAlignment parameter to center content?,Alignment.CenterHorizontally,Alignment.Top,Alignment.Bottom,Alignment.Start,Alignment.CenterHorizontally is used with a Columns horizontalAlignment parameter to center content along the horizontal axis.
28,What is the primary purpose of the Row composable in Jetpack Compose?,To arrange children horizontally,To align children vertically,To manage navigation between screens,To handle user interactions,"The Row composable arranges its children horizontally, displaying them side by side on the screen."
29,What is the purpose of using a Surface component inside a Box in Jetpack Compose?,To provide an opaque background for composables like Text,To set the background color of the Box,To align children to the center,To clip the Box to a custom shape,"The Surface component is used inside a Box to give composables like Text an opaque background, helping to distinguish overlapping components."
29,Which BoxScope modifier aligns a child to the bottom right of the Box?,align(Alignment.BottomEnd),contentAlignment = Alignment.BottomEnd,align(Alignment.Center),matchParentSize(),The align() modifier with Alignment.BottomEnd places the child at the bottom-right corner within the Box.
29,What happens if you add multiple TextCell elements with the same size to a Box composable?,They overlap each other,They are spaced evenly,They are arranged in a horizontal row,They are arranged in a vertical column,"In a Box composable, children are stacked on top of each other, so multiple elements with the same size will overlap."
29,How can you render a Box with a shape that has cut corners?,Use CutCornerShape with the clip() modifier,Use RoundedCornerShape with a large radius,Apply a border modifier with a large size,Set contentAlignment to Alignment.TopCenter,Using the clip() modifier with CutCornerShape creates a Box with cut corners.
29,How does the Box composable differ from Row and Column?,"Box stacks children, while Row and Column arrange them in lines","Box supports scrolling, while Row and Column do not",Box arranges children vertically like Column,Box arranges children horizontally like Row,"Unlike Row and Column, which align children in a horizontal or vertical line, Box stacks children on top of each other."
29,Which modifier would you use to add a solid border to a Box's child element?,border(),padding(),align(),clip(),"The border() modifier is used to add a solid border around a composable, such as a child element within a Box."
29,Which of the following values can be assigned to the contentAlignment parameter of a Box?,Alignment.TopStart,Alignment.End,Alignment.Start,Arrangement.Center,"Alignment.TopStart is one of the options for positioning children within a Box, aligning them to the top-left corner."
29,How would you modify a Box to display its child in the bottom-left corner?,Use contentAlignment = Alignment.BottomStart,Use matchParentSize() modifier,Set horizontalAlignment to Alignment.Bottom,Apply a border to the Box,Setting contentAlignment to Alignment.BottomStart positions the child at the bottom-left corner of the Box.
29,"In a Box composable, which child is displayed at the top?",The last child declared,All children are displayed equally,It depends on the alignment settings,The first child declared,"In a Box composable, the last child declared is positioned at the top of the stack, making it the most visible if children overlap."
29,Which parameter is used to control the overall alignment of children within a Box?,contentAlignment,verticalAlignment,arrangement,alignment,The contentAlignment parameter is used to control how all children are aligned within the Box.
29,What is the primary function of the Box composable in Jetpack Compose?,To stack children on top of each other,To handle navigation between screens,To arrange children horizontally,To arrange children vertically,"The Box composable stacks its children on top of each other, with the first child positioned at the bottom of the stack."
29,How do you make a child of a Box composable fill the entire size of the Box?,Use the matchParentSize() modifier,Set a fixed size using the size() modifier,Set the contentAlignment parameter,Use the align() modifier,The matchParentSize() modifier ensures that a child component fills the entire size of its parent Box.
29,Which BoxScope modifier ensures a child takes up the same size as the parent Box?,matchParentSize(),fillMaxSize(),clip(),wrapContentSize(),"The matchParentSize() modifier makes a child take up the full size of its parent Box, matching its height and width."
29,What parameter of the Box composable allows you to position children within the Box's content area?,contentAlignment,verticalArrangement,alignment,horizontalAlignment,The contentAlignment parameter allows you to specify the positioning of children within the Boxs content area.
29,What is the result of applying the clip() modifier with a CircleShape to a Box composable?,It makes the Box circular in shape,It adds padding to the Box,It rotates the Box by 90 degrees,It changes the background color of the Box,"The clip() modifier with CircleShape clips the Box to a circular shape, changing the appearance of the Box to a circle."
29,"When using the align() modifier in BoxScope, what does the Alignment.Center value do?",Centers the child within the Box,Positions the child at the bottom,Stretches the child to fill the Box,Aligns the child to the left,Using align(Alignment.Center) positions the child in the center of the Boxs content area.
29,What is the effect of applying the paddingFrom() modifier in a Box?,It adds padding around the child within the Box,It clips the Box to a circular shape,It changes the color of the Box,It aligns the Box content to the center,"The paddingFrom() modifier allows you to add padding to a child composable, creating space around it within its parent."
29,What is the default alignment of children in a Box composable?,TopStart,Center,BottomStart,CenterEnd,"By default, children in a Box composable are aligned to the top-left corner (Alignment.TopStart) of the Boxs content area."
29,What effect does the Surface component have when used with a Text composable inside a Box?,It provides an opaque background to the text,It adds shadows to the text,It makes the text background transparent,It increases the font size of the text,"The Surface component is used to provide an opaque background for the Text composable, making it easier to distinguish overlapping text in a Box."
29,Which shape would you use with the clip() modifier to create a Box with rounded corners?,RoundedCornerShape,CutCornerShape,RectangleShape,CircleShape,RoundedCornerShape is used with the clip() modifier to give a Box rounded corners.
30,What does the align() modifier do when used in a FlowRow?,Aligns items vertically within each row,Aligns items along the horizontal axis,Controls the order of item flow,Changes the color of the FlowRow,"The align() modifier in FlowRow adjusts the vertical alignment of individual items within their row, useful for content with varying heights."
30,Which arrangement property would you use to position FlowColumn items at the bottom of the column?,verticalArrangement = Arrangement.Bottom,maxItemsInEachColumn = 5,align(Alignment.CenterVertically),horizontalArrangement = Arrangement.End,Using verticalArrangement = Arrangement.Bottom positions items at the bottom of the FlowColumn.
30,In which scenario is a FlowRow composable preferred over a Row?,When items vary in size and the layout needs to adapt to screen changes.,When the number of items and their sizes are static.,When arranging items without any overflow management.,When items need to align to a fixed grid structure.,FlowRow is ideal for scenarios where the content varies in size or number and needs to adapt dynamically to changes in screen size.
30,What happens if a FlowRow item with fillMaxWidth(0.7f) does not have enough space to fit in the current row?,It flows to the next row.,It occupies 100% of the width.,It throws an error.,It shrinks to fit the space.,"If a FlowRow item with a specified width using fillMaxWidth() cannot fit, it will flow to the next row to maintain the specified width."
30,What is the purpose of the horizontalArrangement parameter in a FlowColumn?,To set spacing between items along the column's horizontal axis.,To arrange items in different rows.,To limit the number of columns.,To control spacing between items along the column height.,The horizontalArrangement parameter controls the spacing of items along the horizontal axis of a FlowColumn.
30,What happens if you do not set a limit for maxItemsInEachRow in a FlowRow?,Items flow onto the next row when space runs out.,It defaults to a maximum of 10 items per row.,All items will be displayed in a single row regardless of space.,It throws an error during compilation.,"By default, FlowRow will automatically flow items onto the next row when it runs out of space."
30,Which parameter of FlowRow controls the spacing between items along the horizontal axis?,horizontalArrangement,contentAlignment,verticalArrangement,horizontalSpacing,The horizontalArrangement parameter in FlowRow controls the spacing between items along the horizontal axis.
30,What property of FlowColumn controls the maximum number of items that can appear in a single column?,maxItemsInEachColumn,weight,columnItems,verticalItemCount,The maxItemsInEachColumn property restricts the maximum number of items that can be displayed in a single column before flowing onto the next column.
30,What effect does the weight() modifier have in a Flow layout?,It sets the height or width of an item relative to its siblings.,It arranges items in a fixed order.,It sets a maximum limit for items per row.,It controls the alignment of items.,"The weight() modifier controls the size of an item relative to the other items in the same Flow layout, allowing flexible distribution of space."
30,What does the fillMaxHeight() modifier do when applied to a FlowColumn item?,It makes the item take up the entire column height.,It centers the item vertically.,It makes the item occupy 50% of the column height.,It distributes space evenly among all items.,The fillMaxHeight() modifier allows an item to expand and take up the full height of the FlowColumn.
30,Which arrangement option evenly distributes space between items in a FlowRow without extra space at the ends?,Arrangement.SpaceBetween,Arrangement.Spacing,Arrangement.SpaceAround,Arrangement.Distribute,Arrangement.SpaceBetween evenly distributes space between items without adding extra space before the first and after the last item.
30,How do FlowRow and FlowColumn improve upon Row and Column in Compose?,"They allow items to overflow onto new rows or columns, offering dynamic adaptability.",They restrict the layout to a fixed number of items per row.,They automatically adjust child composables to a fixed size.,They provide better support for static layouts.,FlowRow and FlowColumn handle dynamic content better by allowing items to move to new rows or columns when there is insufficient space.
30,How can you make an item in a FlowRow occupy all the remaining space in a row?,Apply the weight() modifier with a value of 1f,Set the maxItemsInEachRow property,Use the align() modifier,Use horizontalArrangement = Arrangement.FillMax,Applying the weight() modifier with a value of 1f allows the item to take up the remaining space in the FlowRow.
30,How do you control the spacing between items in a FlowColumn along the vertical axis?,verticalArrangement,horizontalArrangement,verticalSpacing,alignment,The verticalArrangement parameter controls the positioning and spacing of items along the vertical axis in a FlowColumn.
30,Which of the following best describes the behavior of FlowRow and FlowColumn?,They allow items to flow dynamically onto new rows or columns when space is insufficient.,They are limited to displaying a fixed number of items.,They arrange items in a fixed grid structure.,They do not support weight-based sizing.,FlowRow and FlowColumn automatically move items onto new rows or columns when the current row or column does not have enough space.
30,Which modifier is useful for aligning items within a FlowColumn when items have different widths?,align(Alignment.CenterHorizontally),maxItemsInEachColumn,fillMaxHeight(),weight(),Using align(Alignment.CenterHorizontally) helps to center-align items with varying widths within a FlowColumn.
30,How do you ensure a FlowColumn item takes up 50% of the column width?,Use fillMaxWidth(0.5f),Use align(Alignment.CenterHorizontally),Apply weight = 0.5f,Set maxItemsInEachColumn = 0.5,Using fillMaxWidth(0.5f) ensures that the item occupies 50% of the available width in the FlowColumn.
30,What is the primary difference between Row/Column and FlowRow/FlowColumn composables?,FlowRow and FlowColumn are more flexible for handling dynamic content that changes in quantity and size.,FlowRow and FlowColumn are specifically used for aligning text content.,"Row and Column can handle dynamic content, but FlowRow and FlowColumn cannot.","Row and Column automatically adjust to screen size, unlike FlowRow and FlowColumn.","FlowRow and FlowColumn are designed to handle dynamic content by flowing items onto the next row or column when space runs out, making them suitable for content with varying sizes and quantities."
30,Which of the following alignments would center items vertically within a FlowRow?,Alignment.CenterVertically,Alignment.VerticalAlign,Alignment.Center,Alignment.Bottom,Alignment.CenterVertically aligns the items in a FlowRow vertically at the center of their respective rows.
30,Which property would you use to limit the number of items in a single row of a FlowRow?,maxItemsInEachRow,rowItemCount,itemsPerRow,itemWeight,The maxItemsInEachRow property allows you to set a limit on how many items can be placed in each row before flowing onto the next one.
32,Which function is essential for measuring a composable in a custom layout?,measure(),calculateSize(),adjustConstraints(),placeRelative(),The measure() function measures a child composable within the provided constraints to determine its size.
32,When would a custom layout modifier return 'AlignmentLine.Unspecified'?,When the child element does not support baseline alignment.,When the alignment is set to center.,When the child element is too large for the parent.,When the modifier fails to measure the child element.,"AlignmentLine.Unspecified is returned when the child composable does not support baseline alignment, indicating that the alignment line cannot be used."
32,"What is a key limitation of the built-in Row, Column, and Box composables in Compose?",They do not allow custom arrangements or positioning for specific layout needs.,They cannot handle dynamic screen size changes.,They are not able to work with state changes in Compose.,They are not capable of displaying multiple child elements.,"While Row, Column, and Box are versatile, they cannot handle all unique positioning or layout scenarios, especially those that require custom logic. Custom layout modifiers address this limitation."
32,What value would you use with the placeable object to get the baseline alignment of a Text composable?,FirstBaseline,Alignment.End,AlignmentLine.Unspecified,Alignment.Center,"FirstBaseline is used to access the baseline of a Text composable, which helps align text with other elements based on its first line."
32,What type of function can you use to move a composable element within its parent using custom layout logic?,placeRelative(),rotate(),align(),position(),placeRelative() is used within a custom layout modifier to position the child composable at specific coordinates relative to its parent.
32,What parameter does a custom layout modifier use to represent the child element it modifies?,measurable,placeable,modifier,constraints,"In a custom layout modifier, the measurable parameter represents the child composable that is being measured and positioned."
32,Which method is used within a custom layout modifier to obtain measurements for the child composable?,measure(),place(),calculateSize(),layout(),The measure() method is called on the measurable object to obtain the dimensions of the child composable within the constraints.
32,How many times should a child composable be measured within a custom layout modifier?,Only once per layout cycle.,It does not need to be measured.,As many times as needed for accuracy.,Twice for proper positioning.,Compose enforces a single-pass measurement rule to ensure efficiency and speed when laying out user interfaces.
32,What is the 'constraints' parameter used for in a custom layout modifier?,It defines the maximum and minimum size the child element can be.,It holds the parent composable's alignment settings.,It stores the child element's color settings.,It specifies the position of the child element.,"Constraints specify the range of sizes that a child composable can occupy within its parent, determining the allowed height and width."
32,"In the context of custom layout modifiers, what is meant by 'default position'?",The original position of the child before any layout modifier is applied.,The position set by the placeRelative() method.,The position defined by the constraints parameter.,A fixed position in the center of the parent.,The default position refers to where a child composable would be placed by its parent before any custom positioning logic is applied by a layout modifier.
32,What is the purpose of using alignment lines in custom layout modifiers?,To position a child based on specific reference points like baselines.,To adjust the background color of child composables.,To apply gradients to child composables.,To create shadows around child composables.,"Alignment lines, such as FirstBaseline and LastBaseline, allow developers to position child composables relative to specific reference points in custom layouts."
32,What does the 'roundToInt()' function do in the context of calculating positions for custom layouts?,It converts floating-point values to integers.,It adjusts the color gradient of the composable.,It measures the height of the child composable.,It animates the movement of the child.,"roundToInt() converts floating-point numbers to integer values, which is useful when positioning composables with precise coordinates."
32,What does the 'single-pass measurement' rule ensure?,Optimal rendering speed by measuring each child only once.,Accurate positioning of all children.,Improved color rendering for child composables.,Automatic resizing of the parent composable.,"The single-pass measurement rule ensures that children are measured only once per layout cycle, making the layout process more efficient."
32,Why might you use a custom layout modifier instead of a built-in modifier?,To implement specific positioning that cannot be achieved with built-in options.,To access more alignment settings.,To make the app run faster.,To add animations to the composable.,Custom layout modifiers allow developers to create unique positioning logic that is not available through standard Compose modifiers.
32,What does the placeRelative() method do in a custom layout modifier?,Positions the child composable relative to its parent.,Applies padding to the child composable.,Sets the size of the child composable.,Sets the color of the child composable.,The placeRelative() method is used to position the child composable at specific coordinates within the parent layout.
32,What does the 'layout()' function within a custom modifier do?,Sets the final size and position of the child.,Animates the child composable.,Adjusts the composable's color.,Changes the composable's visibility.,The layout() function is used to define the size and placement of the child composable based on the measurements and constraints.
32,Which modifier would you use to ensure a child composable fills the entire space of its parent?,fillMaxSize(),maxSize(),size(),fill(),The fillMaxSize() modifier makes a composable fill the maximum available space within its parent container.
32,What is the role of the measurable parameter in a custom layout modifier?,To determine how the child is measured and laid out.,To animate the size of the child.,To manage state changes in the child.,To define the color of the child composable.,The measurable parameter represents the child element that is measured according to the provided constraints and determines its layout.
32,"In a custom layout modifier, what does the 'constraints' parameter influence?",The minimum and maximum size of the child.,The visibility of the child composable.,The child's animation speed.,The position of the child.,"Constraints define the range of acceptable sizes for the child, ensuring that it conforms to the parents size requirements."
32,What is the purpose of creating a custom layout modifier in Jetpack Compose?,To control the size and position of a child composable in ways that are not achievable with standard modifiers.,To change the composable's color dynamically.,To create new composables with built-in styles.,To add animations to a composable.,Custom layout modifiers allow developers to implement specialized positioning and sizing behaviors that cannot be accomplished with existing modifiers like padding or alignment.
33,Which of the following best describes a 'Placeable' in the context of a custom layout?,An object that contains size and position information for a measured child.,A composable function that draws elements on the screen.,A function that adjusts the opacity of UI elements.,A layout that can contain other layouts.,A Placeable represents a measured child element and contains the size and positioning data needed to place it within the custom layout.
33,Which parameter in the Layout composable controls the minimum width and height of a custom layout?,constraints,alignment,measurables,modifier,The constraints parameter defines the minimum and maximum width and height limits for a custom layouts child elements.
33,What will happen if the custom layout's layout() function is called without specifying a size?,The layout will adjust to fit all its children.,"An error will occur, causing the app to crash.",The layout will be invisible.,The layout will use a default size of 100x100 dp.,"If a custom layouts size is not explicitly defined, it will typically adjust its size to accommodate the sizes of its child elements."
33,What does the layout() function do in a custom layout?,It positions child elements and specifies the size of the parent.,It adjusts the color and style of each child element.,It renders the layout onto the screen.,It defines the animation for layout transitions.,The layout() function is used to define the positioning of each child and set the overall size of the custom layout component.
33,What is the role of the 'constraints' parameter in a custom layout?,It provides the maximum and minimum size limits for the children.,It determines the color scheme of the layout.,It specifies the default alignment of the layout.,It controls the padding between child elements.,The constraints parameter in a custom layout contains information about the minimum and maximum width and height that can be applied to the child elements.
33,How can custom layouts accept additional parameters for use in child positioning?,By defining parameters in the composable function that wraps the Layout.,By adding parameters directly in the Layout() function.,By using hardcoded values within the layout logic.,By modifying the 'measurables' object.,"Custom layouts can accept additional parameters by defining them in the wrapping composable function, allowing the values to be used when positioning children."
33,Which keyword is used to create a list of Placeable objects from the measurables?,map,forEach,transform,filter,The map function is used to iterate over the measurables and create a list of Placeable objects by measuring each child.
33,"When using a custom layout, what does the map function typically do?",Iterates through child elements to measure them.,Adjusts the visibility of children.,Modifies the padding of each child.,Applies a background color to each child.,"The map function is often used to iterate through child elements in the measurables object, measuring each one according to the constraints."
33,"In a custom layout, what is the purpose of the 'measurables' parameter?",It contains all of the child elements to be measured.,It contains the constraints for the layout.,It stores the parent layout's dimensions.,It defines the position of each child element.,"The measurables parameter provides access to all child elements within a custom layout, allowing each child to be measured before being positioned."
33,What is the primary purpose of a custom layout in Jetpack Compose?,To design layouts with full control over how child elements are sized and positioned.,To handle user input events more efficiently.,To add animations to UI elements.,To define complex text formatting styles.,"Custom layouts in Compose allow developers to control the size and position of child elements. This enables the creation of layouts that cannot be achieved with the standard Box, Row, and Column components."
33,Which built-in layout components in Compose inspired the creation of custom layouts?,"Box, Column, and Row","Card, Surface, and Scaffold","Grid, Stack, and Flex","ListView, RecyclerView, and GridView","Custom layouts in Compose use similar techniques as the built-in Box, Column, and Row components, providing developers the ability to create unique layouts."
33,Which Compose function is used to create custom layouts?,Layout,BoxLayout,Modifier.layout,ComposeCustom,The Layout composable function is used to create custom layouts. It allows developers to measure and position multiple child elements according to custom rules.
33,What does the placeRelative() function do in a custom layout?,It places a child element at specific x and y coordinates relative to its parent.,It sets the background color of an element.,It applies animations to a child element's position.,It changes the layout direction of the child elements.,The placeRelative() function is used within the layout() function to specify where a child should be positioned relative to its parent.
33,What happens if a custom layout measures a child multiple times?,An error may occur due to violating the single-pass measurement rule.,The child will adjust to fit the largest measurement.,The child will be positioned at multiple places.,The layout will automatically adjust for the extra measurements.,"In Compose, each child should only be measured once per layout pass. Measuring multiple times can lead to performance issues and errors."
34,How does Constraint Bias work in ConstraintLayout?,It allows adjustment of a composable's position along an axis of opposing constraints.,It makes composables align to the nearest parent edge.,It adjusts the size of composables relative to each other.,It determines the layering order of composables.,"Constraint Bias allows a composables position to be adjusted between two opposing constraints, controlling its alignment based on a specified percentage."
34,Which of the following is NOT a chain style in ConstraintLayout?,Elastic Chain,Spread Chain,Packed Chain,Weighted Chain,"The valid chain styles in ConstraintLayout are Spread, Spread Inside, Weighted, and Packed chains. Elastic Chain is not a recognized style."
34,How can a composable's size be set to match its content regardless of constraints?,Dimension.wrapContent,Dimension.value,Dimension.fillToConstraints,Dimension.preferredWrapContent,Dimension.wrapContent allows a composables size to adapt to its content without regard to any surrounding constraints.
34,Which constraint type ensures a fixed distance between a composable and its parent edge?,Margin,Barrier,Constraint bias,Opposing constraints,"Margins set a specific distance between a composable and a parent or sibling, providing a fixed space between them."
34,What does setting a chain style to 'Packed' do?,Packs composables together with no space between them.,Applies a weight to each composable for size distribution.,Distributes composables evenly along the available space.,Centers composables along the axis.,"The Packed chain style gathers all composables in the chain closely together, with no gaps between them."
34,"Which dimension setting allows a composable to be fixed to a specific size, regardless of constraints?",Dimension.value,Dimension.preferredValue,Dimension.fillToConstraints,Dimension.wrapContent,"Dimension.value sets the composables size to a specified value, ignoring any constraints applied by its parent."
34,What is the function of a Guideline in ConstraintLayout?,To define a static reference line for aligning composables.,To add padding around composables.,To create a scrollable area for composables.,To automatically resize composables based on screen size.,"Guidelines provide a fixed position within the ConstraintLayout that other composables can align to, making it easier to create consistent layouts."
34,Which component should you use when multiple composables need to align along an invisible line?,Guideline,Constraint Bias,Chain,Barrier,"A Guideline creates an invisible line in the layout, which can be used to align multiple composables consistently."
34,Which helper component helps avoid overlapping of composables by shifting its position?,Barrier,Chain,Constraint Bias,Guideline,"Barriers adapt their position based on the dimensions of their reference components, making them useful for avoiding overlaps."
34,What is the default behavior of a ConstraintLayout chain?,To evenly distribute space between all items.,To overlap all items in the chain.,To pack all items to one side.,To center all items in the chain.,"The default style for a ConstraintLayout chain is the Spread Chain, which distributes space evenly between the composables."
34,What differentiates a Barrier from a Guideline in ConstraintLayout?,"A Barrier moves based on its reference components, while a Guideline remains fixed.",A Barrier only works with horizontal constraints.,"A Guideline can be used as a parent container, while a Barrier cannot.","A Barrier is fixed, while a Guideline is dynamic.","Barriers shift position based on the dimensions of their reference components, allowing them to adapt dynamically, unlike guidelines which remain static."
34,What are opposing constraints in ConstraintLayout?,Two constraints on the same axis applied to a single composable.,Constraints that cause a composable to move in opposite directions.,Constraints that are only applied when a device is rotated.,Constraints that automatically align to the top of the parent layout.,"Opposing constraints refer to having constraints on both sides of a composable along the same axis, which allows for percentage-based positioning instead of fixed distances."
34,What is a constraint in the context of ConstraintLayout?,A rule that dictates the alignment and spacing of a composable.,A method to set the background color of a composable.,A function used to animate composables.,A way to replace guidelines in layout design.,"Constraints define how a composable is positioned relative to other elements, the ConstraintLayout parent, or special elements like guidelines and barriers."
34,What happens when a composable has opposing constraints applied along an axis?,It is positioned based on a percentage along the axis.,Its position becomes fixed along that axis.,It becomes invisible.,Its size is automatically doubled.,"When opposing constraints are applied along an axis, the composables position is calculated as a percentage of the available space along that axis."
34,How can composables be aligned in a ConstraintLayout to maintain consistent spacing along an axis?,Using a Guideline,Using a Barrier,Using Margins,Using a Constraint Bias,"Guidelines allow composables to align along a consistent axis, making them useful for arranging elements with uniform spacing."
34,What is the primary purpose of ConstraintLayout in Compose?,To design user interfaces that adapt to different screen sizes and orientations.,To create fixed layouts for specific screen sizes.,To replace Row and Column composables completely.,To simplify the process of creating animations in Compose.,"ConstraintLayout is designed to provide flexibility in positioning and sizing composables, making it ideal for creating layouts that adjust to various screen sizes and orientations."
34,Which Dimension setting allows a composable to occupy space defined by the constraints?,Dimension.fillToConstraints,Dimension.value,Dimension.wrapContent,Dimension.preferredWrapContent,Dimension.fillToConstraints allows a composable to expand or contract to fill the space defined by its constraints.
34,What is the role of a Chain in ConstraintLayout?,To group composables and define their layout behavior as a unit.,To align composables in a circular pattern.,To create animations between different composables.,To connect composables to the nearest edge of the parent.,"Chains allow multiple composables to be treated as a group, enabling the configuration of their spacing and alignment together."
34,What role does a Constraint Bias play in positioning composables?,It determines how far a composable is from one side when opposing constraints are applied.,It scales the composable to fit within a layout.,It changes the visibility of a composable.,It adjusts the width of composables based on their constraints.,"Constraint Bias shifts a composables position along the axis of opposing constraints, allowing finer control over its alignment."
34,Which component controls the behavior of a ConstraintLayout chain?,The chain head composable.,The first composable in the chain.,The last composable in the chain.,The ConstraintLayout parent.,"The chain head, which is the first composable in a horizontal or vertical chain, controls the configuration of the entire chains behavior."
35,What is the default behavior of a chain in ConstraintLayout?,Spread,Centered,SpreadInside,Packed,"The default behavior of a chain is Spread, which means that the elements in the chain are evenly distributed across the available space."
35,How does the SpreadInside chain style arrange components?,"It evenly spaces components between the first and last items, leaving margins.",It packs the components tightly together with no gaps.,It aligns all components to the left side.,It evenly distributes components across the entire parent.,"SpreadInside spaces components evenly between the first and last items in the chain, leaving margins at the ends."
35,How does the createEndBarrier() function work?,It adjusts its position based on the end edges of the referenced components.,It groups multiple barriers into a single unit.,It creates a barrier positioned at the start of a layout.,It fixes the end position of all components within the layout.,"The createEndBarrier() function positions a barrier relative to the furthest end of the referenced components, adjusting dynamically as those components change size."
35,What is the purpose of a guideline in ConstraintLayout?,To provide a reference line for aligning components.,To create a fixed background color for all children.,To add scroll functionality to a layout.,To group components together for animation.,"Guidelines are used to create reference lines within a ConstraintLayout, which can help in aligning components consistently."
35,Which function is used to create multiple references at once for ConstraintLayout?,createRefs(),createRefFor(),createMultiple(),createRef(),"The createRefs() function allows for creating multiple references simultaneously, making it easier to manage constraints for multiple composables."
35,When should barriers be used in ConstraintLayout?,To dynamically adjust constraints based on the size of other components.,To create a background behind components.,When needing to wrap all components into a single group.,To set absolute margins for all components.,"Barriers adjust their position based on the dimensions of reference components, helping prevent overlaps by moving accordingly."
35,How can the position of a composable be adjusted when using opposing constraints?,By using constraint bias.,By setting the composable's elevation.,By adding more opposing constraints.,By changing the component's padding.,"Constraint bias allows for adjusting the positioning of a composable when opposing constraints are applied, making it possible to shift the component along the axis."
35,What happens when opposing constraints are applied to a composable along the same axis?,The composable is positioned in the center along that axis.,The composable is constrained to the nearest edge.,The composable is removed from the layout.,The composable is aligned to the leftmost side.,"Applying opposing constraints along the same axis (e.g., start and end) causes the composable to be centered along that axis."
35,What is the role of margins in ConstraintLayout constraints?,To create fixed distances between a composable and its constraint connections.,To enable the composable to overlap other components.,To fix the position of a composable at the center of the screen.,To animate the size changes of a composable.,"Margins specify fixed distances between a composable and the element it is constrained to, ensuring a consistent spacing."
35,What is the purpose of the constrainAs() function in ConstraintLayout?,To assign a reference to a composable and define its constraints.,To animate the position of a composable.,To define padding for a composable.,To wrap composables in a scrollable view.,The constrainAs() function is used to apply a reference to a composable and define how it should be constrained within the ConstraintLayout.
35,How does Dimension.fillToConstraints affect a composable?,It allows the composable to fill the available space defined by constraints.,It sets the size of the composable based on its content only.,It aligns the composable to the center of the screen.,It ensures that the composable is always square.,"Dimension.fillToConstraints makes a composable fill the space between the constraints set on it, making it adaptable to layout changes."
35,What is the effect of setting a bias of 0.0f on a constraint?,The component will align completely to the start side.,The component will be positioned randomly within the layout.,The component will be centered between the constraints.,The component will be aligned to the end side.,"A bias of 0.0f means that the composable will favor the start constraint, positioning it fully towards that side."
35,Which function would you use to define a horizontal chain between components?,createHorizontalChain(),constrainChain(),createChain(),linkChain(),"The createHorizontalChain() function is used to define a horizontal chain of components, making it easier to control their arrangement."
35,Which function is used to center a composable horizontally relative to its parent?,centerHorizontallyTo(),centerAround(),centerTo(),alignHorizontally(),The centerHorizontallyTo() function is used to align a composable to the horizontal center of another component or its parent.
35,Which statement is true about the createRefFor() function?,It creates a reference for a composable within a ConstraintSet.,It links the composable directly to the parent ConstraintLayout.,It can only be used within Row and Column layouts.,It generates references for all child composables at once.,"The createRefFor() function is used to generate a reference for a specific composable when working with ConstraintSets, allowing constraints to be applied."
35,What is a key advantage of using ConstraintSets in ConstraintLayout?,"They allow for decoupling constraints, making them reusable and adaptable to different scenarios.",They simplify applying constraints to individual composables.,They automatically apply animations to constraints.,They make the layout components scrollable.,"ConstraintSets make it possible to define constraints separately and reuse them, making layout management more flexible and adaptable to changes like screen orientation."
35,What is the main purpose of ConstraintLayout in Compose?,To create flexible and responsive user interface layouts.,To allow for basic stacking of composables.,To simplify the creation of animations between composables.,To ensure that composables are always aligned with the screen edges.,"ConstraintLayout is designed to manage complex layout designs that adapt to different screen sizes and orientations, offering flexibility in positioning and sizing of UI components."
35,How is a ConstraintLayout defined in Compose?,By adding a ConstraintLayout library and using ConstraintLayout{} composable.,By wrapping children in a LinearLayout function.,By applying the arrange function to a Column composable.,By using the Box() composable with constraints.,"In Compose, ConstraintLayout is defined by using the ConstraintLayout composable and adding the necessary library to the project dependencies."
35,What does the createGuidelineFromStart() function do?,Creates a vertical guideline from the start (left) of the layout.,Generates a diagonal guideline across the layout.,Creates a fixed distance margin for all composables.,Creates a horizontal guideline from the top of the layout.,The createGuidelineFromStart() function generates a vertical guideline at a specified percentage or distance from the start (left) edge of the parent.
35,Which function creates a horizontal barrier in ConstraintLayout?,createTopBarrier(),createVerticalBarrier(),createBottomBarrier(),createHorizontalBarrier(),The createTopBarrier() function creates a horizontal barrier that adjusts its position based on the top edges of reference components.
36,What does the IntrinsicSize.Max value provide?,The maximum width required by the widest child composable.,The exact size needed to match the dimensions of the parent composable.,The minimum width of the narrowest child composable.,The minimum height of the tallest child composable.,IntrinsicSize.Max allows the parent to size itself based on the maximum width or height needed by its children.
36,Why is IntrinsicSize useful when dealing with dynamic size changes?,It allows layouts to adapt to the changing size needs of their children.,It only works with fixed-size components.,It forces all children to have the same size.,It prevents composables from resizing.,"IntrinsicSize enables a parent layout to adjust its size dynamically based on the size changes of its children, making it ideal for dynamic layouts."
36,What is the purpose of using IntrinsicSize in Compose?,To obtain size information about a composable's children before they are measured.,To set fixed dimensions for all composables in a layout.,To speed up the rendering process by avoiding intrinsic measurements.,To allow a composable to be measured multiple times during recomposition.,"IntrinsicSize allows a parent to access size information about its children, such as the maximum or minimum size needed, without breaking the measure once rule of Compose."
36,How does the width of a Text composable change when using IntrinsicSize.Min?,It adjusts to the length of the longest word when there are no height restrictions.,It becomes fixed to the width of the entire screen.,It stretches to the maximum width of all content.,It matches the exact width of the parent layout.,"IntrinsicSize.Min allows a Text composable to adjust to the smallest width needed, which can be determined by the length of its longest word if no height constraints exist."
36,Why does Compose limit composables to a single measurement during recomposition?,To speed up rendering by avoiding multiple measurements.,To minimize memory usage during layout rendering.,To ensure components are measured accurately.,To maintain a fixed size for all composables.,"By limiting each composable to a single measurement, Compose optimizes the rendering process, making it faster and more efficient."
36,What does the following code do: Column(Modifier.width(IntrinsicSize.Min))?,Sets the Column's width to the minimum width needed to fit all children.,Sets the Column's width to the width of its narrowest child.,Forces the Column to expand to the maximum available space.,Fixes the width of the Column regardless of its children.,IntrinsicSize.Min ensures the Columns width is based on the minimum width required to fit its children.
36,How does IntrinsicSize.Min affect a Row composable?,It sets the Row's height to match the height of the tallest child.,It restricts the Row's width to a fixed value.,It sets the Row's height to match the height of the shortest child.,It forces the Row to occupy the entire available space.,"When IntrinsicSize.Min is applied to a Rows height, it ensures the Row is sized to the minimum height required to fit its tallest child."
36,Which IntrinsicSize setting would you use to ensure a Column's width matches its widest child?,IntrinsicSize.Max,IntrinsicSize.Min,IntrinsicSize.Fixed,IntrinsicSize.Adaptive,IntrinsicSize.Max is used when the parent needs to adjust its size to accommodate the maximum width of its children.
36,What is the result of using IntrinsicSize.Max in a Row's height modifier?,The Row's height matches its tallest child.,The Row's height becomes the average height of its children.,The Row ignores the height of its children.,The Row's height matches its shortest child.,"IntrinsicSize.Max makes the Row adjust its height to match the tallest child, ensuring no child is clipped vertically."
36,Which of the following describes a situation where IntrinsicSize might be useful?,A parent layout's size must match the size of a dynamic child.,A parent layout is expected to ignore the size of its children.,A parent layout needs to occupy all available space.,A child composable requires a fixed size at all times.,IntrinsicSize is useful when a parent layout needs to adapt its size to match the dynamic sizing requirements of its children.
36,What happens when a Column is set with IntrinsicSize.Max for its width?,The Column's width matches the width of its widest child.,The Column's width becomes fixed and unresponsive to child sizes.,The Column ignores the widths of its children and uses the parent's width.,The width of the Column matches that of its narrowest child.,Using IntrinsicSize.Max with a Columns width ensures the Column is sized based on the width required by its widest child.
37,What happens if a coroutine fails in a coroutineScope but not in a supervisorScope?,"In coroutineScope, all other child coroutines are canceled, but in supervisorScope, other coroutines continue to run.","In both cases, all other child coroutines are canceled.",Both coroutineScope and supervisorScope will allow the parent coroutine to continue running.,"In supervisorScope, all other child coroutines are canceled, but in coroutineScope, they continue running.","In coroutineScope, a failure in one coroutine leads to the cancellation of all others in the scope. In contrast, supervisorScope allows other child coroutines to continue running even if one fails, making it useful when some coroutines are expected to fail."
37,Which method is used to cancel all running coroutines in a coroutine scope?,cancel(),await(),join(),stop(),The cancel() method of a CoroutineScope is used to cancel all coroutines running within that scope.
37,Which coroutine builder is most suitable when multiple coroutines need to be launched in parallel with a result returned to the caller?,async,withContext,launch,supervisorScope,"The async builder allows multiple coroutines to be launched in parallel and supports returning a result using the await() function, making it ideal for concurrent tasks with results."
37,What is the role of the CoroutineScope in Kotlin?,To define where a coroutine can be launched.,To specify the priority of a coroutine.,To schedule network requests in coroutines.,To manage thread creation for coroutines.,"CoroutineScope is used to manage coroutines by grouping them together, making it easier to cancel and control their lifecycle, ensuring that coroutines do not continue running when they are no longer needed."
37,Which coroutine builder should be used for 'fire and forget' operations?,launch,async,withContext,runBlocking,"The launch builder is used for fire and forget coroutines where the result is not needed, allowing asynchronous execution without blocking."
37,What is a Job in Kotlin coroutines?,A way to cancel and manage coroutines.,A background thread manager.,A function that blocks the main thread.,A dispatcher for running coroutines.,"A Job represents a cancellable coroutine and allows tracking its lifecycle, including canceling it or checking its status."
37,How does the coroutineScope builder differ from supervisorScope?,"coroutineScope cancels all child coroutines if one fails, while supervisorScope does not.",supervisorScope is only used for testing.,coroutineScope does not support suspend functions.,coroutineScope is used for legacy code integration.,"In coroutineScope, if any child coroutine fails, all other coroutines are canceled. In supervisorScope, a failure in one child does not affect the others."
37,What is the purpose of the LaunchedEffect composable in Jetpack Compose?,To launch a coroutine that is aware of the composable's lifecycle.,To automatically update state variables.,To modify UI components directly.,To delay UI rendering.,"LaunchedEffect allows launching a coroutine that is aware of the lifecycle of the composable, ensuring the coroutine is canceled when the composable leaves the composition."
37,What happens if a coroutine launched in a LaunchedEffect changes one of its key parameters?,The existing coroutine is canceled and a new one is launched.,The coroutine is permanently stopped.,The existing coroutine continues with the updated parameter.,The coroutine is paused until the key parameter changes again.,"In LaunchedEffect, if a key parameter changes, the existing coroutine is canceled and a new one is launched with the updated key, ensuring the coroutine behavior matches the new state."
37,Why is GlobalScope not recommended for use in Android apps?,"Because it ties coroutines to the entire application lifecycle, leading to potential memory leaks.",Because it is too complex to use.,Because it does not support suspend functions.,Because it does not support coroutine cancellation.,"GlobalScope is tied to the entire application lifecycle, making it possible for coroutines to continue running even when they are no longer needed, leading to memory leaks."
37,Which dispatcher is typically used for performing lightweight tasks and updating the UI?,Dispatchers.Main,Dispatchers.IO,Dispatchers.Default,Dispatchers.Unconfined,"Dispatchers.Main is used for UI updates and lightweight tasks as it operates on the main thread, ensuring the user interface remains responsive."
37,What is the behavior of the delay() function inside a coroutine?,"It suspends the coroutine, allowing the thread to be used by other coroutines.",It blocks the thread until the delay is over.,It terminates the coroutine after the delay.,It restarts the coroutine after the delay.,"The delay() function suspends the coroutine for the specified time without blocking the thread, making the thread available for other coroutines during the delay."
37,What is the function of the rememberCoroutineScope() in Jetpack Compose?,It provides a coroutine scope tied to the composition lifecycle.,It pauses all active coroutines in the current scope.,It creates a new coroutine scope for the entire application.,It manages the lifecycle of the main thread.,"rememberCoroutineScope() creates a coroutine scope that is tied to the composition lifecycle, making it a suitable way to launch coroutines within composables."
37,Why is it important to use structured concurrency in Kotlin?,To prevent coroutines from leaking and running longer than required.,To improve the readability of the UI code.,To create a complex thread management system.,To ensure that all coroutines run on the main thread.,"Structured concurrency in Kotlin ensures that coroutines are properly canceled when they are no longer needed, reducing the risk of memory leaks and unintended background execution."
37,Why are coroutines considered more efficient than traditional multi-threading?,Because they manage and schedule threads more efficiently.,Because they do not use CPU resources.,Because they eliminate the need for threads entirely.,Because they allow only a single coroutine to run at a time.,"Coroutines use a thread pool to efficiently manage and schedule tasks, avoiding the overhead of creating and destroying threads repeatedly, which makes them more resource-efficient than traditional multi-threading."
37,What is the primary purpose of the main thread in an Android application?,To handle user interface interactions and event handling.,To manage database operations.,To handle network requests.,To perform background data processing.,"The main thread in an Android application manages the user interface, handling events and interactions with UI components. Running time-consuming tasks on the main thread can cause the UI to freeze."
37,What is the purpose of the cancelAndJoin() method in coroutines?,To cancel a coroutine and wait for its completion.,To cancel a coroutine and continue without waiting.,To restart a canceled coroutine.,To wait for the completion of all child coroutines without canceling them.,"The cancelAndJoin() method cancels the coroutine and then suspends until the cancellation is complete, ensuring that cleanup is done properly."
37,Which coroutine dispatcher should be used for tasks such as network requests or file reading?,Dispatchers.IO,Dispatchers.Main,Dispatchers.Default,Dispatchers.Unconfined,"Dispatchers.IO is optimized for input-output tasks like network requests and file operations, allowing these tasks to be executed on a background thread without blocking the main thread."
37,What keyword is used to define a function that can be paused and resumed later in Kotlin?,suspend,async,launch,await,"The suspend keyword is used to declare functions that can be suspended and resumed, allowing them to perform long-running tasks without blocking the main thread."
37,What is a potential consequence of using GlobalScope in an Android app?,Coroutines in GlobalScope may continue running even after the related activity or fragment is destroyed.,Coroutines in GlobalScope will always run on the main thread.,GlobalScope automatically manages coroutine cancellations based on lifecycle events.,GlobalScope is the most memory-efficient way to run coroutines.,"Using GlobalScope is risky because coroutines tied to it are not automatically canceled with lifecycle changes, which can lead to coroutines running longer than needed and causing memory leaks."
37,What is the role of the rememberCoroutineScope() function in Jetpack Compose?,It creates a new coroutine scope that is automatically tied to the lifecycle of the composable.,It allows the suspension of a coroutine without launching it.,It cancels all active coroutines immediately.,It ensures that coroutines run only on the main thread.,"rememberCoroutineScope() creates a coroutine scope that is tied to the lifecycle of the composable, ensuring that any launched coroutines are automatically canceled when the composable leaves the composition."
37,What is the purpose of the async coroutine builder?,To launch a coroutine and allow the caller to await a result.,To block the main thread until the coroutine finishes.,To manage the cancellation of child coroutines.,To launch a coroutine without returning a result.,"The async builder starts a coroutine that can return a result, which the caller can wait for using the await() function."
37,Why is runBlocking generally not recommended for use in Android apps?,"It blocks the current thread until the coroutine completes, potentially causing UI freezes.",It launches coroutines on the main thread.,It automatically cancels all coroutines upon completion.,It is not compatible with suspend functions.,"runBlocking is mainly used for testing or integrating legacy code because it blocks the current thread until the coroutine completes. This can cause UI freezing and is generally unsuitable for Android apps, which aim to keep the UI responsive."
37,Which coroutine builder is suitable for switching the context of a coroutine?,withContext,launch,async,supervisorScope,"withContext allows a coroutine to switch to a different context, such as changing from a background thread to the main thread."
37,When should the runBlocking coroutine builder be used?,For integrating legacy code that requires blocking behavior.,For managing network requests asynchronously.,For performing UI updates in Jetpack Compose.,For launching coroutines in production apps.,runBlocking is typically used for testing or integrating with legacy code that requires blocking behavior. It should be avoided in most other scenarios.
37,What is structured concurrency in Kotlin?,A model where coroutines are organized into a structured hierarchy.,A way to schedule threads more efficiently.,A method for blocking coroutine execution.,A mechanism for parallel execution of coroutines.,"Structured concurrency ensures that coroutines are organized into a parent-child hierarchy, making it easier to manage their lifecycles and preventing leaks."
37,What happens when a coroutine reaches a suspend point?,It releases the thread it was running on and resumes later.,It immediately resumes the next coroutine in the queue.,It blocks the main thread.,It is paused until the condition is met.,"At a suspend point, a coroutine is suspended and releases the thread, allowing other coroutines to run until it can be resumed."
37,What is the main difference between LaunchedEffect and SideEffect in Jetpack Compose?,"LaunchedEffect relaunches based on key changes, while SideEffect executes on every recomposition.","LaunchedEffect is executed during composition, while SideEffect is executed after composition.","LaunchedEffect is for UI updates only, while SideEffect is for network calls.","LaunchedEffect is executed after composition, while SideEffect is executed during composition.","LaunchedEffect is aware of the lifecycle and relaunches if any key parameter changes, while SideEffect executes after every recomposition of the parent composable."
37,Which coroutine scope is automatically canceled when a ViewModel instance is destroyed?,ViewModelScope,CoroutineScope,GlobalScope,LifecycleScope,"ViewModelScope is designed to be used with ViewModel instances, ensuring that any coroutines launched within it are canceled when the ViewModel is destroyed."
37,Which coroutine dispatcher is suitable for performing disk or network operations?,Dispatchers.IO,Dispatchers.Unconfined,Dispatchers.Main,Dispatchers.Default,"Dispatchers.IO is designed for I/O operations such as reading from disk or making network requests, allowing these tasks to run on a background thread."
38,What is the purpose of the animateScrollTo() function in the context of a Column list?,To scroll to a specific position with smooth animation.,To instantly scroll to a specific position in the list.,To change the color of list items.,To add new items to the list.,"The animateScrollTo() function allows smooth scrolling to a specified pixel position within a list, providing a better user experience."
38,What is the role of the repeat() function in the ColumnList composable?,To generate multiple items within the Column.,To repeat the entire composable multiple times.,To scroll through the list automatically.,To apply a theme to the list.,The repeat() function is used to generate a specified number of items in the list by repeating the given composable content.
38,Why is the rememberScrollState() function used in Compose?,To keep track of the scroll position in a Column or Row.,To remember the size of a composable.,To add a new composable.,To animate a list's appearance.,"The rememberScrollState() function creates a ScrollState that helps to remember the current scroll position, allowing smooth scrolling behavior."
38,Why might you use a Row-based list instead of a Column-based list?,To present items horizontally when the content is better suited to a horizontal layout.,To display items in a vertical format.,To enable fast scrolling for large data sets.,To optimize the use of vertical space.,"Row-based lists are used to arrange items horizontally, making them suitable for cases where content needs to be displayed side-by-side."
38,What does the maxValue property of ScrollState represent?,The maximum pixel position that can be scrolled to.,The number of items in the list.,The current scroll position.,The height of the list.,"The maxValue property of ScrollState indicates the maximum scroll position in pixels, which helps determine the end of the scrollable area."
38,How is horizontal scrolling enabled for a Row composable?,By using the horizontalScroll() modifier.,By using the animateScrollToItem() method.,By using a nested Column composable.,By applying verticalScroll() to the Row.,"The horizontalScroll() modifier enables horizontal scrolling in a Row, allowing the user to scroll through items horizontally."
38,Which method is used to enable vertical scrolling in a Column composable?,verticalScroll(),animateScrollTo(),scrollToItem(),horizontalScroll(),"The verticalScroll() modifier is applied to a Column composable to enable vertical scrolling, allowing users to scroll through the list."
38,What is the purpose of using the padding() modifier on the Text component in the Column list?,To create spacing around each list item.,To change the text color.,To enable scrolling in the list.,To set the font size of the text.,"The padding() modifier is used to add space around each Text component, improving readability by preventing the items from being too close together."
38,What is the result of using Modifier.weight() in a Row with Buttons?,It makes each Button occupy the same space within the Row.,It aligns the Buttons to the right of the Row.,It adjusts the padding of each Button.,It sets the height of the Buttons.,Using Modifier.weight() ensures that each Button shares the available space evenly within the Row.
38,Why are coroutine scopes used in the context of scrolling in Compose?,To launch asynchronous scrolling tasks.,To remember the UI state.,To set the dimensions of the list.,To manage list items.,Coroutine scopes are needed to launch asynchronous tasks like programmatic scrolling without blocking the main thread.
38,What is the purpose of the Column composable in Jetpack Compose?,To create a vertical list of items.,To define a scrolling behavior.,To enable animation in a list.,To create a horizontal list of items.,"The Column composable is used to arrange items vertically, making it suitable for creating vertical lists of elements."
40,Which of the following is true about the 'LazyColumn' composable?,It only renders items that are visible on the screen.,It cannot display images within its items.,It renders all list items at once for better performance.,It supports vertical scrolling by default but not horizontal scrolling.,"LazyColumn only renders the items that are currently visible, making it suitable for displaying large lists without performance issues."
40,What parameter is required by LazyColumn's 'items()' function?,A list or array of data items,A scroll state,A list of composables,A layout modifier,"The items() function of LazyColumn requires a list or array of data items to iterate through, creating a composable for each item."
40,What is the main advantage of using LazyColumn and LazyRow over standard Column and Row for lists in Compose?,They are more efficient when displaying large lists.,They provide better styling options.,They allow for more complex layouts.,They support sticky headers by default.,"LazyColumn and LazyRow are specifically designed to handle large lists efficiently by creating only the items that are visible on the screen, thus saving memory and improving performance."
40,What is the purpose of the Coil library in this project?,To download and display images efficiently.,To manage app navigation.,To manage XML resources.,To create custom composables.,"The Coil library is used to handle image downloading and rendering, offering an efficient way to display images from a URL."
40,Why is rememberCoroutineScope() used in the context of the LazyColumn project?,To launch coroutine-based actions for animations.,To cache images for the list items.,To store the state of the list items.,To remember the position of the scroll state.,"The rememberCoroutineScope() function is used to launch coroutine actions, such as animations, that need to be performed outside the main thread."
40,Which function is used to retrieve an XML string array in Android?,getStringArray(),loadStringResource(),readXMLArray(),getResources(),The getStringArray() method of the Android resources instance is used to retrieve an array of strings defined in an XML resource file.
40,What method is used in this tutorial to animate scrolling to the bottom of a LazyColumn?,animateScrollTo(),scrollToEnd(),animateScrollToItem(),scrollToPosition(),The animateScrollTo() method is used to smoothly scroll to a specific position in a list using a given pixel value.
40,What is the purpose of the 'LazyListScope' in Compose?,To manage list items and headers in LazyColumn and LazyRow.,To provide scroll states for lazy lists.,To define custom animations for list items.,To store the state of LazyColumn layouts.,LazyListScope is used in Compose to add items and manage the structure of lazy lists like LazyColumn and LazyRow.
40,What is the purpose of the 'items()' function in the context of LazyColumn?,To iterate over a collection and create a list item for each element.,To add a scroll state to the LazyColumn.,To add a single header to a list.,To define padding and spacing between list items.,"The items() function is used in LazyColumn to loop through a collection, such as an array, and create a composable for each item."
41,Which testing method best demonstrates the adaptive behavior?,Resizable emulator,Screen recording analysis,Unit tests,Multiple device testing,A resizable emulator can dynamically show layout changes across form factors.
41,What happens to the list pane when the extra pane is displayed in multi-pane mode?,It gets hidden,It moves to a floating overlay,It remains visible but dimmed,It shrinks to a small preview,The scaffold only shows two panes at once in multi-pane mode.
41,What is responsible for managing navigation between panes?,The ThreePaneScaffoldNavigator,The NavigationComponent,The LayoutManager class,The PaneController interface,This interface handles navigation state and restoration across configuration changes.
41,Which property controls backward navigation behavior?,defaultBackBehavior,backStackMode,navigationStrategy,paneTransitionStyle,This property accepts BackNavigationBehavior enum values.
41,What does PopUntilScaffoldValueChange do?,Returns to the last layout change,Goes back to the app's main screen,Navigates through all content changes,Pops every screen until the list appears,It navigates back until reaching a point where the pane arrangement changed.
41,Which property holds the currently displayed content?,currentDestination,currentPane,visibleItem,activeContent,The navigators currentDestination provides access to the currently displayed pane content.
41,What is the primary purpose of the NavigableListDetailPaneScaffold composable?,To implement responsive list-detail interfaces that adapt to screen size,To handle database operations,To replace traditional RecyclerView implementations,To create fixed two-column layouts,This composable automatically adjusts between single-pane and multi-pane layouts based on available screen space.
41,How does the layout behave on narrow screens like phones in portrait orientation?,Displays panes as separate screens navigated sequentially,Shows only the list pane,Shows all three panes stacked vertically,Uses a horizontal scrolling layout,"On narrow screens, it presents one pane at a time with navigation between them."
41,What must be done before calling navigateTo() since it's a suspend function?,Run it within a coroutine scope,Annotate with @UiThread,Wrap it in a try-catch block,Mark the calling function as async,"Suspend functions require coroutine contexts, typically using rememberCoroutineScope()."
41,What happens to the scaffold layout in foldable device mode when folded?,It converts to single-pane navigation,It gets cleared,It pauses until unfolded,It maintains all entries,Folding the device makes it behave like a phone in portrait orientation.
41,What is the simplest backward navigation behavior?,PopLatest,PopUntilRoot,PopAll,PopUntilVisible,It simply removes the current destination without considering content or layout changes.
41,What is the purpose of wrapping panes in AnimatedPane?,To enable transition animations,To add swipe gestures,To improve rendering performance,To implement parallax effects,AnimatedPane provides smooth transitions when navigating between pane states.
41,Which method is used to navigate between panes?,navigateTo(),switchToPane(),displayContent(),showPane(),The navigators navigateTo() method accepts a destination role and content key.
41,How is the scaffold navigator typically created?,Via rememberListDetailPaneScaffoldNavigator(),With createScaffoldManager(),Through new NavigationHandler(),Using rememberPaneNavigator(),This function creates and remembers the navigator instance with proper state preservation.
41,Which build configuration change is needed to implement list-detail navigation?,Adding the adaptive-navigation library,Enabling experimental compose features,Including the navigation-fragment dependency,Upgrading to the latest Material Design version,The androidx.compose.material3.adaptive:adaptive-navigation dependency was required.
42,Which element is responsible for adjusting the visibility of the scroll button?,AnimatedVisibility,ScrollState,LazyListScope,Row,"AnimatedVisibility is used to show or hide the scroll-to-top button based on the derived scroll state, ensuring that it only appears when the user has scrolled beyond a specified index."
42,Which parameter is used to specify the text displayed in a sticky header?,text,color,label,content,"The text parameter is used to specify the text content displayed within the Text composable, such as the manufacturers name in the sticky header."
42,What modifier is used to add bottom padding to the LazyColumn?,contentPadding,verticalPadding,padding(),paddingBottom(),"The contentPadding parameter is used with LazyColumn to add padding around the content, such as providing extra space at the bottom for the scroll-to-top button."
42,Which function is used to launch the scroll-to-top action in a coroutine?,scrollToItem(),animateScrollTo(),launchScroll(),launchAsync(),"The scrollToItem() function is used within a coroutine scope to scroll to a specified item in the LazyColumn, allowing smooth user experience when using the scroll-to-top button."
42,What happens when the AnimatedVisibility composable is used?,It animates the showing and hiding of a component.,It scrolls the list automatically.,It hides a component permanently.,It changes the background color of a component.,"AnimatedVisibility is used to smoothly animate the appearance and disappearance of its child components, providing a better user experience when showing or hiding elements like the scroll-to-top button."
42,What is the purpose of the derivedStateOf function in this context?,To calculate a state based on changes in another state.,To manage item clicks.,To optimize the rendering of images.,To create a new list state.,"The derivedStateOf function is used to derive a new state based on changes in another state, such as determining when the scroll position passes a certain threshold."
42,Why is the padding() modifier used for the scroll-to-top button?,To add space around the button.,To change the button color.,To adjust the text alignment.,To change the button size.,"The padding() modifier adds space around the scroll-to-top button, ensuring it is not placed too close to other UI elements."
42,What does the scrollToItem function do?,Instantly scrolls to a specified item index.,Animates the scrolling to the top of the list.,Instantly scrolls to a specified pixel position.,Scrolls the list horizontally.,The scrollToItem function is used to immediately scroll to a specific item in a LazyColumn or LazyRow based on its index.
42,What does the PaddingValues parameter do in a LazyColumn?,Adds padding to the content of the list.,Adjusts the spacing between list items.,Sets margins for the entire list.,Aligns list items to the center.,"The PaddingValues parameter is used to add padding to the content of the LazyColumn, providing space around the lists content, such as padding at the bottom for the scroll-to-top button."
42,Which function is used to detect the scroll position of a LazyColumn?,listState.firstVisibleItemIndex,getScrollPosition(),getScrollState(),scrollOffset(),"The listState.firstVisibleItemIndex property of LazyListState helps to identify the index of the first visible item in the LazyColumn, making it possible to react to the scroll position."
42,How is the coroutineScope used when handling scroll actions in this tutorial?,To launch scroll actions asynchronously.,To stop the scrolling animation.,To delay UI updates.,To block the main thread.,"The coroutineScope is used to launch asynchronous actions, such as scrolling the LazyColumn to a specific position without blocking the main UI thread."
42,What is the function of the fillMaxWidth() modifier in the sticky header?,To make the header occupy the full width of the screen.,To make the header scroll horizontally.,To adjust the text alignment within the header.,To restrict the width of the header.,"The fillMaxWidth() modifier ensures that the sticky header spans the entire width of the screen, making it align properly with the list items."
42,What is the primary purpose of using the groupBy() function in the LazyColumn?,To group items by a common selector for sticky headers.,To filter out certain list items.,To divide the list into smaller arrays.,To sort the items alphabetically.,"The groupBy() function is used to organize list items into groups based on a common selector, such as the manufacturer name, allowing the addition of sticky headers for each group in the LazyColumn."
42,What does the stickyHeader function do in a LazyColumn?,Displays a header that stays visible while its group scrolls.,Optimizes the performance of scrolling.,Adds a shadow effect to list items.,Prevents items from being recycled.,"The stickyHeader function creates headers that remain fixed at the top of the screen while the user scrolls through the items in that group, improving the user interface."
43,What happens when you switch from LazyVerticalStaggeredGrid to LazyHorizontalStaggeredGrid?,The grid layout changes from vertical to horizontal.,The grid starts displaying only one row.,The items become non-scrollable.,The spacing between items is automatically doubled.,"Switching to LazyHorizontalStaggeredGrid makes the layout scroll horizontally, arranging items in rows instead of columns."
43,What does the contentPadding parameter do in LazyVerticalStaggeredGrid?,Specifies the space around the entire grid content.,Sets the padding between individual grid items.,Determines the scroll behavior of the grid.,Defines the alignment of grid items within each column.,"The contentPadding parameter is used to set padding around the edges of the grids content, providing space around the entire layout."
43,Which parameter is used to specify the number of columns in a LazyVerticalStaggeredGrid?,columns,gridSize,rows,orientation,"The columns parameter determines how many columns the grid will contain, either in fixed or adaptive mode."
43,What does the 'clip' function do when applied to a Box in a staggered grid?,Rounds the corners of the Box.,Adds a shadow effect to the Box.,Changes the color of the Box.,Adds a border to the Box.,"The clip function is used with a shape (e.g., RoundedCornerShape) to round the corners of the Box in the grid."
43,What is the main purpose of using LazyVerticalStaggeredGrid in Jetpack Compose?,To display grid items of varying sizes in a vertical layout.,To create horizontally scrolling lists.,To arrange items in a standard vertical list.,To display items in a fixed-size vertical grid layout.,"LazyVerticalStaggeredGrid is designed to handle grids with items of differing heights, providing a more flexible layout than standard grids where all cells are the same size."
43,How do you adjust the space between rows in a LazyHorizontalStaggeredGrid?,Using 'verticalItemSpacing'.,Using 'itemPadding'.,Using 'horizontalItemSpacing'.,Using 'rowSpacing'.,verticalItemSpacing controls the space between rows in a LazyHorizontalStaggeredGrid.
43,Which parameter can be set to 'false' to disable user scrolling in a LazyVerticalStaggeredGrid?,userScrollEnabled,isScrollable,disableScroll,scrollEnabled,The userScrollEnabled parameter controls whether users can scroll the content of a LazyVerticalStaggeredGrid.
43,What is the effect of setting the 'columns' parameter to StaggeredGridCells.Fixed(3) in a LazyVerticalStaggeredGrid?,It creates 3 fixed columns in the grid.,It creates 3 rows in the grid.,It allows the grid to adapt the number of columns based on screen size.,It limits the grid to display 3 items.,Setting columns to StaggeredGridCells.Fixed(3) configures the grid to have 3 columns of fixed width.
43,How is scrolling behavior enabled in a staggered grid?,Scrolling is enabled by default in LazyVerticalStaggeredGrid.,By adding the scrollEnabled property.,By using the enableScroll() function.,By wrapping the grid in a ScrollableBox.,Scrolling is a built-in behavior for LazyVerticalStaggeredGrid and does not require additional configuration.
43,Which modifier is used to make each grid item fill the available width in the staggered grid?,fillMaxWidth(),fillWidth(),fitToWidth(),wrapContentWidth(),The fillMaxWidth() modifier ensures that each grid item takes up the full width of its parent container within the grid.
43,Which of the following is true about LazyHorizontalStaggeredGrid?,It arranges items in horizontal rows and supports different heights for each row.,It requires all items to have the same width.,It arranges items in vertical rows.,It is used for creating vertically scrolling staggered grids.,LazyHorizontalStaggeredGrid allows for horizontally scrolling grids where each row can contain items of varying heights.
43,Which function is used to iterate over the list of grid items inside a LazyVerticalStaggeredGrid?,items(),forEach(),map(),repeat(),The items() function is used to iterate over a list and display each item in the grid.
43,What does the 'fillMaxSize()' modifier do when applied to a LazyVerticalStaggeredGrid?,Fills the grid to the full size of its parent container.,Disables scrolling in the grid.,Restricts the grid size to fit its content only.,Aligns the grid items to the left.,The fillMaxSize() modifier makes the LazyVerticalStaggeredGrid fill all available space within its parent container.
43,What is the difference between fixed and adaptive modes in LazyVerticalStaggeredGrid?,"Fixed mode uses a set number of columns, while adaptive mode calculates columns based on available space.","Fixed mode is only for horizontal grids, while adaptive mode is for vertical grids.","Fixed mode calculates the number of columns based on screen size, while adaptive mode uses a set number of columns.","Fixed mode requires items to be of the same size, while adaptive mode allows different sizes.","In fixed mode, the grid has a predefined number of columns. Adaptive mode adjusts the number of columns based on the available space and a minimum item size."
43,Which method is used to control spacing between grid items in LazyVerticalStaggeredGrid?,verticalItemSpacing,gridPadding,spacingBetweenItems,itemSpacing,The verticalItemSpacing parameter is used to set the space between items in a vertical staggered grid.
44,How do you define a fixed number of columns in a VerticalPager?,By setting the horizontalArrangement property.,With the columns parameter set to StaggeredGridCells.Fixed.,By defining a fixed width for each page.,Using the columnCount property.,"In a VerticalPager, horizontalArrangement is used to adjust the arrangement of items within the pages."
44,What method should be used to navigate to a specific page with an animated transition?,animateScrollToPage(),scrollToPage(),scrollToPosition(),snapToPage(),The animateScrollToPage() method is used to navigate to a specific page with a smooth animation.
44,Which of the following statements is true about the VerticalPager composable?,It displays content that users can scroll vertically.,It requires an XML layout to function.,It does not support programmatic scrolling.,It allows paging only in the horizontal direction.,The VerticalPager composable is designed to display pages that users can navigate by scrolling vertically.
44,"When using animateScrollToPage(), from where should it be called?",From within a coroutine.,From the onCreate() method of an Activity.,In the XML layout file.,Directly in the Composable function.,animateScrollToPage() is a suspend function and must be called from within a coroutine using a coroutine scope.
44,How can you enable or disable user scrolling in a pager?,Using the userScrollEnabled property.,By setting the modifier parameter.,By adjusting the state property.,Through the pageContent lambda.,The userScrollEnabled property can be set to true or false to allow or prevent users from manually scrolling through pages.
44,What is the function of the 'scrollToPage()' method in pager state?,It scrolls to a specific page instantly without animation.,It scrolls to a specific page with animation.,It changes the page size dynamically.,It adjusts the scroll speed of the pager.,"The scrollToPage() method scrolls to the target page without any animation effect, making it an immediate transition."
44,Which of the following is a valid use of pagerState?,Determining the current page number in a pager.,Adjusting the font size of Text composables.,Defining the background color of a Button.,Controlling the alignment of items within a Row.,"pagerState provides information about the pager, including the current page number through properties like currentPage."
44,Which of the following is required to display a book cover in a HorizontalPager?,A drawable resource and an Image composable.,An XML vector graphic for each image.,An XML layout file for each book cover.,A RecyclerView with a custom adapter.,"To display images like book covers in a pager, you need drawable resources and an Image composable to render each image."
44,How do you determine if a pager is currently scrolling?,Using the isScrollInProgress property of pagerState.,With the userScrollEnabled property set to false.,By checking the size of the pageContent lambda.,Through the onScrollChanged() method.,The isScrollInProgress property of pagerState indicates whether the pager is actively scrolling between pages.
44,What does the 'reverseLayout' property do in a pager?,Displays pages in the opposite direction.,Reverses the order of page numbers.,Inverts the colors of each page.,Disables user interactions with the pager.,"The reverseLayout property changes the direction in which pages are displayed, showing them in reverse order."
44,What does the 'beyondBoundsPageCount' property control?,The number of pages loaded outside the visible bounds.,The scroll speed between pages.,The height of each page in a VerticalPager.,The total number of pages in the pager.,"beyondBoundsPageCount specifies how many additional pages are kept in memory outside the currently visible bounds, which helps in smoother scrolling."
44,What is the purpose of the 'pageContent' lambda in the pager composables?,It defines the content to be displayed on each page.,It determines the animation speed of page transitions.,It controls the scroll behavior between pages.,It sets the size of each page.,The pageContent lambda is used to define what each page will display in the VerticalPager or HorizontalPager.
44,Which alignment is used to center content vertically in a HorizontalPager?,verticalAlignment,horizontalAlignment,centerAlignment,gravityAlignment,"In a HorizontalPager, verticalAlignment is used to align content vertically within each page."
44,What is the primary purpose of the VerticalPager and HorizontalPager composables in Jetpack Compose?,To enable paging through content using swipe gestures.,To create complex nested layouts with multiple columns.,To manage asynchronous data loading.,To display lists of data with infinite scrolling.,The VerticalPager and HorizontalPager composables are used to create layouts where users can navigate through pages by swiping horizontally or vertically.
44,Which property is mandatory when using VerticalPager or HorizontalPager composables?,state,modifier,userScrollEnabled,pageSize,"The state property is mandatory when using VerticalPager or HorizontalPager, as it manages the paging behavior and keeps track of the current page."
44,How can you specify the number of pages in a pager?,By passing the number of pages to the rememberPagerState function.,By declaring the number of pages in the pageSize property.,By using the size parameter in the VerticalPager or HorizontalPager.,By setting the pageCount property directly on the pager.,The rememberPagerState function is used to specify the number of pages for the pager by passing it as a parameter.
44,Which method is recommended for creating a coroutine scope in Compose?,rememberCoroutineScope(),launchNewScope(),CoroutineScopeProvider,createCoroutineScope(),The rememberCoroutineScope() function is the recommended way to create a coroutine scope in Compose for launching coroutine actions.
44,What is the role of the 'key' parameter in a pager?,It helps Compose track page changes efficiently.,It determines the animation style for page transitions.,It sets the default page size for the pager.,It defines the data type used in each page.,"The key parameter is used to help Compose identify each page, making it more efficient when content changes."
44,What type of alignment is used in a VerticalPager for horizontal content alignment?,horizontalAlignment,verticalAlignment,centerAlignment,alignContent,The horizontalAlignment property in a VerticalPager is used to align content horizontally within each page.
44,What is the purpose of the modifier parameter in the VerticalPager or HorizontalPager composables?,It is used to modify the appearance and layout of the pager.,It sets the number of pages displayed simultaneously.,It defines the scrolling direction of the pager.,It adjusts the page transition speed.,"The modifier parameter is used to customize the appearance and layout of the pager, such as setting its size or padding."
45,What is the default alpha value for the fadeIn() function?,0,0.5,1.0,2.0,"The default alpha value for fadeIn() is 0, meaning the content starts fully transparent before fading in."
45,What is the purpose of the repeatable() function in animation?,To make an animation loop a specified number of times.,To delay the start of an animation.,To make an animation faster.,To create a smooth fade effect.,"The repeatable() function allows an animation to be repeated a set number of times, with an option to reverse direction."
45,What is the function of the 'enter' parameter in the AnimatedVisibility composable?,Defines the animation when the composable becomes visible.,Defines the animation duration for all animations.,Sets the starting position of the composable.,Determines the content of the composable.,The enter parameter specifies the animation to be applied when the child composables appear.
45,Which of the following is a predefined animation easing option in Jetpack Compose?,LinearOutSlowInEasing,SpringOutEasing,BounceInEasing,CubicOutEasing,"LinearOutSlowInEasing is one of the predefined easing options, providing a smooth transition from linear to slower speed."
45,What must be set to disable default animations in the parent AnimatedVisibility instance?,EnterTransition.None and ExitTransition.None,tween() duration to zero,animationSpec to null,scaleIn() with a value of zero,Setting the enter and exit parameters to EnterTransition.None and ExitTransition.None disables default animations in the parent.
45,What is the purpose of the targetState parameter in the Crossfade composable?,It specifies which composable should be visible.,It sets the duration of the fade.,It defines the background color of the fade.,It controls the size of the fade area.,The targetState parameter in Crossfade determines which composable is currently visible and controls the transition between them.
45,What does the expandIn() function do?,Reveals content using both horizontal and vertical clipping.,Slides content into view from the left.,Fades content in without resizing it.,Shrinks content from view along both axes.,expandIn() reveals the content by gradually expanding it using horizontal and vertical clipping techniques.
45,What does the expandVertically() animation effect do?,Expands the content into view vertically.,Shrinks the content vertically before disappearing.,Fades the content out of view.,Slides the content into view horizontally.,"The expandVertically() function reveals content using a vertical clipping technique, expanding it into view."
45,How can multiple animation effects be combined in AnimatedVisibility?,Using the + operator.,Using the tween() function.,By calling the functions sequentially.,With a custom animation spec.,"Multiple animation effects can be combined using the + operator, such as fadeIn() + expandHorizontally()."
45,What does the tween() function allow you to do?,Control animation duration and easing.,Modify the layout of a composable.,Set a specific position for animations.,Repeat animations indefinitely.,The tween() function is used to specify the duration and easing behavior of an animation.
45,Which component allows you to change animation parameters like duration and easing?,AnimationSpec,LayoutModifier,VisibleState,Crossfade,"AnimationSpec provides options for configuring animation parameters, including duration and easing."
45,How can you ensure that an animation starts automatically in Jetpack Compose?,By using MutableTransitionState with targetState.,Using the animateStart() function.,Applying the default animation behavior.,Setting the visible parameter to true.,Using MutableTransitionState allows you to control when the animation starts by setting its targetState property.
45,Which parameter is mandatory when using the AnimatedVisibility composable?,visible,enter,modifier,exit,The visible parameter is required as it determines whether the child composables should be shown or hidden.
45,How can you make an animation start with a delay?,By using the tween() function with a delayMillis parameter.,By using the fadeIn() function directly.,By setting the visible parameter to false.,By applying a delay modifier to the composable.,The tween() function allows for specifying a delay in milliseconds before the animation starts using the delayMillis parameter.
45,Which function is used for animating the replacement of one composable with another?,Crossfade(),tween(),animateContentSize(),expandVertically(),"The Crossfade() function is used to animate the transition between two composables, creating a smooth fade effect."
45,Which function is used to make a composable fade into view?,fadeIn(),slideIn(),expandIn(),scaleIn(),The fadeIn() function is used to animate the appearance of a composable with a fading effect.
45,What is the role of the 'targetState' in MutableTransitionState?,It determines the end state of the animation.,It sets the initial size of the animation.,It modifies the color of the animated component.,It adjusts the speed of the animation.,The targetState in MutableTransitionState defines the final visibility state that the animation will reach.
45,"When using AnimatedVisibility, how can you control the easing effect of an animation?",By passing an easing value to the tween() function.,By using the fadeIn() function.,By setting the visible parameter to true.,By adding a delay parameter to the animation.,"Easing effects are specified by passing an easing value, like LinearOutSlowInEasing, to the tween() function."
45,How can different enter and exit animations be applied to individual children within an AnimatedVisibility scope?,Using the animateEnterExit() modifier.,Applying different layout modifiers.,Setting a different visible parameter for each child.,Using the duration parameter.,The animateEnterExit() modifier allows custom animations for individual children within an AnimatedVisibility scope.
45,What is the purpose of the AnimatedVisibility composable in Jetpack Compose?,To animate the visibility of a composable when it appears or disappears.,To perform animations on list scrolling behavior.,To adjust the padding of a composable.,To create custom animations for any composable.,"AnimatedVisibility is used to add animations when a composable appears or disappears, such as fading, sliding, or expanding effects."
45,Which AnimatedVisibility function is used to shrink content from view behind a vertical clip bounds line?,shrinkHorizontally(),shrinkOut(),slideInHorizontally(),shrinkVertically(),shrinkHorizontally() allows content to slide from view behind a shrinking vertical clip bounds line.
45,What is the default behavior of AnimatedVisibility if no animation is specified?,It animates with a subtle fade.,It slides the content into view.,It expands the content into view.,It instantly shows or hides the content.,"By default, AnimatedVisibility applies a subtle fade when making the content visible or invisible."
45,Which animation effect would you use to make content slide out of view to the left?,slideOutHorizontally,expandHorizontally,shrinkVertically,fadeOut,The slideOutHorizontally() function is used to animate the content sliding out of view along the horizontal axis.
45,What is the purpose of the animationSpec parameter in animation functions like fadeIn()?,To define the duration and easing of the animation.,To change the background color of the animation.,To define the size of the content being animated.,To set the position of the animation.,animationSpec allows developers to customize the duration and easing properties of the animation.
45,What happens when the enter and exit parameters are set to EnterTransition.None and ExitTransition.None in AnimatedVisibility?,No animations are applied when showing or hiding the content.,The content shrinks out of view.,The content slides into view.,The default fade animation is applied.,Setting EnterTransition.None and ExitTransition.None disables any default or custom animations for showing or hiding content.
48,What is the primary benefit of using LiveData with ViewModel in a non-Compose Android app?,LiveData automatically updates the UI when data changes,LiveData replaces the need for data binding,LiveData is faster than using state variables,LiveData can only be used with ViewModel,"LiveData is designed to be lifecycle-aware, meaning it can notify UI controllers like activities and fragments of data changes, updating the UI automatically when the data changes."
48,How does the ViewModel help with activity lifecycle management?,It ensures that data is persisted even when an activity is recreated,It controls the lifecycle of fragments,It directly handles activity recreation,It prevents activities from being destroyed,"ViewModel instances remain in memory even when an activity is recreated, ensuring that data is not lost during lifecycle changes like device rotation."
48,Which of the following is a key principle of modern Android architecture recommended by Google?,Single activity apps with separated responsibilities,Multiple activity-based apps with mixed UI and data logic,Using only fragments for UI management,Apps with no separation between UI and data logic,"Google recommends a modern architecture where apps use a single activity, with different screens loaded as content within that activity, and separate modules for data handling (separation of concerns)."
48,"In a ViewModel, what triggers the recomposition of the UI?",Changes to the ViewModel state data,Using the viewModel() function,Launching a new activity,Initialization of the ViewModel,"When the state data in the ViewModel changes, such as through a function like increaseCount(), it triggers a recomposition of the Composable functions observing that state."
48,Which statement about MutableLiveData is correct?,It allows observing data changes within a ViewModel,It can be used to store large files in memory,It is exclusive to the Compose framework,It is used to observe UI elements in real-time,"MutableLiveData enables the observation of data changes in ViewModel, allowing the UI to react to updates when the data changes."
48,Which of the following best describes 'separation of concerns' in Android architecture?,Dividing different responsibilities into separate modules,Keeping all code in a single activity class,Combining UI code and backend logic,Storing all data in the ViewModel,"Separation of concerns in Android architecture involves dividing app functionality into distinct modules, such as separating UI logic from data management, to make the code more manageable and testable."
48,What is the purpose of the observeAsState() function?,To convert LiveData into a Compose state object,To create a new ViewModel,To manage the lifecycle of an activity,To update the UI without recomposition,"The observeAsState() function is used to observe a LiveData object and convert it into a Compose state object, making it behave like other state variables and triggering recompositions when data changes."
48,Why is it important to use viewModelScope when performing background tasks?,It automatically cancels tasks when the ViewModel is cleared,It enhances the speed of recomposition,It manages lifecycle of UI components,It keeps the ViewModel active after the activity is destroyed,"The viewModelScope ensures that coroutines launched within the ViewModel are automatically canceled when the ViewModel is cleared, helping to manage resources effectively."
48,Which function is used to create or access a ViewModel instance in a Composable?,viewModel(),createViewModel(),getViewModel(),rememberViewModel(),The viewModel() function is provided by the Compose view model lifecycle library to create or retrieve a ViewModel instance within a Composable.
48,When should you use the MutableLiveData class in a ViewModel?,When you want to store observable data that predates Compose,When you need to implement animations,When you need to handle user input events directly,When you want to observe changes in data using Compose state,MutableLiveData is part of Jetpacks older architecture components and is used to store observable data before Composes state management became prevalent.
48,How is a MutableState in Compose different from MutableLiveData?,MutableState is specific to Compose and used for state management within Composables,MutableLiveData can only be used with Compose,MutableState can store complex data types like JSON directly,MutableState persists data across configuration changes automatically,"MutableState is a state management mechanism designed for use within Composable functions in Jetpack Compose, whereas MutableLiveData is used for observing state outside of Compose."
48,What role does the 'separation of concerns' concept play in Android app architecture?,It separates different areas of functionality into distinct modules,It merges UI logic with data handling in a single module,It combines multiple activities into one,It focuses on integrating third-party libraries,"Separation of concerns aims to divide different aspects of an application into separate modules, ensuring that UI logic, data handling, and other functions are managed independently."
48,Which of the following statements is true about the viewModel() function?,It shares a ViewModel instance with all Composables in the same scope,It requires a unique key to be used,It cannot be used with navigation components,It creates a new ViewModel instance every time,"The viewModel() function provides the same ViewModel instance to all Composables in the same scope, allowing them to share data easily."
48,Why is it recommended to initialize a ViewModel in a top-level Composable?,To allow child Composables to access and observe the state easily,To avoid creating multiple instances of the ViewModel,To ensure that the UI and data are tightly coupled,To minimize the number of Composables in an app,"By initializing the ViewModel in a top-level Composable, its state can be passed down through the Composable hierarchy, making it easier to manage and observe the data in child Composables."
48,What role does the MutableState object play in a ViewModel with Compose?,It holds the current state value that triggers UI recompositions,It manages background tasks,It handles error logging,It stores the layout design,"In Compose, MutableState is used to store state variables that, when updated, trigger recompositions of Composable functions observing those values."
48,What is the key benefit of using ViewModel with a Compose UI?,It helps maintain data consistency during configuration changes,It directly controls the UI layout,It speeds up UI rendering,It enables direct interaction with Android services,"ViewModel allows the UI to retain its data through configuration changes like screen rotations, ensuring that the data remains consistent without needing to save and restore it manually."
48,Which of the following is true about the viewModel() function?,It returns an existing ViewModel instance if one is already created,It always creates a new instance of a ViewModel,It handles network requests,It can be used to observe changes in data directly,"The viewModel() function checks if a ViewModel instance already exists in the current scope and returns it; otherwise, it creates a new instance."
48,Which Compose library function converts a LiveData object into a State object?,observeAsState(),stateObserver(),liveDataToState(),stateFromLiveData(),"The observeAsState() function is used to convert a LiveData object into a State object, allowing it to be observed within a Composable function."
48,"When using a ViewModel with Compose, where is the best place to initialize the ViewModel?",At the root level of the Composable hierarchy,Inside a coroutine function,In the MainActivity's onCreate method,Inside a child Composable function,Initializing the ViewModel at the root level of the Composable hierarchy ensures that all child Composables can access and observe the same instance.
48,What is the primary purpose of the ViewModel component in Android architecture?,To store and manage UI-related data separately from UI logic,To design the layout of an Android app,To manage user interface elements directly,To handle database interactions,"The ViewModel component is designed to separate UI-related data and logic from the UI controllers, helping to maintain data consistency across configuration changes and providing a clean separation of concerns."
48,What is a common use case for the viewModelScope in a ViewModel?,Performing network calls or database operations,Handling user input directly,Defining UI layouts,Managing UI navigation,"The viewModelScope is commonly used for background tasks like network calls or database operations, ensuring these operations respect the ViewModels lifecycle."
48,How does a ViewModel instance behave when an activity is recreated?,"It persists, maintaining the state data",It is stored in the device's local database,It is destroyed and recreated with the activity,It automatically stores data to shared preferences,"A ViewModel instance persists across configuration changes such as activity recreation, allowing it to maintain the data it holds."
48,Which architecture component is still relevant in modern Android app development with Compose?,ViewModel,DataBinding,LiveData,Activity Navigation,"Even with Composes built-in state management, the ViewModel remains relevant for managing UI-related data and separating it from UI logic, especially in complex applications."
48,What dependency must be added to use the Compose viewModel() function?,androidx.lifecycle:lifecycle-viewmodel-compose,androidx.compose.runtime:runtime-livedata,androidx.activity:activity-compose,androidx.compose.ui:ui,The androidx.lifecycle:lifecycle-viewmodel-compose library needs to be added to the projects dependencies to use the viewModel() function in Compose.
50,What role does a database schema play in a database?,Defines the relationships and characteristics of data in tables,Manages user authentication and permissions,Handles network connections in an application,Defines the structure of user interface components,"A database schema defines the structure, relationships, and characteristics of the data stored in database tables."
50,Which statement is used to create a new table in an SQLite database?,CREATE TABLE,NEW TABLE,CREATE,ADD TABLE,The CREATE TABLE statement is used to define a new table and its structure in an SQLite database.
50,What is the function of the .tables command in SQLite?,To display a list of tables in the database,To list all records in a table,To create a new table,To delete a specific table,The .tables command in SQLite is used to list all the tables that exist in the currently selected database.
50,Which SQL statement would you use to retrieve all rows from a table named 'contacts'?,SELECT * FROM contacts;,FINDALL IN contacts;,RETRIEVE * FROM contacts;,UPDATE contacts SET name = 'John';,"The SELECT statement is used to retrieve rows from a table, and * indicates that all columns should be retrieved."
50,Which Android command-line tool is used to interact with an Android device or emulator for debugging purposes?,adb,proguard,gradle,junit,"The Android Debug Bridge (adb) allows developers to communicate with Android devices or emulators, making it useful for debugging, including database interactions."
50,Which of the following is true about the Structured Query Language (SQL)?,It is a standard language for most relational databases,It is used only for reading data from databases,It is used for designing user interfaces,It is exclusive to SQLite databases,"SQL is a standardized language used for interacting with relational databases, and it is supported by many DBMS, including SQLite."
50,Why is SQLite considered 'embedded'?,It is built into the Android operating system,It requires external servers to run,It cannot be used outside of mobile applications,It runs as a background service in Android,"SQLite is embedded because it runs within the application itself, without the need for a separate server process."
50,What does the 'autoincrement' keyword ensure when used with a primary key in SQLite?,That primary key values are assigned automatically in sequence,That tables are deleted automatically after a certain time,That records are encrypted,That all records are sorted alphabetically,"The autoincrement keyword ensures that each new record has a unique primary key, automatically incrementing with each new row."
50,How is SQLite different from other relational database management systems like Oracle or SQL Server?,"It is an embedded database, running within the application itself",It is a standalone server process,It requires a network connection to operate,It only supports storing data in JSON format,"SQLite is embedded, meaning it is provided as a library linked directly into applications, unlike other databases that run as standalone server processes."
50,Why is it necessary for each table in Android's SQLite database to have a primary key named '_id'?,It is a requirement for compatibility with Android's database-related classes,It allows tables to be accessed over the network,It enables encryption of database files,It helps to store large binary data,"In Android, the primary key must be named _id for seamless access using database-related classes like Cursor."
50,How is data typically stored in an SQLite database on an Android device?,In a file with a .db extension within the application's data directory,In JSON format,In XML files,In a cloud storage solution,SQLite databases are stored as .db files in the apps data directory on the device.
50,What is the role of the 'Room' persistence library in Android?,To simplify the interaction with SQLite databases,It replaces SQLite with a more intuitive syntax,To provide advanced UI components,To increase database performace,"The Room library offers a higher-level interface over SQLite, making it easier to interact with databases while following modern architectural practices."
50,Which SQL command is used to add a new row into a table?,INSERT,SELECT,ADD,UPDATE,The INSERT statement is used to add new rows into a specified table in SQL.
50,What is the purpose of the 'autoincrement' keyword when defining a primary key in SQLite?,To automatically increment the primary key value for each new row,To automatically delete old records,To ensure each value in the column is unique,To enforce foreign key relationships,Using autoincrement with an integer primary key ensures that each new row gets a unique key value incremented automatically.
50,What happens if an Android app creates a database without defining a primary key?,It will be difficult to uniquely identify and access records,The database will automatically create a primary key column,Each record will be automatically assigned a unique ID,The database will not store any data,"Without a primary key, there is no guaranteed way to uniquely identify a specific row, making data retrieval and management more challenging."
50,Why is SQLite a suitable choice for mobile applications?,It is lightweight and does not require a separate server,It supports real-time data streaming,It requires a high level of hardware resources,It can only be used with an internet connection,"SQLite is lightweight and runs within the application itself, making it suitable for mobile applications where resource usage must be minimized."
50,Which of the following is used to uniquely identify a row in a database table?,Primary key,Foreign key,Index,Data type,"A primary key uniquely identifies each row in a database table, ensuring no duplicate rows exist for the key."
58,What is the purpose of the viewModelScope in the tutorial?,To launch coroutines that are tied to the lifecycle of the ViewModel,To handle configuration changes in the app,To manage navigation between screens,To manage the UI state within a composable function,viewModelScope is used to launch coroutines within a ViewModel. This ensures that coroutines are automatically canceled when the ViewModel is cleared.
58,How does SharedFlow handle multiple collectors?,All collectors share the same data stream.,Only one collector is allowed at a time.,Collectors receive the latest emitted value only.,Each collector receives a different stream of data.,"SharedFlow allows multiple collectors to share the same data stream, which means all active collectors will receive the same emitted values."
58,Which function is used to stop collecting values when the app is in the background?,repeatOnLifecycle(),launchIn(),collect(),observeAsState(),"repeatOnLifecycle() is used to ensure that the flow collection starts when the app reaches a certain lifecycle state (e.g., STARTED) and stops when the lifecycle state changes (e.g., when the app is in the background)."
58,What does the SharedFlow emit method do?,Emits a new value into the SharedFlow,Terminates the flow,Converts a SharedFlow into a StateFlow,Starts the flow collection,"The emit method is used within a coroutine to send new values into the SharedFlow, which can then be collected by any subscribers."
58,Which function is used to create a SharedFlow instance that can be collected?,MutableSharedFlow(),MutableStateFlow(),SharedFlow(),flowOf(),"MutableSharedFlow() is used to create a mutable instance that can emit values, which is then exposed as a SharedFlow using the asSharedFlow() method."
58,What is the key advantage of using repeatOnLifecycle for flow collection?,It starts and stops collection based on the lifecycle state.,It allows multiple collectors for a single flow.,It allows flow collection to continue indefinitely.,It makes the flow immutable.,"repeatOnLifecycle is used to automatically start and stop flow collection when the apps lifecycle state changes, such as when the app moves between foreground and background."
58,Why is the asSharedFlow() function used?,To expose a MutableSharedFlow as a read-only SharedFlow,To start emitting values from a SharedFlow,To reset the SharedFlow,To convert a StateFlow into a SharedFlow,"The asSharedFlow() function is used to convert a MutableSharedFlow into a read-only SharedFlow, ensuring that the flow can be observed without being modified externally."
58,What does the onBufferOverflow parameter in MutableSharedFlow control?,How the flow handles new values when the buffer is full,The maximum number of collectors,The initial value of the SharedFlow,The flow's emission delay,"The onBufferOverflow parameter defines how a SharedFlow should behave when its buffer is full, such as discarding the oldest or latest value or suspending until space is available."
58,What happens when the app is placed in the background without using repeatOnLifecycle?,The collection continues even though the app is in the background.,The flow stops emitting values.,The ViewModel is destroyed.,The flow restarts from the initial value when the app resumes.,"Without using repeatOnLifecycle, the flow collection continues even when the app is in the background, which can be inefficient as it updates a UI that is not visible."
58,What is the default replay behavior of SharedFlow if not configured otherwise?,Does not replay any values,Replays all values,Replays only the first value,Replays the last emitted value,"By default, SharedFlow does not replay any values. Replay behavior must be explicitly configured using the replay parameter."
58,"How does an app handle configuration changes, such as device rotation, when using SharedFlow?","The flow continues without restarting, retaining its state.",The activity restarts but the flow is paused.,"The ViewModel is cleared, and a new instance is created.",The flow restarts and loses its state.,"Since the SharedFlow resides in the ViewModel, it retains its state and continues emitting values even after a configuration change, like device rotation."
58,What is the primary purpose of using SharedFlow in the provided tutorial?,To emit sequential integer values from a ViewModel and collect them in the UI,To handle lifecycle events in Android,To replace LiveData in ViewModel,To manage UI state in a Compose app,"The tutorial uses SharedFlow to emit integer values every two seconds from a ViewModel, which are then collected in the Main Activity to be displayed in a list."
58,What happens if a new value is emitted while the SharedFlow collector is processing a previous value?,The new value waits in a buffer.,The new value is discarded.,The flow suspends until the previous value is processed.,The collection stops and restarts.,"SharedFlow supports buffering, which means new values can wait in a buffer until the collector is ready to process them."
58,Why is LaunchedEffect used when collecting a SharedFlow?,To ensure collection is tied to the composable lifecycle,To suspend the flow during collection,To convert the flow to LiveData,To restart the flow when the screen rotates,"LaunchedEffect ensures that the flow collection is managed within the lifecycle of the composable, starting and stopping collection as the composable enters and exits the composition."
58,Which lifecycle state is used with repeatOnLifecycle to start collecting the SharedFlow?,Lifecycle.State.STARTED,Lifecycle.State.INITIALIZED,Lifecycle.State.CREATED,Lifecycle.State.RESUMED,Lifecycle.State.STARTED is used with repeatOnLifecycle to start collecting the flow when the app is visible and stop collection when it moves to the background.
60,What file needs to be added to the Android Studio project after registering the app with Firebase?,google-services.json,gemini-config.json,firebase-keys.xml,ai-credentials.dat,The google-services.json file containing the project ID and API keys must be added to the project.
60,What is the first step in preparing a Gemini Firebase AI Logic project?,Creating a Google Cloud account,Registering the app with Firebase,Adding library dependencies,Generating an API key in AI Studio,"Gemini AI projects are stored and managed in a Google Cloud account, which must be created first before proceeding with other setup steps."
60,Which plugin needs to be added to the module and project-level build.gradle.kts files?,com.google.gms.google-services,androidx.navigation,com.google.ai,com.google.firebase,The com.google.gms.google-service plugin is required to read the google-services.json file.
60,Where is the API key for Gemini APIs generated?,Google AI Studio,Android Studio,Firebase Console,Google Cloud Dashboard,API keys must be generated using Google AI Studio by accessing the AI Studio dashboard.
60,Where should the google-services.json file be placed in the Android Studio project?,In the app folder,In the Gradle scripts folder,In the app/src/main/res folder,In the root project directory,The google-services.json file must be placed into the app folder in the Project tool window.
63,What happens when image generation violates safety filters?,An error message appears in the Text component,The request is automatically retried,The app crashes,A default image is shown,Safety violations result in error messages being displayed through the stateFlow mechanism.
63,What does the personFilterLevel setting control?,Whether generated images can contain people,API request frequency,Image resolution quality,User authentication levels,This safety setting determines if generated images may include adult or child figures.
63,What is the primary purpose of the Imagen model in the GeminiDemo project?,To generate images from text descriptions,To convert images to different formats,To enhance image quality,To analyze existing images,The Imagen model specializes in creating visual content based on textual prompts provided by users.
63,What is the purpose of the ImagenGenerationConfig in the model initialization?,To configure image output characteristics,To set user authentication parameters,To define API rate limits,To manage network timeouts,"This configuration determines aspects like image count, aspect ratio, and format for generated images."
63,Which Firebase plan is required for image generation with Imagen?,Blaze plan,Flame plan,Spark plan,Free tier,Image generation requires upgrading to the pay-as-you-go Blaze plan linked to a Google Cloud Billing account.
63,What is the purpose of the safetyFilterLevel setting?,To manage content appropriateness filters,To set privacy levels,To adjust color saturation,To control image compression,This configuration determines how strictly optional content filters are enforced.
63,How are generated images converted for display in Compose?,Using asImageBitmap(),Via toComposeImage(),With renderBitmap(),Through decodeBitmap(),The ImagenInlineImages asBitmap() creates a bitmap thats then converted to ImageBitmap for Compose.
64,What is the role of 'GlanceModifier' in Glance widgets?,To apply styling and layout modifications,To provide theme colors,To handle background updates,To manage widget lifecycle events,"GlanceModifier is used in Glance widgets to apply layout and styling modifications to widget components, similar to the Modifier in Jetpack Compose."
64,Which method should be used to respond to a widget's size change in Glance?,LocalSize.current,provideSize(),handleSizeChange(),onResize(),LocalSize.current is used within a composable to identify the current size of the widget and adjust the layout accordingly.
64,What should be the top-level component in a Glance widget layout?,GlanceTheme,Box,Column,GlanceModifier,"The top-level component in a Glance widget should be GlanceTheme, which defines the widgets color scheme and can be customized."
64,What is the purpose of the 'android:resizeMode' attribute in a widget's XML configuration?,To control the resizing direction of the widget,To adjust the widget's layout alignment,To define the background color of the widget,To set the widget's update interval,"The android:resizeMode attribute specifies whether a widget can be resized horizontally, vertically, or both."
64,What is a 'cell' in the context of a Glance widget on Android 12?,The space occupied by a single app icon,A pixel on the screen,A unit of background color,A layout component for organizing elements,"On Android 12, a cell refers to the space that a single app icon occupies on the home screen, used to define widget dimensions."
64,Which attribute in the appwidget-provider XML controls the widget's resizing behavior?,android:resizeMode,android:layoutGravity,android:initialLayout,android:minWidth,"The android:resizeMode attribute controls whether a widget can be resized and in which directions (horizontal, vertical, or both)."
64,How are interactive actions such as button clicks handled in a Glance widget?,By using the clickable() modifier,By implementing onTouchEvent(),By using the handleClick() method,By overriding the onClick() method,"Interactive actions in Glance widgets are handled using the clickable() modifier, which can be applied to any composable."
64,In which method can you override to handle the widget being disabled?,onDisabled(),onDelete(),onReceive(),onEnabled(),The onDisabled() method is overridden to handle tasks that need to occur when a widget is disabled.
64,Which function is used to initiate widget updates in Glance?,updateAll(),updateWidget(),refreshGlance(),refreshAll(),The updateAll() function is used to initiate updates for a Glance widget and must be called within a coroutine.
64,What is required to create a responsive Glance widget layout?,Defining multiple size modes with SizeMode.Responsive,Setting sizeMode to Single,Using the GlanceModifier for styling,Overriding the onResize() method,A responsive Glance widget layout uses SizeMode.Responsive to define multiple size modes and adjust the content based on available space.
64,Which of the following Glance actions is used to start background tasks?,actionStartService(),actionBackgroundTask(),actionStartActivity(),actionSendBroadcast(),"The actionStartService() function is used to launch services, which can handle long-running background tasks."
64,What is the primary purpose of Glance in Jetpack Compose?,To add widgets to apps,To manage complex animations,To create custom themes,To improve app performance,"Glance is a framework in Jetpack Compose that allows developers to add widgets to their apps, offering users a way to interact with app content directly from their devices home screen."
64,Which method must be overridden when creating a custom Glance widget?,provideGlance(),onCreate(),onResume(),provideContent(),"To create a custom Glance widget, you need to subclass GlanceAppWidget and override the provideGlance() method to define the widgets content."
64,What is required to ensure a Glance widget remains up-to-date with the latest data?,Scheduling updates with updateAll(),Adding all data to the provideGlance() method,Using a static XML layout,Manually refreshing the widget every time,"Glance widgets should use updateAll() to ensure they remain up-to-date with the latest information, especially for time-sensitive data."
64,Which of the following Glance components allows launching activities?,actionStartActivity(),actionSendBroadcast(),actionStartService(),GlanceModifier,The actionStartActivity() function is used within a Glance widget to launch activities from the widget.
64,What is the role of a Broadcast Receiver in a Glance widget?,To listen for system messages and lifecycle events,To update the widget layout,To handle user inputs,To create animations for widgets,A Broadcast Receiver in a Glance widget listens for system messages and lifecycle events like enabling or disabling the widget.
64,Which component converts Glance composables into views that can be displayed outside the app's process?,RemoteViews,GlanceAppWidget,GlanceModifier,BroadcastReceiver,"Glance uses RemoteViews to display composables outside the apps process, such as on the devices home screen."
64,Which component is used to display text in a Glance widget?,Text,TextView,GlanceText,GlanceModifier,"Glance widgets use the Text composable from the Glance framework to display text, similar to Jetpack Compose."
64,What is the purpose of the 'targetCellWidth' attribute in a widget XML file?,To set the number of home screen cells the widget occupies,To control the widget's update,To specify the pixel width of the widget,To define the minimum size of the widget,The targetCellWidth attribute defines how many cells (icon-sized spaces) the widget occupies on the home screen.
64,How is a Glance widget's broadcast receiver registered?,Within the AndroidManifest.xml file,Through the build.gradle file,Using a Java file,In the app's main activity,The broadcast receiver for a Glance widget must be registered in the AndroidManifest.xml file to handle lifecycle events properly.
65,Which component in the Glance widget layout displays text?,Text,GlanceText,MaterialText,GlanceTheme,The Text component from the Glance library is used to display text in Glance widgets.
65,What is required to make a Glance widget responsive to size changes?,Using SizeMode.Responsive with specified sizes,Using only a single layout,Setting minHeight and minWidth only,Setting the layout to fixed,Using SizeMode.Responsive with defined sizes allows the widget to adapt its layout based on different dimensions.
65,What is the purpose of the .clickable modifier in Glance widgets?,To handle user interactions,To refresh the layout,To set background images,To change text color,The .clickable modifier is used to define actions that occur when a user interacts with a widget element.
65,Which function is called to update a Glance widget manually?,updateAll(),refreshAll(),refreshWidget(),updateContent(),The updateAll() function is used to refresh the content of a Glance widget manually.
65,Which Gradle dependency is necessary for using Glance in a project?,androidx.glance.appwidget,androidx.compose.material3,androidx.lifecycle.viewmodel.compose,kotlinx.coroutines.core,The androidx.glance.appwidget library is required for creating Glance widgets.
65,Which method is used to define the content of a Glance widget?,provideContent(),composeContent(),setContent(),glanceContent(),The provideContent() method is used within the GlanceAppWidget to define the layout and content of the Glance widget.
65,Which file specifies the configuration settings like size and preview image for the widget?,stock_app_widget_info.xml,build.gradle,appwidget-config.xml,widget-settings.json,"The stock_app_widget_info.xml file contains configuration settings for the widget, such as size and preview image."
66,What happens when too many failed biometric authentication attempts occur?,The user must authenticate through the lock screen.,The app is automatically closed.,The device is locked permanently.,The app requests the user to register a new biometric.,"After multiple failed attempts, BiometricPrompt enforces a timeout and requires the user to use the device lock screen to try again."
66,What role does BiometricPrompt.AuthenticationCallback play in biometric authentication?,It provides methods to handle authentication results.,It manages the storage of fingerprint data.,It is used to update the app's biometric settings.,It displays the user interface for biometric authentication.,"BiometricPrompt.AuthenticationCallback is used to define what actions the app should take when authentication succeeds, fails, or encounters an error."
66,What is the role of the BiometricPrompt.PromptInfo.Builder class?,"It creates a configuration for the biometric prompt, including title and button text.",It handles the registration of biometric data.,It manages user authentication callbacks.,It checks hardware compatibility for biometric authentication.,"The Builder class configures the prompt dialog, allowing developers to set the title, description, and cancel button text."
66,What is the purpose of the setNegativeButtonText() method in the BiometricPrompt.Builder?,To define the text displayed on the cancel button of the prompt.,To define a message displayed on successful authentication.,To specify the retry interval for biometric authentication.,To set the message for failed authentication attempts.,"setNegativeButtonText() sets the text for the negative button, providing the user with an option to cancel the authentication process."
66,Why is the mainExecutor used when creating a BiometricPrompt instance?,To ensure authentication callbacks are handled on the main thread.,To handle hardware interactions with the fingerprint sensor.,To register new biometric data.,To manage background biometric processes.,"Using the mainExecutor ensures that the authentication results are processed on the main thread, which is necessary for UI updates."
66,Which biometric permission is required in the AndroidManifest.xml file to support both fingerprint and face authentication?,android.permission.USE_BIOMETRIC,android.permission.CAMERA,android.permission.READ_BIOMETRIC_DATA,android.permission.AUTHENTICATE_BIOMETRIC,The USE_BIOMETRIC permission allows the app to access biometric authentication capabilities like fingerprint and face recognition.
66,"In the context of biometric authentication, what is a 'singleton' object in Kotlin?",An object that has only one instance throughout the app.,A class used for user interface components.,A class that manages biometric data.,An object that can be instantiated multiple times.,"A singleton in Kotlin is a type of object that has a single instance, making it ideal for managing shared data like biometric state."
66,Why is it important to check if the device supports biometric authentication before initiating the process?,To avoid displaying a biometric prompt on unsupported devices.,To ensure that the app displays the correct language.,To verify that the device has a compatible display.,To save battery life during authentication.,Checking if biometric support is available prevents the app from showing a prompt that users cannot interact with if the device does not support biometric features.
66,What is the primary purpose of the BiometricManager class in Android biometric authentication?,To verify hardware support for biometric authentication and check user settings.,To store fingerprint data on the device.,To display a dialog for user authentication.,To manage user interactions with biometric sensors.,"The BiometricManager class ensures that the device supports biometric authentication and that the user has enabled the required settings, like fingerprint or face recognition."
66,Which Android API level is required as a minimum for the BiometricDemo project?,API 29 (Q),API 23 (Marshmallow),API 26 (Oreo),API 21 (Lollipop),"The BiometricDemo project is configured to support a minimum API level of 29, as this version includes enhanced biometric features."
66,Which method in BiometricPrompt is used to handle errors during authentication?,onAuthenticationError,onAuthenticationFailed,onAuthenticationSucceeded,onBiometricCanceled,"The onAuthenticationError method handles errors that occur during the authentication process, such as too many failed attempts."
66,What does the BiometricPrompt class do?,It displays a standard dialog for user authentication and reports the results.,It displays a custom authentication screen.,It checks if the device supports biometric authentication.,It manages user settings for biometric authentication.,"BiometricPrompt handles displaying the authentication dialog, guiding users through the process, and returning the result to the app."
66,Why is it necessary to use FragmentActivity instead of ComponentActivity when working with BiometricPrompt in Jetpack Compose?,Because BiometricPrompt requires a context from FragmentActivity.,Because it simplifies the UI structure.,Because ComponentActivity does not support Compose UI.,Because FragmentActivity is more secure.,"BiometricPrompt is designed to work with FragmentActivitys context, making it incompatible with ComponentActivity."
66,Why is the biometric prompt dialog necessary in the authentication process?,To guide the user through biometric authentication.,To store user credentials.,To provide access to the device's camera.,To collect user feedback on the app.,"The prompt dialog helps the user understand how to complete the biometric authentication process, such as placing a finger on the sensor."
66,Which method is used to check if biometric authentication is available and enabled on a device?,BiometricManager.canAuthenticate(),BiometricPrompt.isAvailable(),BiometricManager.checkAuthentication(),BiometricPrompt.authenticate(),The canAuthenticate() method of BiometricManager is used to determine if biometric authentication is available and properly set up on the device.
66,How is the initial fingerprint data enrolled on a physical Android device?,Through the device's Security & privacy settings.,By uploading it to Google Play Services.,Using a third-party biometric scanner.,By adding it through the app's settings.,"Fingerprint enrollment is done through the devices Security & privacy settings, where users can register their fingerprints."
66,Why is the BiometricPrompt.authenticate() method called?,To initiate the user authentication process.,To verify that the device supports biometrics.,To check for previously stored fingerprint data.,To update user biometric preferences.,"The authenticate() method starts the biometric prompt dialog, allowing the user to authenticate using their biometric data."
66,What is required to initiate fingerprint authentication on a device?,At least one enrolled fingerprint and a secure lock screen.,A third-party biometric library.,A device with a built-in face scanner.,An API level of 21 or above.,"To use fingerprint authentication, the device must have at least one registered fingerprint and a secure method for unlocking the screen."
67,What is the role of the MaterialTheme composable in a Compose project?,"To apply color, typography, and shape theming to components",To handle user input,To define the structure of an app,To create new UI elements,"MaterialTheme is used in Compose to apply theming elements such as colors, typography, and shapes across an apps UI components."
67,How many color slots are available for use in Material Design 3?,24,8,16,32,"Material Design 3 provides a total of 24 color slots for developers to define various aspects of their apps color scheme, allowing for extensive customization."
67,What is the primary purpose of Material Design guidelines in Android development?,To provide design consistency while allowing for branding flexibility,To mandate the use of Google's default color schemes,To enforce strict design rules across all Android apps,To restrict the use of custom fonts in apps,"Material Design provides guidelines to ensure a consistent appearance across different apps while allowing developers to customize colors, typography, and shapes to align with their branding."
67,Which of the following is a recommended practice when using the Material Theme Builder?,Download and directly replace existing Color.kt and Theme.kt files,Only use predefined themes,Manually edit every color slot,Use the default colors without any adjustments,"After designing a custom theme using the Material Theme Builder, developers can export the theme files and replace the existing Color.kt and Theme.kt files in their project for consistency."
67,Which file should be edited to change the default font sizes used in a Material Design 3 theme?,Typography.kt,Font.kt,Theme.kt,type.xml,"Typography.kt defines the font sizes, styles, and families used in a Material Design theme, allowing developers to customize how text appears throughout their app."
67,What is the purpose of using the slot API in the MyAppTheme function?,To pass content into a theme composable,To optimize memory usage,To automatically adjust screen resolution,To create new UI elements dynamically,"The slot API is used in Compose to pass content into a themed container, ensuring that the content respects the themes colors and typography."
67,What tool helps developers create complementary color palettes for their Android app themes?,Material Theme Builder,Android Studio Layout Editor,ColorPicker,Compose Designer,"The Material Theme Builder is designed to assist developers in selecting harmonious color palettes and typography for their app themes, simplifying the customization process."
67,Which type of colors does dynamicLightColorScheme() function use?,Colors that match user preferences and system themes,High-contrast colors,Randomly generated colors,Predefined color palettes,"The dynamicLightColorScheme() function adjusts colors to match user-selected themes, providing a personalized look that aligns with the users system preferences."
67,What file in an Android Studio Compose project contains the color definitions for a theme?,Color.kt,Typography.kt,Theme.kt,color.xml,"The Color.kt file in a Compose project is used to define the colors that are part of the apps theme, which are then used in various UI elements."
67,What aspect of an app can be customized using the Material Theme Builder?,Color palettes and fonts,App permissions,Database schemas,Code structure,"The Material Theme Builder allows developers to customize the color schemes and typography of their apps, helping to ensure that the apps visual style matches the desired brand identity."
67,What function is used in Material Design 3 to create color schemes that match the user's settings on Android 12 or later?,dynamicLightColorScheme() and dynamicDarkColorScheme(),autoColorAdjust(),adaptiveThemeScheme(),dynamicColorScheme(),"The functions dynamicLightColorScheme() and dynamicDarkColorScheme() generate color schemes that adapt to the users system preferences, such as wallpaper, and are used when dynamic colors are enabled."
67,What feature of Material Design 3 allows apps to adapt theme elements to user preferences?,Material You,Adaptive Layouts,Theming Constraints,Dynamic Typography,"Material Design 3 introduces Material You, a feature that enables apps to adjust their appearance based on user preferences, such as wallpaper, to create a more personalized experience."
67,What is the default behavior for shape theming in Material Design 3?,Shape theming is not supported yet,Shape theming is only available for buttons,Shape theming must be manually configured in every component,Shape theming is automatically applied based on device size,"As of now, shape theming is not supported by Material Design 3, although color and typography theming are fully functional."
67,What does the 'primary' color slot typically influence in a Material Design theme?,The background color of Material Buttons,The color of the status bar,The default font color,The background color of all screens,"The primary color slot in Material Design is commonly used as the background color for Material components like buttons, giving them a distinct look based on the apps theme."
67,What does the Material Theme Builder help developers to design?,Custom color and font themes,Database schemas,App navigation structure,Dynamic animations,"The Material Theme Builder is a tool that helps developers design custom color schemes and font styles, making it easier to create cohesive themes for their apps."
67,How does Material Design 3 improve upon the user experience with dynamic colors?,By allowing apps to automatically match the user's wallpaper colors,By reducing memory consumption,By enabling high-resolution graphics,By requiring users to manually adjust color settings,"Material Design 3s dynamic color feature adjusts app colors to align with the users wallpaper, providing a more cohesive and personalized user experience."
67,Where can the complete list of Material Design 3 color slot names be found?,At the official Android developer website,In the MainActivity.kt file,In the Android Studio documentation,In the MaterialTheme file,"The full list of Material Design 3 color slots can be found on the official Android developer website, providing developers with a reference for all available color slots."
67,Which method is used to check if a device is in dark mode in a Compose project?,isSystemInDarkTheme(),isDarkTheme(),isSystemDarkMode(),isDeviceInDarkMode(),"The isSystemInDarkTheme() method is used in Compose to determine if the device is currently using dark mode, allowing the app to adjust its theme accordingly."
67,Why is it recommended to include defensive code for dynamic colors in themes?,To handle devices running older versions of Android,To ensure colors remain static,To prevent the app from changing colors,Because dynamic colors are available on all Android versions,Dynamic colors are only supported on Android 12 and above. Including defensive code ensures that the theme falls back to predefined colors on devices with older Android versions.
67,Which function is used to wrap a content composable with a theme in Android Studio?,MaterialTheme(),Theme(),Scaffold(),setContent(),"MaterialTheme() is used to wrap the content of a composable with the apps color, typography, and shape theming, applying the theme consistently throughout the app."
68,What should be done to test dynamic colors in an Android app?,Change the device's wallpaper and check the app's response,Update the app to the latest version,Modify the build.gradle file,Run the app on an Android device with API level 21,"Dynamic colors in the ThemeDemo app can be tested by changing the devices wallpaper, which triggers the app to adapt to the new colors."
68,What is the purpose of the dynamic color feature in Material Design 3?,To allow apps to automatically adjust colors based on user settings,To enable debugging in dark mode,To disable dark mode in Android apps,To provide default themes for Android apps,Dynamic color support in Material Design 3 allows the apps theme colors to adapt to user settings like the chosen wallpaper.
68,What should be done after replacing the default theme files with custom theme files in an Android project?,Update the package declarations in the custom files,Delete the MainActivity.kt file,Change the project's API level,Rebuild the app from scratch,"After copying custom theme files into an Android project, the package declarations in the files should be updated to match the projects package name."
68,What is the purpose of the Export theme button in the Material Theme Builder?,To create a zip file containing the theme files,To export database files,To generate a new project structure,To export the app's codebase,"The Export theme button in the Material Theme Builder generates a zip file containing the theme files like Color.kt, Theme.kt, and Type.kt."
68,What type of color adjustment does Material You's dynamic color feature provide?,Automatic adjustments based on user settings,Default color schemes only,Only light and dark themes,Manual color changes,Material Yous dynamic color feature adjusts colors automatically based on user settings like wallpaper preferences.
68,What is the purpose of the Material Theme Builder tool in Android development?,To design custom themes with specific colors and fonts,To create new Android projects,To debug errors in Android apps,To build APK files for Android apps,The Material Theme Builder tool is used for designing custom themes by allowing developers to select colors and fonts for their apps.
68,What is the default name of the compressed theme file generated by the Material Theme Builder?,material-theme.zip,theme-export.zip,custom_theme.zip,material_theme.zip,The theme is saved as a compressed file named material-theme.zip when exported from the Material Theme Builder.
68,Which function is used in Compose to define the theme for the app?,MaterialTheme(),applyTheme(),Scaffold(),setContent(),"The MaterialTheme() function is used in Compose to apply the theme to the app, including colors, typography, and shapes."
68,Which file needs to be modified to integrate Google font libraries into a Compose project?,build.gradle.kts (Module: app),MainActivity.kt,AndroidManifest.xml,strings.xml,"To integrate Google font libraries, dependencies are added to the build.gradle.kts (Module: app) file."
68,Where should the custom font_certs.xml file be placed in an Android project?,res/values,build folder,libs folder,ui.theme folder,The custom font_certs.xml file is placed in the res/values folder to support custom fonts in the theme.
51,What does the @ColumnInfo annotation do?,Sets column names in database tables,Specifies table relationships,Indicates a DAO method,Defines a field as a primary key,The @ColumnInfo annotation allows specifying custom names for columns in a Room entity.
51,Which method is used to delete records from a Room database?,@Delete,@Unlink,@Update,@Remove,@Delete is a convenience annotation in Room that allows for removing records from a database.
51,How can Room handle in-memory databases?,Using Room.inMemoryDatabaseBuilder(),Using @Database annotation,Using Room.databaseBuilder(),Using @InMemory annotation,Room.inMemoryDatabaseBuilder() is used to create databases that exist only in memory and are lost when the app terminates.
51,What is the role of a Data Access Object (DAO) in Room?,To define SQL queries and methods for database operations,To generate tables from schema,To provide direct access to the database,To define the table schema,"DAOs provide methods mapped to SQL queries, which are used to perform database operations such as inserting, updating, or retrieving data."
51,Which method is used to get an instance of Room Database?,Room.databaseBuilder(),Room.getInstance(),Room.createDatabase(),Room.connect(),Room.databaseBuilder() is used to create or retrieve an instance of a Room Database in an Android application.
51,Which annotation is used for inserting records in Room?,@Insert,@Appennd,@Update,@Add,@Insert is a convenience annotation that allows inserting records into a database without needing to write explicit SQL insert statements.
51,What is the role of a repository in the Room database architecture?,To manage data sources like databases or web services,To create UI components,To provide direct access to cloud database instances,To directly access SQLite database files,"The repository module handles data sources like databases, avoiding the need for UI controllers and ViewModels to access these sources directly."
51,What is a primary key in the context of Room databases?,A unique identifier for each row in a table,A type of database index,A key used encrypt a database,An attribute used identify individual tables elements,"A primary key uniquely identifies each row in a database table, allowing for specific rows to be accessed or modified."
51,What is the purpose of the @ForeignKey annotation in Room?,To create relationships between tables,To define LiveData methods,To mark a class as an entity,To create indexes on columns,"@ForeignKey is used to establish relationships between different tables, such as linking a Purchase to a Customer entity."
51,What is the purpose of the RoomDatabase class?,To create and return Room database instances,To execute SQL statements on a database,To fetch data from a database table,To design database schema,The RoomDatabase class is responsible for creating instances of the database and providing access to DAO instances.
51,How can LiveData be used with DAOs?,To automatically observe changes in database queries,To perform background database queries,To access remote datbases in real-time,To connect to remote database servers,"Using LiveData with DAOs allows automatic observation of changes in the database, updating the UI when data changes."
51,What happens if you try to run a database operation on the main thread?,The app might crash due to UI thread blocking,The database will not accept the request,The database automatically optimizes the query,The app will run faster,Running database operations on the main thread can cause the app to freeze or crash due to potential UI blocking.
51,What is an entity in the context of Room databases?,A class defining a table schema,A SQLite database intance,A SQL statement,A database row,"Entities in Room represent classes that define the schema for a table within the database, including columns and primary keys."
51,Why is it important to use a single Room database instance?,To prevent multiple database connections,To enable multiple DAOs,To simplify user interface creation,To reduce code complexity,"Using a single Room database instance ensures that multiple connections are not opened, which helps in managing resources and preventing errors."
51,What annotation is used to mark a class as an entity in Room?,@Entity,@DAO,@Repository,@Database,"The @Entity annotation marks a class as an entity, defining a table schema in Room."
51,What is the main purpose of the Room persistence library?,To simplify adding database storage to Android apps,To replace the SQLite database entirely,To manage network operations in Android,To handle all user interface components,The Room persistence library is designed to make it easier to add database storage support to Android apps while following the architecture guidelines.
51,Which component provides the interface to the underlying SQLite database in Room?,Room Database,Data Access Object (DAO),ViewModel,Repository,The Room database object provides the interface to the SQLite database and is used to access DAO instances.
51,Which of the following is a convenience annotation in Room?,@Insert,@Entity,@Dao,@Query,"Convenience annotations like @Insert allow Room to infer SQL statements, reducing the need for writing explicit SQL code."
51,What does the @Ignore annotation do in a Room entity class?,Ignores a field during database operations,Creates a new database table,Marks a field as the primary key,Marks a class as a Room database,@Ignore is used to exclude fields from being persisted in the database.
51,How do you handle large database operations in Room?,Use coroutines or background threads,Directly access SQLite,Run them on the main thread,Use the @UIThread annotation,"To prevent blocking the UI, large database operations should be run on background threads using coroutines."
51,What is the main benefit of using Room over plain SQLite in Android?,It reduces the amount of boilerplate code for database operations,It replaces the need for ViewModels,It provides better UI components,It makes database queries faster,"Room simplifies database operations by reducing the need to write boilerplate code, making database management more efficient."
51,What annotation is used to automatically generate primary keys in Room?,@PrimaryKey(autoGenerate = true),@ForeignKey,@AutoGenerate,@AutoKey,The @PrimaryKey(autoGenerate = true) annotation is used to automatically generate primary key values for new rows in a table.
51,What does the fallbackToDestructiveMigration() method do?,Forces data to be deleted if the database schema changes,Prevents data loss during database migrations,Increases database performance,Connects to remote databases,fallbackToDestructiveMigration() deletes and recreates the database if a migration is required but not specified.
51,What should be done when a Room database schema changes?,Use fallbackToDestructiveMigration(),Update the app UI,Reinstall the entire app,Restart the database server,"When a schema changes and no migration strategy is provided, fallbackToDestructiveMigration() can be used to automatically handle the change."
52,What does the 'fallbackToDestructiveMigration()' method do in Room?,Deletes and recreates the database if a migration is not found.,Automatically updates the database schema without data loss.,Backs up the database before migration.,Prevents data loss during migrations.,The fallbackToDestructiveMigration() method deletes the existing database and creates a new one if a migration path is missing.
52,Which annotation is used to define a class as an entity in Room?,@Entity,@Database,@Table,@Dao,The @Entity annotation is used to specify that a class represents a database entity (table) in Room.
52,Which component is typically responsible for managing the UI state in the Room-based project?,ViewModel,Repository,Database,DAO,The ViewModel manages the UI state and serves as a bridge between the repository and the UI.
52,What is the purpose of using 'MutableLiveData' in a repository?,To store search results for observed updates.,To define database table schemas.,To create a backup of database data.,To manage UI theme changes.,"MutableLiveData is used in the repository to store and observe changes to search results, allowing the UI to react to these changes."
52,Which library is required for handling asynchronous Room database queries?,Coroutines,Glide,Retrofit,Dagger,Coroutines are used in the RoomDemo project for handling asynchronous database operations to avoid blocking the main thread.
52,Why might 'autoGenerate = true' be used with the '@PrimaryKey' annotation?,To auto-generate primary key values for new records.,To enable foreign key constraints.,To manage schema migrations automatically.,To automatically create entity classes.,Setting autoGenerate = true allows the Room database to automatically generate a unique ID for each new record in the table.
52,How can changes to database records be automatically reflected in the UI?,By using 'LiveData' and observing it in the ViewModel.,By storing data in SharedPreferences.,By directly accessing the database in the UI.,By setting up manual refresh methods in the DAO.,LiveData allows the UI to observe changes and update automatically when data in the database changes.
52,Which function is used to prevent blocking the main thread during database operations?,launch() with Dispatchers.IO,Thread.sleep(),runOnUiThread(),AsyncTask(),"Using launch() with Dispatchers.IO allows Room database operations to run on a background thread, preventing the main thread from being blocked."
52,What is the purpose of the 'MainViewModelFactory' class?,To provide a factory for creating 'MainViewModel' instances with an application context.,To create instances of the Room database.,To define custom SQL queries.,To manage database migrations.,"The MainViewModelFactory is used to create MainViewModel instances, passing the application context needed for database operations."
52,Which component in Room is responsible for defining SQL queries?,DAO,ViewModel,Repository,Entity,Data Access Objects (DAO) are interfaces that define SQL queries and methods for interacting with the Room database.
52,Why is it important to avoid performing database operations on the main thread?,To ensure the app's UI remains responsive.,To improve network performance.,To enable debugging features.,To reduce battery consumption.,Performing database operations on a background thread ensures that the UI does not become unresponsive due to long-running tasks.
52,Why is 'LiveData' used in Room database queries?,To observe and automatically update the UI with database changes.,To handle database transactions.,To improve database performance.,To ensure queries are executed on the main thread.,LiveData allows the UI to observe changes in the database and automatically update when the underlying data changes.
52,What is the role of a Repository class when working with Room databases?,To abstract data operations and interact with the DAO.,To provide direct access to the database.,To create UI components.,To manage API calls.,Repositories abstract data operations and act as a middle layer between the ViewModel and the DAO.
52,What should be done to use the Database Inspector with a running Room database app?,Run the app on an emulator or connected device.,Enable a debug mode in Room configuration.,Enable ProGuard settings.,Connect to a physical device.,"The Database Inspector can be used when the app is running on an emulator or connected device, allowing inspection and modification of database content."
52,How is a Room database instance created in the RoomDemo project?,By extending the RoomDatabase class and using 'Room.databaseBuilder'.,By writing raw SQL queries.,By creating a custom SQL engine.,By directly instantiating the RoomDatabase class.,A Room database instance is created by extending RoomDatabase and using the Room.databaseBuilder method.
52,What does the '@Insert' annotation in a DAO do?,Inserts new records into the database.,Updates existing records in the database.,Deletes records from the database.,Executes a custom SQL query.,The @Insert annotation is used to insert new records into the database using the Room persistence library.
53,Which type of navigation key would you use to pass data to a destination?,data class,enum class,data object,sealed class,"Data classes can have constructor parameters to pass data, while data objects cannot."
53,What must navigation keys implement?,NavKey interface,Serializable interface,Parcelable interface,Route interface,Navigation keys must conform to the NavKey interface and are typically serializable for state restoration.
53,What is the purpose of the entryProvider in NavDisplay?,To define available navigation destinations,To optimize rendering performance,To handle permission requests,To manage network connections,The entryProvider DSL block declares all possible navigation entries with their keys and content.
53,What happens to the home destination when the app first launches?,It's pushed onto an empty stack,It's cached for quick access,It's loaded but not added to the stack,It's only shown after user interaction,The home destination becomes the first entry in the back stack when the app starts.
53,Which composable is responsible for displaying the current navigation destination?,NavDisplay,NavigationContainer,NavRenderer,NavHost,NavDisplay shows content based on the current top entry in the back stack.
53,How is navigation state preserved across configuration changes?,Through automatic serialization of NavKeys,With Room database storage,Using saved instance state,Via ViewModel persistence,Serializable NavKeys allow the back stack to restore navigation state.
53,Which annotation is typically used with navigation keys?,@Serializable,@Parcelize,@Destination,@NavigationKey,Navigation keys should be serializable for state preservation.
53,Where would you define the composable content for a destination?,Within an entry block in the entryProvider,In a separate NavigationContent class,In the NavKey declaration,As a parameter to rememberNavBackStack(),Each entry associates a NavKey with its corresponding composable content.
53,How do you navigate to a new destination?,backStack.add(),backStack.moveTo(),backStack.push(),backStack.navigateTo(),The add() method pushes a new navigation key onto the back stack.
53,What is the visual difference between a navigation bar and rail?,"Bar is horizontal, rail is vertical","Bar is for phones, rail is for wearables","Bar has icons, rail has text","Bar is at top, rail is at bottom","Navigation bars appear horizontally at the bottom, while rails appear vertically on the side."
53,What tracks the user's path through app destinations?,Navigation back stack,PathTracker,RouteMapper,NavHistory,The back stack maintains the sequence of destinations as the user navigates through the app.
53,What determines the current visible destination?,The last added entry in the back stack,The most recently accessed entry,The entry with highest priority,The first entry in the back stack,The top entry in the stack (most recently added) is always the current destination.
53,Where would you typically place navigation logic in a Compose app?,In a ViewModel or state holder,Directly in UI composables,In the Activity class,In a navigation-specific service,Navigation logic is usually managed in a ViewModel to separate concerns from UI.
53,What type of parameter does NavDisplay's onBack callback receive?,Nothing (it's a parameterless lambda),The current destination key,A boolean indicating success,The previous destination key,The onBack callback is a simple lambda that handles backward navigation logic.
53,What is the primary purpose of the Navigation 3 library in Jetpack Compose?,To simplify implementation of screen navigation,To handle network requests,To optimize app performance,To manage database operations,Navigation 3 provides a structured architecture for managing navigation between composable destinations in an Android app.
53,What happens if you try to use an empty back stack?,A runtime exception occurs,The app closes,The app shows a blank screen,The home screen loads automatically,An empty back stack is invalid and will throw an exception.
53,How is a navigation back stack typically created?,rememberNavBackStack(),NavBackStack.create(),new BackStack(),NavigationStack(),This function creates and remembers a NavBackStack instance with proper state preservation.
53,What happens when you call backStack.removeLastOrNull()?,Removes the current destination or returns null,Restarts the app,Clears the entire back stack,Navigates forward to the next destination,"This method pops the top destination from the stack, triggering backward navigation."
53,What is the purpose of the metadata property in NavEntry?,To pass additional data to destinations,To store analytics data,To define accessibility labels,To configure transition animations,Metadata provides a way to send extra information to destinations via key-value pairs.
54,What is the function of the popUpTo() method when used with the navigate() method?,To remove all composables from the back stack until a specific destination is reached.,To refresh the content of the current composable.,To change the theme of the destination composable.,To pause the navigation controller.,"The popUpTo() method allows you to clear the back stack up to a specified destination, ensuring a smoother back navigation experience."
54,How can you avoid pushing multiple instances of the same destination onto the back stack?,Set launchSingleTop to true in the navigate() method.,Create a new instance of NavHostController each time.,Disable recomposition in the destination composable.,Use the replaceTop() method of the navigation controller.,"Setting launchSingleTop to true ensures that only a single instance of a destination is kept at the top of the back stack, preventing duplicate instances."
54,What is the main benefit of using the launchSingleTop parameter in navigation?,It ensures only a single instance of a destination is created at the top of the stack.,It resets the entire back stack before navigating.,It launches multiple instances of the destination at the top.,It triggers animations between transitions.,"launchSingleTop prevents multiple instances of the same destination from being created on top of each other, ensuring a cleaner back stack."
54,Why is it recommended to use a sealed class for routes?,It helps to centralize route strings and ensures compile-time safety.,It automatically manages back stack operations.,It enhances runtime performance of the app.,It is the only way to define routes in Compose.,"Using a sealed class for routes allows for better management of route strings in one place, reducing errors due to mistyped routes."
54,What type of component is typically used for bottom navigation in Compose?,BottomNavigation and BottomNavigationItem,NavBar and NavController,BottomSheet and NavGraph,BottomAppBar and NavDrawer,BottomNavigation and BottomNavigationItem are used to create and configure bottom navigation bars in Compose.
54,Which method is used to get the current back stack entry in Compose?,currentBackStackEntryAsState(),currentBackStack(),navController.getCurrentEntry(),getBackStackEntry(),"The currentBackStackEntryAsState() method returns the current back stack entry, allowing you to access details like the current route."
54,What is the primary role of the NavHostController?,To manage navigation actions and the back stack.,To render the UI components of the app.,To store user data securely.,To perform background data synchronization.,"The NavHostController is responsible for managing navigation actions, handling the back stack, and determining the current destination."
54,How is a navigation graph defined in Compose?,By using the NavHost and specifying destinations within it.,By adding destinations directly in the MainActivity class.,By creating a new instance of NavGraphController.,By listing routes in a configuration file.,"A navigation graph in Compose is defined within the NavHost, where different routes and their corresponding destination composables are listed."
54,What is the purpose of saveState and restoreState options in navigation?,To automatically save and restore the state of destinations during navigation.,To animate screen transitions during navigation.,To enable or disable navigation gestures.,To cache user data between app sessions.,"These options help in preserving the state of back stack entries, ensuring that when users return to a destination, its state remains intact."
54,What does a NavHost represent in Compose navigation?,A placeholder for the app's navigation destinations.,A component that stores the user's navigation history.,A service that handles background updates.,A UI component that displays error messages.,"NavHost is a component that serves as a placeholder for different composables that act as navigation destinations, allowing the user to move between them."
54,What is the purpose of using routes in a navigation graph?,To uniquely identify each destination in the navigation graph.,To define the data schema of a database.,To style the UI components of the app.,To manage background tasks and services.,"Routes are used to provide unique identifiers for each destination in a NavHost, allowing the navigation controller to reference destinations accurately."
54,How can you pass arguments between destinations in Compose navigation?,By including the argument in the route definition and accessing it via the backStackEntry.,By using a Bundle object only.,By passing the argument directly in the destination composable function.,By creating a new NavHost instance for each destination.,Arguments can be passed by adding them to the route definition in the navigation graph and accessing them through the backStackEntry when the destination is reached.
54,What does the NavType enumeration help specify?,The type of arguments passed between destinations.,The theme to be applied to the NavHost.,The animation used during screen transitions.,The size of the navigation back stack.,"NavType is used to specify the data type of arguments passed between destinations, such as Int, String, or Boolean."
54,Which function is used to create a NavHostController?,rememberNavController(),rememberNavHost(),instantiateNavController(),createNavController(),"The rememberNavController() function creates a NavHostController, ensuring that the state of the navigation back stack is preserved across recompositions."
54,What is the purpose of a sealed class in the context of defining routes?,To define constants that represent the route strings.,To handle network requests asynchronously.,To store user credentials securely.,To manage UI themes and styles.,"Using a sealed class allows developers to define routes as constants, providing a centralized and safer way to manage route strings and ensuring compile-time checking."
54,Why is the currentBackStackEntryAsState() method used in bottom navigation?,To determine the currently selected navigation item.,To fetch data from a remote server.,To animate bottom bar transitions.,To refresh the entire navigation stack.,"currentBackStackEntryAsState() is used to access the current route, allowing the app to highlight the selected item in the bottom navigation bar."
54,What is a common use case for using the popUpTo() method with the inclusive option?,To pop the specified destination off the stack as well as all destinations above it.,To navigate forward without adding to the back stack.,To include new animations during navigation.,To create a new NavHost for the navigation.,"The inclusive option with popUpTo() pops the specified destination and any destinations above it, which is useful for clearing the stack up to a certain point."
54,How do you ensure that back navigation returns to the start destination when using BottomNavigation?,By using the popUpTo() method with the findStartDestination() option.,By creating a new instance of the NavHostController for each navigation.,By setting the navController to always start at the home route.,By disabling the back button functionality.,"Using popUpTo() with findStartDestination() ensures that back navigation resets to the start destination, maintaining a consistent navigation flow."
54,What is a destination in the context of Compose navigation?,A screen or composable that a user navigates to within the app.,A function that initializes the navigation controller.,A service that runs in the background of an Android app.,A UI component that manages user input.,"In Compose navigation, a destination refers to a screen or composable that users can navigate to, such as a home screen or a details screen."
54,Which of the following best describes the NavHost?,A container that manages the navigation between different composables.,A UI component that manages multiple background services.,A state management tool for handling UI updates.,A database management class.,"NavHost serves as a container that manages the navigation between different composables within an app, making it a central part of the navigation architecture."
55,Which layout does NavigationSuiteScaffold use by default on narrow screens?,Navigation bar,Navigation drawer,Floating action menu,Navigation rail,"On narrow screens like phones in portrait, it defaults to a bottom navigation bar."
55,Which layout type is being phased out?,Navigation drawer,Bottom app bar,Navigation bar,Navigation rail,The drawer style will be replaced by an expandable rail in future Material 3 updates.
55,What parameter forces a specific layout type regardless of screen size?,layoutType,forceLayout,preferredStyle,navigationMode,"The layoutType parameter overrides adaptive behavior to use a specific NavigationSuiteType (Bar, Rail, or Drawer)."
55,What does the indicatorColor customize?,The selection highlight,The content background,Text label colors,Icon tint colors,indicatorColor changes the visual marker for the selected item.
55,What's the purpose of rememberSaveable for the selection state?,To persist across configuration changes,To save to SharedPreferences,To sync with ViewModel,To enable undo functionality,rememberSaveable preserves state during configuration changes like rotation.
55,Which component displays the content for the selected destination?,The content lambda in NavigationSuiteScaffold,NavigationContent,DestinationPane,NavHost,The content parameters lambda shows different composables based on the current selection state.
55,What happens to the navigation rail when the screen is narrow?,It converts to a bottom bar,It hides completely,It shows as an overlay,It shrinks to icon-only mode,The scaffold automatically switches between rail (wide) and bar (narrow) layouts.
55,Which library dependency is required for NavigationSuiteScaffold?,material3-adaptive-navigation-suite,androidx.navigation.compose,material3-window-size-class,androidx.compose.foundation,This library provides the NavigationSuiteScaffold composable and related components.
55,What happens when a navigation item is clicked?,Its onClick handler updates the selection state,It shows a context menu,It expands to show sub-items,It automatically navigates to the linked screen,The onClick handler typically updates a state variable that drives both selection highlighting and content display.
55,How do you customize navigation item colors?,Using NavigationSuiteDefaults.itemColors(),With @Style annotations,Through XML color resources,Via theme attributes,itemColors() configures colors for different states (selected/unselected) and layout types.
55,What parameter would make all labels always visible?,alwaysShowLabel,persistentLabels,showLabels,expandedText,Setting alwaysShowLabel to true prevents labels from hiding in compact modes.
55,Which component displays the actual icon for a navigation item?,The Icon composable,VectorAsset,NavigationIcon,Image,The icon parameter wraps an Icon composable showing the vector asset.
55,What is the primary purpose of NavigationSuiteScaffold?,To implement adaptable navigation bars/rails,To optimize app performance,To manage database operations,To handle network requests,NavigationSuiteScaffold provides a framework for implementing navigation that automatically adapts between bar and rail layouts based on screen size.
55,What enum typically represents navigation destinations?,An enum with icon/label properties,String constants,A data class hierarchy,A sealed class,"An enum conveniently groups destination properties like labels, icons, and content descriptions."
55,Which property tracks the currently selected destination?,A state variable,currentDestination,navController,selectedItem,A state variable (like rememberSaveable) tracks selection and triggers recomposition when changed.
55,How are navigation items typically defined in NavigationSuiteScaffold?,Via the item() function in navigationSuiteItems,With @NavigationItem annotations,Using a sealed class hierarchy,In a separate XML resource file,"Items are created by calling item() within the navigationSuiteItems lambda, providing icon, label, and click handler."
55,What's the best way to test adaptive behavior?,A resizable emulator,Unit tests,All of the above,Multiple device testing,A resizable emulator can dynamically show layout changes across form factors.
55,How is the selected navigation item visually indicated?,All of the above,Via state-driven styling,Through the selected parameter,Automatically by the scaffold,Selection is managed through the selected parameter which triggers built-in highlighting.
55,How are destination screens typically organized?,As separate composable functions,In a sealed class hierarchy,As Fragments,In a navigation graph,Each destination is usually a standalone composable shown based on selection state.
55,Which parameter controls the background color of the content area?,containerColor,surfaceColor,contentBackground,backgroundColor,containerColor sets the background color for the scaffolds content area.
56,What does the offset change parameter in rememberTransformableState represent?,The x and y position adjustments from a translation,The distance the component has been scaled,The new background color,The angle of rotation,The offset change parameter in rememberTransformableState tracks the changes in the x and y positions when translating a composable.
56,Which gesture detection method is not limited to a single orientation?,detectDragGestures(),verticalScroll(),draggable(),scrollable(),"detectDragGestures() can handle both horizontal and vertical drag gestures, unlike scrollable(), which is limited to one direction."
56,How can you enable both horizontal and vertical scrolling for a composable?,By combining verticalScroll() and horizontalScroll(),By using a nested scrollable() modifier,By using scrollable() for each direction,By using detectDragGestures(),"To enable both horizontal and vertical scrolling, you can apply verticalScroll() and horizontalScroll() with their respective states to a composable."
56,What is required to handle multi-directional drag gestures in Jetpack Compose?,detectDragGestures(),draggable(),scrollable(),clickable(),detectDragGestures() allows handling drag gestures in multiple directions by providing access to both horizontal and vertical offset changes.
56,Which modifier is used to detect drag gestures in a specific direction in Jetpack Compose?,draggable(),clickable(),pointerInput(),scrollable(),"The draggable() modifier detects drag gestures in either a horizontal or vertical direction, allowing users to drag elements along a specified axis."
56,Which method is used to create a stateful object for detecting gestures like taps and swipes?,remember,rememberScrollableState,mutableStateOf,rememberDraggableState,"The remember function is used to create stateful objects that preserve their state across recompositions, useful for managing gesture-related states."
56,What does the offset parameter in detectDragGestures() represent?,The current x and y offset values of a drag,The color of the dragged element,The size of the composable,The distance from the screen edge,"In detectDragGestures(), the offset represents the distance the element has been dragged along the x and y axes."
56,Which gesture detection method allows tracking both pinch and zoom gestures?,transformable(),clickable(),detectTapGestures(),draggable(),"The transformable() modifier is used for detecting pinch, zoom, and rotation gestures in Jetpack Compose."
56,Which method is used to create a scroll state in Compose?,rememberScrollState(),rememberTransformableState(),rememberDraggableState(),rememberScrollableState(),The rememberScrollState() function is used to create a scroll state that can be used with verticalScroll() and horizontalScroll() modifiers.
56,How is the scale state applied when using the transformable() modifier?,By updating the graphicsLayer properties,By adding an offset to the composable,By adjusting the composable's size property,By changing the color of the composable,"In the transformable() modifier, scale changes are applied by adjusting the graphicsLayer properties like scaleX and scaleY."
56,What is the role of the TransformableState in the transformable() modifier?,"To track scale, rotation, and offset changes",To store color changes,To manage drag state,To detect single-tap gestures,"TransformableState is used to track changes in scale (zoom), rotation, and position when handling multi-touch gestures like pinch and rotate."
56,Which property of graphicsLayer would you use to rotate a composable?,rotationZ,rotationX,rotationY,angle,The rotationZ property in graphicsLayer is used to apply rotation to a composable around the Z-axis.
56,What is the purpose of the Modifier.clickable in Jetpack Compose?,To detect simple click gestures,To detect swipes,To detect pinch and zoom gestures,To detect multi-touch gestures,The Modifier.clickable is used to detect simple click gestures or taps on composable elements.
56,Which modifier is typically used for implementing scrolling behavior in a vertical list?,verticalScroll(),scrollable(),pointerInput(),draggable(),The verticalScroll() modifier is commonly used to implement scrolling behavior in vertical lists or layouts.
56,What is required for detecting translation gestures using the transformable() modifier?,Tracking the offset change,Updating the background color,Using the draggable() modifier,Setting the rotation parameter,"For translation detection, you must track offset changes using the transformable() modifier to adjust the position of a composable."
56,What parameter is used with scrollable() to determine the scroll direction?,Orientation,Direction,Scale,Axis,The Orientation parameter in the scrollable() modifier determines whether the scrolling occurs vertically or horizontally.
56,What function should be used to preserve the state of a gesture across recompositions?,remember(),mutableStateOf(),pointerInput(),rememberDraggableState(),"The remember() function is used to preserve the state of an object across recompositions, which is important for tracking gesture states."
56,Which gesture is commonly used for zooming in or out in a UI?,Pinch,Double-tap,Drag,Long press,"Pinch gestures, which involve moving two fingers closer or apart, are commonly used to zoom in or out of content."
56,Which gesture detection method allows continuous tracking of touch movements?,detectDragGestures(),scrollable(),transformable(),clickable(),"detectDragGestures() provides continuous tracking of touch movements, making it suitable for gestures like dragging across the screen."
56,Which function is used in Jetpack Compose to detect various tap gestures?,detectTapGestures(),pointerInput(),onTap(),clickable(),"The detectTapGestures() function in the PointerInputScope allows detection of different tap gestures like onPress, onTap, onLongPress, and onDoubleTap."
56,How can you simulate multi-touch gestures in an emulator?,By holding the Ctrl or Cmd key while dragging,By double-clicking on the screen,By using a mouse with a scroll wheel,By enabling developer options,"In an emulator, you can simulate multi-touch gestures by holding the Ctrl (or Cmd on macOS) key while dragging with the mouse."
56,Which modifier is used to make a component respond to user scrolling?,scrollable(),pointerInput(),clickable(),scrolling(),The scrollable() modifier allows a composable to respond to user scrolling gestures in a specified orientation (horizontal or vertical).
57,Which operator can be used to filter out values in a Kotlin Flow?,filter(),asFlow(),collect(),map(),The filter() operator is used to include or exclude values based on a given condition.
57,Which function is used to convert a cold flow into a hot flow?,shareIn(),asStateFlow(),asSharedFlow(),launchIn(),"The shareIn() function is used to convert a cold flow into a hot flow, allowing it to start emitting values even before any collectors subscribe."
57,Which terminal flow operator discards intermediate values if new ones arrive before the previous ones are processed?,collectLatest(),collect(),reduce(),conflate(),"The collectLatest() operator cancels ongoing collection when a new value arrives, ensuring that only the latest value is processed."
57,What does the collectAsState() function do when used with a flow in Jetpack Compose?,Converts a flow to a State that can be used in Compose,Transforms the flow's data before collection,Initiates the flow's producer block,Converts a flow to a LiveData instance,"collectAsState() allows a flows data to be converted into a state object, making it easier to use within Jetpack Compose."
57,What is the purpose of the emit() function in Kotlin Flow?,To emit values from the producer to the flow,To define the flow's lifecycle,To transform the data emitted by the flow,To collect data from the flow,The emit() function is used in the producer block to send values into the flow.
57,How does the buffer() operator improve efficiency in a flow?,By allowing the producer to emit values without waiting for the consumer,By transforming the data into a list,By ensuring all values are collected in order,By limiting the number of collectors,"The buffer() operator allows the producer to continue emitting values while the consumer processes previously emitted values, improving the flows overall efficiency."
57,Which of the following statements is true about Kotlin flows?,They allow multiple values to be returned sequentially over time.,They can only be used for synchronous tasks.,They require multiple threads for execution.,They cannot be used with Jetpack Compose.,"Kotlin Flows are designed to emit a sequence of values over time, making them suitable for asynchronous streams of data."
57,What is a key advantage of using the transform() operator over map()?,It allows emitting multiple values for each input value.,It is more readable.,It is faster than map().,It automatically filters out null values.,"The transform() operator provides more flexibility, allowing you to emit multiple values for each input, whereas map() only transforms each value to a single new value."
57,What does the flatMapConcat() operator do in a flow?,Concatenates emissions from each flow synchronously,Transforms each emitted value into a different data type,Merges all flows into a single stream,Filters out unwanted values,"The flatMapConcat() operator collects emissions from multiple flows in sequence, ensuring each flows emissions are processed synchronously."
57,What is the primary purpose of the zip() operator in flows?,To combine values from multiple flows by waiting for pairs,To filter out values based on conditions,To concatenate values from multiple flows into one,To map values to a new type,The zip() operator waits for values from both flows to be available before pairing them and emitting the combined result.
57,What happens when a flow is collected using the collect() function?,It processes all emitted values from the flow.,It transforms the flow into a LiveData object.,It converts the flow into a State object.,It cancels the flow immediately.,The collect() function initiates the flow collection process and processes each emitted value in the order it is received.
57,Which flow builder is used to convert a fixed set of values into a flow?,flowOf(),asFlow(),flow(),emit(),The flowOf() builder is used to create a flow from a fixed set of values.
57,What are the three main components of a Kotlin Flow?,"Producers, Intermediaries, Consumers","Emitters, Collectors, Filters","Producers, Collectors, Intermediaries","Sources, Sinks, Processors","In Kotlin Flows, producers emit values, intermediaries can transform or filter those values, and consumers collect the values emitted by the flow."
57,What type of flow is a SharedFlow considered?,Hot flow,Cold flow,Unidirectional flow,Stateful flow,"SharedFlow is a hot flow, meaning it starts emitting values as soon as it is created, regardless of whether it has any subscribers."
57,What is a key limitation of suspend functions that Kotlin Flows address?,They are only suitable for tasks that return no result or a single value.,They block the main thread during execution.,They can only be used with coroutines.,They cannot perform tasks concurrently.,"Kotlin Flows are designed to handle situations where multiple sequential results need to be returned from a coroutine-based task, unlike suspend functions, which are limited to returning a single value."
57,Which operator would you use if you need to combine the latest values from two flows whenever either of them emits a new value?,combine(),collectLatest(),flatMapConcat(),zip(),"The combine() operator merges values from two flows whenever either of them emits a new value, using the latest values from each."
57,What does the map() operator do in a Kotlin Flow?,It transforms each emitted value into a new value.,It delays the emission of values.,It filters out unwanted values.,It merges multiple flows into one.,The map() operator allows you to transform each value emitted by the flow before it is collected.
57,What is the difference between StateFlow and SharedFlow?,"StateFlow requires an initial value, while SharedFlow does not.","StateFlow can replay values, but SharedFlow cannot.","StateFlow supports multiple collectors, while SharedFlow does not.","SharedFlow is lifecycle-aware, but StateFlow is not.","StateFlow needs an initial value because it is used for managing state changes, whereas SharedFlow can start without an initial value."
57,Which flow operator should be used if you want to cancel ongoing collections when a new value arrives?,collectLatest(),fold(),zip(),conflate(),"collectLatest() cancels ongoing work when a new value arrives, ensuring that only the latest data is processed."
57,What does the replay parameter in a MutableSharedFlow do?,Determines how many values should be replayed to new subscribers.,Controls the maximum duration for each flow.,Specifies the time between emissions.,Sets the priority of flow emissions.,The replay parameter defines how many previously emitted values should be sent to new collectors when they subscribe to the SharedFlow.
