章节序号,题目序号,问题,选项,正确选项序号,解释
3,0,What does the 'Help me choose' link in the New Project wizard assist with?,"[""Choosing the correct package name"",""Configuring build.gradle files"",""Selecting the correct activity template"",""Setting the appropriate minimum SDK level""]",3,The Help me choose link helps users determine which API level to target by providing data on the percentage of devices that will support the app.
3,1,What does the package declaration in the 'MainActivity.kt' file indicate?,"[""The API level used by the project"",""The location of the file within the app's directory structure"",""The namespace of classes and functions in the file"",""The project's dependency management""]",2,The package declaration defines the namespace for the classes and functions in the MainActivity.kt file.
3,2,What happens when you change the BOM version in the 'libs.versions.toml' file?,"[""It changes the app's package name"",""It modifies the user interface layout"",""It sets the project's minimum SDK level"",""It updates the versions of Compose libraries used in the project""]",3,"The BOM version specifies the versions of Jetpack Compose libraries, ensuring compatibility with the specified versions."
3,3,What is displayed in the Preview panel if the project is not yet built?,"[""A 'Hello World' message"",""A detailed error log"",""A prompt to build and refresh"",""An image of the Android emulator""]",2,"If the project hasnt been built yet, the Preview panel shows a prompt to Build & Refresh to display the current user interface."
3,4,What is the purpose of the 'Scaffold' composable in Jetpack Compose?,"[""To configure animations in the app"",""To handle network requests"",""To manage the application's database"",""To provide a basic structure for app screens following Material Design""]",3,"Scaffold is a layout structure that supports Material Design components, making it easier to build consistent UI screens."
3,5,What is the role of the 'enableEdgeToEdge' method in the 'onCreate' function?,"[""To allow the app to be compatible with older Android versions"",""To create a database connection"",""To enable the full-screen mode for the app"",""To manage the application's theme""]",2,"enableEdgeToEdge is used to make the apps UI extend to the edges of the screen, creating a seamless full-screen experience."
3,6,What is the role of the 'setContent' method in the MainActivity.kt file?,"[""To define the theme of the application"",""To initialize the database"",""To manage navigation between screens"",""To set up the Compose-based UI within the activity""]",3,The setContent method is used to define the UI of the activity using composable functions in Jetpack Compose.
3,7,What is the significance of the @Composable annotation in Jetpack Compose?,"[""It designates a function as one that defines UI components"",""It enables network access within functions"",""It indicates functions that should run on a background thread"",""It marks functions that handle database queries""]",0,The @Composable annotation is used to indicate that a function creates UI components in Jetpack Compose.
3,8,What mode allows you to view both the code and UI preview side by side in Android Studio?,"[""Code mode"",""Design mode"",""Preview mode"",""Split mode""]",3,"Split mode displays the code alongside the Preview panel, making it easier to see changes in real time."
3,9,What should you do if the Preview panel displays an 'Out of date' message?,"[""Change the Kotlin version"",""Click the 'Build & Refresh' link"",""Delete the 'MainActivity.kt' file"",""Restart Android Studio""]",1,Clicking Build & Refresh updates the Preview panel to reflect recent changes made in the code.
3,10,Where can the version of Jetpack Compose being used in a project be found?,"[""In the AndroidManifest.xml file"",""In the MainActivity.kt file"",""In the libs.versions.toml file"",""In the res folder""]",2,"The libs.versions.toml file contains the BOM version information, which specifies the version of Jetpack Compose being used."
3,11,Which build configuration language is used for the ComposeDemo project?,"[""Groovy (build.gradle)"",""Java"",""Kotlin DSL (build.gradle.kts)"",""XML""]",2,"Kotlin DSL is used as the build configuration language for the project, making the Gradle setup more idiomatic to Kotlin."
3,12,"Which file is used to define the colors, fonts, and shapes of the app's user interface?","[""AndroidManifest.xml"",""MainActivity.kt"",""Theme.kt"",""build.gradle.kts""]",2,The Theme.kt file is responsible for defining the visual elements of the ComposeDemo app’s user interface.
3,13,Why might the Preview panel fail to update after changes in the code?,"[""The Kotlin version is outdated"",""The app is missing essential permissions"",""The app is not installed on a device"",""The changes require a build and refresh""]",3,Major changes to the code might require a manual build and refresh to update the preview.
5,0,How can an AVD be modified after its creation?,"[""By creating a new AVD from scratch."",""By reinstalling Android Studio."",""By selecting the AVD in the Device Manager and clicking the pencil icon."",""By using the Gradle Console.""]",2,"The pencil icon in the Device Manager allows developers to edit existing AVD configurations, such as changing screen size or hardware specifications."
5,1,How can an app be run on multiple AVDs simultaneously?,"[""By creating duplicate AVDs in the Device Manager."",""By opening multiple instances of Android Studio."",""By selecting the Run option in each AVD manually."",""By selecting the option to run on multiple devices from the run target menu.""]",3,"The run target menu allows developers to choose multiple AVDs or devices on which to run the app simultaneously, making it easier to test the app across different configurations."
5,2,How can developers troubleshoot issues when running an app on an AVD?,"[""By closing and reopening the Device Manager."",""By re-installing the AVD Manager."",""By restarting the Android Studio IDE."",""By using the diagnostic output in the Run tool window.""]",3,"The Run tool window displays detailed information about the apps launch and runtime behavior, helping developers identify and fix issues."
5,3,How can the startup orientation of an AVD be changed?,"[""By changing the orientation in the AndroidManifest.xml file."",""By restarting the AVD Manager."",""By rotating the emulator window."",""Through the AVD settings in the Device Manager.""]",3,"The startup orientation can be set through the AVD settings in the Device Manager, allowing the emulator to start in either portrait or landscape mode."
5,4,What can the Live Edit feature NOT do in Android Studio?,"[""Apply changes to the body of existing functions."",""Automatically apply changes without rebuilding the project."",""Handle adding or removing new functions."",""Update the appearance of a running app.""]",2,Live Edit is limited to changes within existing functions and does not support adding or removing functions without rebuilding the project.
5,5,What does the 'x86 Images' tab in the AVD creation dialog offer?,"[""Access to ARM-based system images only."",""Compatibility with older Android devices."",""Configuration for screen resolution."",""Support for Intel-based processors in emulation.""]",3,"The x86 Images tab provides system images optimized for Intel processors, allowing for faster emulation on compatible hardware."
5,6,What is a common use for the Run tool window when testing an application on an AVD?,"[""To change the AVD display size."",""To configure system images."",""To display diagnostic information during the app launch process."",""To edit the AndroidManifest.xml file.""]",2,"The Run tool window provides valuable information about the apps launch process, helping developers troubleshoot issues that may occur during testing."
5,7,What is the advantage of running an AVD in a separate window instead of embedded in Android Studio?,"[""It allows for better performance and less memory usage."",""It automatically updates the AVD configuration."",""It can be moved independently, offering more flexibility in managing screen space."",""It provides access to more emulation features.""]",2,"Running the emulator in a separate window allows developers to manage the workspace better, especially when dealing with multiple screens or applications."
5,8,What is the primary purpose of creating an Android Virtual Device (AVD)?,"[""To allow testing of Android applications without a physical device."",""To automatically update the Android SDK."",""To manage user accounts in Android Studio."",""To replace the need for coding in Android Studio.""]",0,"AVDs simulate Android devices, enabling developers to test applications in a controlled environment without needing to use a physical device."
5,9,What is the purpose of Live Edit in Android Studio?,"[""To automate AVD creation."",""To configure AVD system images."",""To enable real-time updates of the app running in the emulator without needing to rebuild."",""To manage multiple emulators.""]",2,"Live Edit allows developers to see the impact of code changes in real-time without having to restart or rebuild the entire app, making testing more efficient."
5,10,What must be selected in the Virtual Device Configuration dialog to create a new AVD for a specific device model?,"[""Device Category"",""Gradle Version"",""Java Version"",""System Image""]",0,"In the Virtual Device Configuration dialog, the device category (e.g., Phone) must be selected to choose the appropriate template for creating an AVD."
5,11,What should be done if the required system image is not available during AVD creation?,"[""Change the Android version of the project."",""Download the system image via the provided link in the AVD Manager."",""Install the Android Studio update."",""Restart the Device Manager.""]",1,"If the needed system image is not installed, the AVD Manager provides a download link to obtain it directly before proceeding with AVD creation."
5,12,Which option allows the AVD emulator to be displayed without a device frame?,"[""Disabling the 'Show Frame' option in the Emulator settings."",""Enabling dark mode in Android Studio."",""Modifying the AndroidManifest.xml file."",""Reinstalling the AVD with a different device profile.""]",0,"The Enable device frame option can be turned off in the AVD settings to display the emulator without the visual frame of the device, creating a simpler view."
5,13,Which tool is used to create and manage AVDs in Android Studio?,"[""Android SDK Manager"",""Android Studio IDE"",""Device Manager"",""Gradle Console""]",2,"The Device Manager in Android Studio allows developers to create, configure, and manage Android Virtual Devices (AVDs)."
5,14,Which version of Android should be selected when creating a new AVD?,"[""Any version as it doesn't affect testing."",""The latest version of Android."",""The oldest available version for compatibility."",""The version that matches the Android SDK version.""]",1,"Using the latest version of Android ensures that the AVD has the most up-to-date features and API levels, making it suitable for testing new applications."
5,15,Why might the 'Download' link be available next to the system image during AVD setup?,"[""To access the Android SDK documentation."",""To download the latest version of Android Studio."",""To install a system image that is not yet downloaded for use in the AVD."",""To update Android Studio settings.""]",2,"If a required system image is missing, the Download link allows developers to download and install it for use in the virtual device."
6,0,How can developers change the orientation of the emulated device?,"[""By dragging the corners of the emulator window."",""By resizing the emulator window."",""Through the 'Displays' settings in the extended controls panel."",""Using the Rotate Left/Right buttons in the toolbar.""]",3,The Rotate Left/Right buttons allow developers to quickly switch the orientation of the emulator between portrait and landscape modes.
6,1,How can developers simulate different network conditions in the AVD emulator?,"[""By adjusting the 'Connection' settings."",""By changing the emulator resolution."",""By using the 'Cellular' settings in the extended controls panel."",""Through the 'Network' settings.""]",2,"The Cellular settings allow developers to simulate various network conditions, including different connection types and scenarios like roaming."
6,2,How can the AVD emulator window size be adjusted?,"[""By dragging the corners or sides of the emulator window."",""By restarting the emulator with a new size setting."",""By selecting a different device profile."",""By selecting the Resize option in the menu.""]",0,"The emulator window can be resized by clicking and dragging its edges, allowing developers to adjust the size of the display as needed."
6,3,What does the 'Extended Controls' panel provide access to in the AVD emulator?,"[""Advanced configuration options for the emulator, such as location, cellular settings, and virtual sensors."",""Device management tools for physical devices."",""Settings to change the IDE layout."",""The ability to switch between different Android versions.""]",0,"The Extended Controls panel in the AVD emulator offers detailed configuration options, allowing developers to simulate different conditions and behaviors within the virtual device."
6,4,What does the 'Take Screenshot' option do in the AVD emulator toolbar?,"[""Captures a screenshot of all open Android Studio windows."",""Captures a screenshot of the current development environment."",""Saves a screenshot of the current emulator display to a specified location."",""Sends a screenshot to the connected physical device.""]",2,The Take Screenshot option captures an image of the current emulator display and saves it to a location defined in the settings.
6,5,What does the 'Zoom Mode' feature in the AVD emulator allow you to do?,"[""Adjust the emulator's screen resolution."",""Change the size of the AVD window."",""Magnify specific areas of the emulator display."",""Zoom in and out of the Android Studio interface.""]",2,"Zoom Mode allows developers to zoom in on specific parts of the emulators display, making it easier to focus on small details during testing."
6,6,What is required before using fingerprint emulation in the AVD emulator?,"[""Configuring a backup screen unlocking method, such as a PIN."",""Enabling Developer Mode on the AVD."",""Installing additional fingerprint drivers."",""Restarting the emulator in fingerprint mode.""]",0,"Before fingerprint security can be enabled, a backup method like a PIN must be configured, which mirrors the behavior of physical Android devices."
6,7,What is the advantage of using quick-boot snapshots in the AVD emulator?,"[""They allow access to more device models."",""They automatically update the Android version."",""They increase the screen resolution."",""They reduce the time needed to start the emulator.""]",3,"Quick-boot snapshots allow the emulator to resume from its last state instead of performing a cold boot, significantly reducing startup time."
6,8,What is the benefit of using the 'Record and Playback' feature in the AVD emulator?,"[""It adjusts the emulator's screen resolution."",""It allows testing of different Android versions."",""It enables automatic updates to the emulator software."",""It records the emulator screen and audio for debugging or tutorial creation.""]",3,"The Record and Playback feature enables developers to capture emulator sessions, which can be useful for reviewing app behavior or creating demonstrations."
6,9,What is the function of the 'Snapshots' feature in the AVD emulator?,"[""To create new device profiles."",""To enable Google Play Services."",""To save and restore the emulator's state."",""To take a screenshot of the current screen.""]",2,"Snapshots allow developers to save the exact state of the emulator, making it possible to quickly restore the emulator to a specific point in time."
6,10,What is the purpose of the 'Power' button in the emulator toolbar?,"[""To close the emulator window."",""To enable or disable the emulator's audio output."",""To restart the AVD emulator session."",""To simulate the physical power button on an Android device.""]",3,"The Power button mimics the physical power button of a real Android device, allowing actions like locking the screen or initiating a power-off sequence."
6,11,What is the purpose of the Android Studio AVD emulator?,"[""To create new Android device models."",""To manage the Android SDK version on physical devices."",""To replace the need for physical Android devices entirely."",""To simulate different Android devices and test applications without needing physical devices.""]",3,"The AVD emulator in Android Studio allows developers to simulate various device configurations for testing, which can be particularly useful when physical devices are not available."
6,12,Which emulator feature is useful for testing apps that respond to physical movements?,"[""Display Mode"",""Location settings"",""Snapshots"",""Virtual Sensors""]",3,"The Virtual Sensors option allows developers to simulate physical movements like rotation and tilting, making it useful for testing apps that react to device motion."
6,13,Which feature allows developers to test apps for foldable devices using the AVD emulator?,"[""Display Mode"",""Fold Device"",""Split Left/Right"",""Zoom Mode""]",1,"The Fold Device option in the AVD emulator is specifically designed to simulate the behavior of foldable devices, allowing developers to test how their apps function in different fold states."
6,14,Which feature allows you to simulate different battery states in the AVD emulator?,"[""Battery"",""Energy"",""Power"",""Snapshots""]",0,"The Battery option in the extended controls panel allows developers to simulate different battery levels, charging states, and health conditions, making it easier to test how an app responds to various battery conditions."
6,15,Which feature in the AVD emulator allows testing of dual-screen devices?,"[""Displays"",""Fold Device"",""Snapshots"",""Zoom Mode""]",0,"The Displays feature allows additional screens to be added within the same emulator session, enabling testing of apps for dual-screen devices."
6,16,Which file formats can be used to simulate device movement in the AVD emulator?,"[""CSV and TXT"",""GPX and KML"",""HTML and CSS"",""XML and JSON""]",1,"GPX (GPS Exchange) and KML (Keyhole Markup Language) files can be used to provide location data, simulating a devices movement within the emulator."
6,17,Which of the following allows you to test apps in different screen sizes using a single AVD emulator?,"[""Display settings"",""Google Play option"",""Resizable Emulator"",""Snapshots""]",2,"A Resizable Emulator allows developers to switch between different screen sizes, making it easier to test how an app adapts to various device form factors."
7,0,How can a theme be changed in Android Studio?,"[""By modifying the build.gradle file"",""By selecting a theme from the Welcome Screen"",""Through the Device Manager"",""Using the Settings dialog under Appearance & Behavior""]",3,"Themes can be changed in the Settings dialog under Appearance & Behavior, allowing users to choose from options like Dark, Light, and Darcula."
7,1,How can you access a PDF of Android Studio keyboard shortcuts?,"[""By opening the Project Tool Window"",""By right-clicking on the navigation bar"",""By selecting the Help -> Keyboard Shortcuts PDF menu option"",""Through the Device Manager""]",2,Users can view and print a PDF listing of all available keyboard shortcuts through the Help menu in Android Studio.
7,2,How can you customize the toolbar in the Android Studio main window?,"[""By changing the project's build settings"",""By editing the AndroidManifest.xml file"",""By right-clicking on the toolbar and selecting Customize Toolbar"",""By using the Device Manager""]",2,Right-clicking the toolbar allows users to customize its layout and add or remove shortcuts to frequently used actions.
7,3,How can you hide or display a tool window in Android Studio?,"[""By changing the AndroidManifest.xml"",""By clicking on the corresponding button in the tool window bar"",""By closing and reopening the project"",""By selecting a different theme""]",1,"Clicking the tool window buttons in the bar will display or hide the corresponding windows, such as the Project Tool Window or Logcat."
7,4,What does the Logcat Tool Window display?,"[""A list of available AVDs"",""A list of recent projects"",""Errors and warnings in the code"",""Log output from a running application""]",3,"The Logcat Tool Window displays logs from a running app, which are useful for debugging and tracking app behavior."
7,5,What does the Version Control tool window provide access to?,"[""Configuring Android Studio themes"",""Editing app layouts"",""Interacting with Git repositories and viewing code changes"",""Managing AVD instances""]",2,"The Version Control window is used for managing source control tasks, such as interacting with Git repositories and viewing commit history."
7,6,What functionality does the Terminal tool window provide?,"[""A command-line interface for interacting with the system"",""A list of all recent files"",""A visual representation of the app's UI"",""Access to the AVD Manager""]",0,"The Terminal window allows developers to execute command-line commands directly within Android Studio, such as git commands or shell scripts."
7,7,What information does the Status Bar in Android Studio provide?,"[""A history of recent files"",""A list of all installed plugins"",""Informational messages about the project and IDE activities"",""The structure of the currently edited class""]",2,"The Status Bar displays messages about the projects status, activities of the IDE, and allows interaction for more detailed information."
7,8,What is the default view mode for the Project Tool Window in Android Studio?,"[""Android View"",""Files View"",""Java View"",""XML View""]",0,"The Android View mode is the default setting, which organizes the projects files into a structure optimized for Android development."
7,9,What is the function of the Navigation Bar in Android Studio?,"[""To change the theme of the IDE"",""To display diagnostic messages"",""To navigate through files and classes within the project"",""To switch between open projects""]",2,"The Navigation Bar provides a quick way to move between files and classes, displaying a hierarchical view of the project structure."
7,10,What is the purpose of the Android Studio welcome screen?,"[""To display coding tutorials"",""To install Android SDK updates"",""To manage device connections"",""To provide options for opening, creating, and managing projects""]",3,"The welcome screen allows users to create new projects, open existing ones, manage version control projects, and customize IDE settings."
7,11,What is the purpose of the Device Manager tool window?,"[""To access Android SDK updates"",""To add, remove, and manage physical and virtual Android devices"",""To configure Gradle settings"",""To manage files in the project""]",1,The Device Manager allows users to manage AVDs and physical device connections for testing and debugging purposes.
7,12,What is the role of the App Quality Insights tool window in Android Studio?,"[""To access Firebase crash and performance data"",""To debug Android Virtual Devices"",""To design app layouts"",""To manage app build configurations""]",0,"App Quality Insights provides access to crash and performance analytics from Firebase, helping developers improve app quality."
7,13,When does the Android Studio welcome screen appear?,"[""After installing a new Android SDK version"",""Every time Android Studio is launched"",""Only after a new project is created"",""When Android Studio is launched with no open projects""]",3,"The welcome screen is displayed when no projects are open. If a project was open during the previous session, Android Studio will skip this screen and reopen the last project."
7,14,Which component of the Android Studio interface provides access to recent projects and version control?,"[""The Main Window"",""The Menu Bar"",""The Project Tool Window"",""The Welcome Screen""]",3,The welcome screen lists recent projects and provides options for accessing projects under version control.
7,15,Which keyboard shortcut opens the Switcher in Android Studio?,"[""Ctrl-E"",""Ctrl-R"",""Ctrl-S"",""Ctrl-Tab""]",3,"The Switcher can be accessed using the Ctrl-Tab shortcut, allowing users to quickly navigate between open files and tool windows."
7,16,Which part of the Android Studio interface displays the contents of a file currently being edited?,"[""Editor Window"",""Navigation Bar"",""Project Tool Window"",""Status Bar""]",0,The Editor Window is where the content of the currently open file is displayed and edited. It supports multiple tabs for working on different files simultaneously.
7,17,Which tool window allows you to inspect and modify an app's database while it is running?,"[""App Inspection"",""Gradle"",""Layout Inspector"",""Logcat""]",0,"The App Inspection tool window includes a Database Inspector that allows developers to inspect, query, and modify the apps databases during runtime."
7,18,Which tool window provides a central location for reviewing project build warnings and errors?,"[""Device File Explorer"",""Logcat"",""Problems"",""Run Tool Window""]",2,"The Problems tool window consolidates all warnings and errors detected in the project, making it easier to address them from a single location."
7,19,Which window provides real-time updates during the build process in Android Studio?,"[""Build Tool Window"",""Logcat"",""Run Tool Window"",""Terminal""]",0,"The Build Tool Window displays the progress of the build process, including the various steps involved in compiling the project."
8,0,What command lists the connected AVD or physical devices using ADB?,"[""adb connect-devices"",""adb devices"",""adb list-devices"",""adb show-devices""]",1,"The adb devices command lists all currently connected devices, showing both AVDs and physical Android devices."
8,1,What command should be run if the ADB server needs to be restarted on Windows?,"[""adb kill-server && adb start-server"",""adb restart-server"",""adb start"",""adb start-server""]",0,Running adb kill-server followed by adb start-server will stop any existing ADB server and start a new one.
8,2,What does the 'Allow USB debugging' dialog on an Android device do?,"[""It allows the development system to access device data."",""It allows the device to connect to any Wi-Fi network."",""It enables the device to be rooted."",""It grants permission for the development system to deploy and debug apps on the device.""]",3,Allowing USB debugging gives the development system access to deploy and debug applications on the connected Android device.
8,3,What is a common troubleshooting step if ADB fails to detect a device on macOS?,"[""Log out and back into the macOS desktop."",""Reinstall macOS."",""Reset the Android device to factory settings."",""Uninstall and reinstall Android Studio.""]",0,Logging out and back in can help reset system-level permissions that might interfere with ADBs ability to detect connected devices.
8,4,What is required for wireless debugging on an Android device?,"[""Connecting the device to a LAN cable."",""Enabling USB debugging only."",""Enabling Wireless Debugging in Developer options."",""Rooting the Android device.""]",2,"Wireless debugging must be enabled through Developer options, allowing ADB connections without a USB cable."
8,5,What is the default port used by ADB for communication?,"[""5000"",""5037"",""5554"",""8080""]",1,ADB uses port 5037 by default to communicate between the development system and connected devices.
8,6,What is the function of the 'adb devices' command?,"[""It installs applications on a connected device."",""It lists all available Android SDKs."",""It restarts the ADB server."",""It shows the list of connected AVD and physical devices.""]",3,The adb devices command displays a list of all currently connected emulators and physical Android devices recognized by ADB.
8,7,What is the primary purpose of the Android Debug Bridge (ADB)?,"[""To create backups of Android device data."",""To facilitate interaction between Android Studio and both AVD emulators and Android devices for running and debugging applications."",""To install applications directly on Android devices."",""To manage user accounts on Android devices.""]",1,"ADB serves as a bridge between a development environment like Android Studio and Android devices, allowing developers to test, run, and debug applications on both emulators and physical devices."
8,8,What should you do if an Android device is listed as 'offline' after connecting it to a macOS system?,"[""Check the device for a USB debugging permission dialog and allow it."",""Disconnect and reconnect the USB cable."",""Reboot the Android device."",""Reinstall Android Studio.""]",0,"If a device appears as offline, it often means that the permission to allow USB debugging has not been granted on the Android device."
8,9,What should you do if your device is listed as 'unauthorized' in the ADB device list?,"[""Check for a dialog on the device to authorize USB debugging."",""Enable developer mode again."",""Reinstall the ADB drivers."",""Restart the Android device.""]",0,An unauthorized status means that the permission dialog on the Android device for USB debugging needs to be confirmed.
8,10,Which Android Studio feature allows you to see the display of a physical device within the IDE?,"[""Device Emulator"",""Device Mirroring"",""Device Simulation"",""Screen Capture""]",1,Device mirroring lets you view the screen of a physical device within Android Studios Running Devices tool window.
8,11,Which command is used to restart the ADB server?,"[""adb kill-server && adb start-server"",""adb reset-server"",""adb restart"",""adb start-server""]",0,"To restart the ADB server, the command sequence first stops any running ADB server with adb kill-server and then starts it again using adb start-server."
8,12,Which group membership is required for an Ubuntu user to use ADB?,"[""adbuser"",""plugdev"",""root"",""sudo""]",1,Membership in the plugdev group allows Ubuntu users to access USB devices for ADB communication.
8,13,Which of the following is NOT a necessary step when configuring ADB on a Windows system?,"[""Executing the 'android update adb' command."",""Including the Android SDK platform-tools in the PATH environment variable."",""Installing the appropriate USB drivers."",""Rebooting the Android device.""]",3,"Rebooting the Android device is not a standard requirement for setting up ADB, although it may be useful if connection issues arise."
8,14,Which of the following is required before ADB can connect to an Android device over a USB connection?,"[""The development system must use Linux."",""The device must be in recovery mode."",""The device must be rooted."",""The device must have USB debugging enabled.""]",3,"USB debugging allows the Android device to communicate with the ADB, making it possible to deploy and debug apps from the development environment."
8,15,Which option should be selected in the run target menu to pair an Android device using Wi-Fi?,"[""Device Sync"",""Enable AVD Pairing"",""Pair Devices Using WiFi"",""Troubleshoot Device Connections""]",2,This option in the run target menu enables developers to pair a physical Android device with Android Studio for wireless debugging.
8,16,Which package must be installed on Ubuntu Linux to enable ADB for testing on physical devices?,"[""android-studio-adb"",""android-tools-adb"",""linux-tools-adb"",""ubuntu-adb-tools""]",1,"On Ubuntu Linux, the android-tools-adb package provides the necessary ADB tools to communicate with Android devices."
8,17,Why is testing on a physical device important compared to using only an AVD?,"[""AVDs do not support debugging."",""Physical devices are faster than AVDs in all cases."",""Physical devices have a better display resolution."",""Some Android features are only available on physical devices.""]",3,"Certain hardware-specific features and behaviors can only be tested on physical devices, making it essential to test apps in a real-world environment."
8,18,Why might a user need to reboot their system during ADB configuration?,"[""To apply changes made to system settings, such as group memberships or driver installations."",""To clear all ADB connections."",""To reset the Android device."",""To update Android Studio.""]",0,"Rebooting the system can ensure that any changes made, like new driver installations or group membership updates, take effect."
8,19,Why might it be necessary to install manufacturer-specific drivers for ADB on Windows?,"[""Because generic drivers do not support ADB functions for all devices."",""To access the device's bootloader."",""To allow wireless debugging."",""To enable faster app deployment.""]",0,Different Android device manufacturers may require specific USB drivers for ADB to recognize their devices on a Windows system.
9,0,How can a user detach an editor panel from the main Android Studio window?,"[""Click on the 'Detach' button in the toolbar"",""Drag the tab to a different part of the desktop"",""Right-click and select 'Detach Panel'"",""Use Ctrl + D keyboard shortcut""]",1,Dragging the tab outside the main window allows the user to detach the panel and place it in a separate window.
9,1,How can a user enable or disable line numbers in the Android Studio editor?,"[""By adjusting the code completion settings"",""Right-click in the gutter and select 'Show Line Numbers'"",""Through the View menu"",""Using the keyboard shortcut Ctrl + L""]",1,Users can enable or disable line numbers by right-clicking in the Editor Gutter Area and choosing the Show Line Numbers option.
9,2,How can a user modify the behavior of parameter name hints in Android Studio?,"[""Adjusting the Validation and Marker Sidebar"",""By changing the language settings"",""In the Settings dialog under Editor -> Inlay Hints"",""Using the Parameter Wizard tool""]",2,"Parameter name hints settings can be adjusted by navigating to the Inlay Hints section of the Settings dialog, providing control over their display."
9,3,How can the code completion behavior be customized in Android Studio?,"[""By adjusting the sidebar settings"",""In the Settings dialog under Editor -> General -> Code Completion"",""Through the View menu"",""Using a custom plugin""]",1,"Code completion settings can be customized through the Settings dialog, allowing users to adjust the suggestions and behavior to their preference."
9,4,How can the editor window be returned to a single panel after splitting?,"[""Click the 'Merge' button"",""Drag the panel back to the main window"",""Right-click on any tab and select 'Unsplit'"",""Use Ctrl + U keyboard shortcut""]",2,"To revert to a single panel, right-click on a tab in a split panel and choose Unsplit from the context menu."
9,5,How can the parameter information for a method be viewed in Android Studio?,"[""By hovering over the method name"",""Clicking the parameter name in the sidebar"",""Right-clicking and selecting 'View Parameters'"",""Using the Ctrl + P keyboard sequence""]",3,"Ctrl + P displays parameter information for methods, showing the arguments that can be passed to the method."
9,6,What are Live Templates used for in Android Studio?,"[""Displaying method parameter hints"",""Folding and unfolding code blocks"",""Inserting frequently used code snippets quickly"",""Organizing code into multiple files""]",2,Live templates allow developers to quickly insert common code patterns by typing a shortcut followed by pressing the Tab key.
9,7,What does the Validation and Marker Sidebar display?,"[""Breakpoints and bookmarks"",""Current file name and status"",""List of open files"",""Real-time analysis of code for warnings and errors""]",3,"The Validation and Marker Sidebar provides real-time feedback on code issues, highlighting errors and warnings as code is written."
9,8,What does the green check mark in the Validation and Marker Sidebar indicate?,"[""All tests have passed"",""The file is successfully saved"",""The project is ready for deployment"",""There are no errors or warnings in the code""]",3,"A green check mark means that the code currently has no detected warnings or errors, indicating that it is ready for compilation."
9,9,What feature allows for folding and unfolding blocks of code in Android Studio?,"[""Code Completion"",""Code Folding"",""Code Generation"",""Document Tabs""]",1,"Code folding enables users to collapse and expand blocks of code, helping to manage large code files by focusing on relevant sections."
9,10,What feature in Android Studio allows the automatic generation of code stubs like overriding methods?,"[""Code Completion"",""Code Folding"",""Code Generation"",""Live Templates""]",2,"Code generation allows developers to quickly create code structures, such as overriding methods, using shortcuts like Alt + Insert."
9,11,What feature of the Android Studio editor helps in minimizing typing effort by suggesting completions for statements?,"[""Code Completion"",""Code Folding"",""Document Tabs"",""Parameter Information""]",0,"Code completion provides suggestions as code is typed, reducing the need for manual typing by offering possible completions based on context."
9,12,What functionality does the 'Find Sample Code' feature in Android Studio provide?,"[""Displays example code for selected classes or methods"",""Generates random code samples"",""Highlights code errors"",""Provides code templates""]",0,"The Find Sample Code feature shows example code related to selected classes or methods, helping developers understand their usage."
9,13,What is the purpose of the Editor Gutter Area in Android Studio?,"[""To display code structure"",""To display informational icons like breakpoints and bookmarks"",""To manage code completion settings"",""To navigate between different files""]",1,"The Editor Gutter Area provides icons for debugging, code folding controls, line numbers, and other markers, making it easier to manage and navigate code."
9,14,Which feature allows users to automatically complete parentheses and braces for methods in Android Studio?,"[""Code Folding"",""Code Generation"",""Live Templates"",""Statement Completion""]",3,"Statement completion automatically fills out parentheses, braces, and other common syntax elements to save time during coding."
9,15,Which feature in Android Studio allows users to split the editor window into multiple panels?,"[""Code Folding"",""Editor Gutter Area"",""Live Templates"",""Splitter""]",3,"The splitter allows users to split the editor window into multiple panes, enabling simultaneous work on different files or different parts of the same file."
9,16,Which keyboard shortcut is used to invoke Smart Completion in Android Studio?,"[""Alt + Insert"",""Ctrl + Space"",""Shift + Ctrl + Enter"",""Shift + Ctrl + Space""]",3,"Smart Completion is triggered using the Shift + Ctrl + Space keyboard shortcut, offering more specific suggestions based on code context."
9,17,Which of the following is a purpose of the Code Structure Location bar in Android Studio?,"[""To display line numbers"",""To display parameter hints"",""To indicate the cursor's position within the code structure"",""To navigate through open files""]",2,"The Code Structure Location bar shows the current position of the cursor within the overall structure of the code, helping with navigation."
9,18,Which shortcut can be used to access documentation for a class or method in Android Studio?,"[""Ctrl + P"",""Ctrl + Q"",""Ctrl + Space"",""Shift + Ctrl + Enter""]",1,"Pressing Ctrl + Q displays context-sensitive documentation for the selected class or method, making it easier to understand their functionality."
9,19,Which shortcut is used to reformat code in Android Studio?,"[""Alt + Insert"",""Ctrl + Alt + L"",""Ctrl + Q"",""Shift + Ctrl + Space""]",1,Ctrl + Alt + L is the shortcut for automatically reformatting the code according to the defined style settings in Android Studio.
10,0,What are the native applications provided with Android called?,"[""Built-in Applications"",""Framework Applications"",""Native Applications"",""Standard Android Libraries""]",2,"Native applications are the built-in apps provided with Android, such as the web browser and email applications."
10,1,What does ART stand for in Android?,"[""Advanced Rendering Technology"",""Android Resource Toolkit"",""Android Runtime"",""Application Resource Tracker""]",2,"ART stands for Android Runtime, which is responsible for converting DEX bytecode into native machine instructions."
10,2,What does the Native Development Kit (NDK) allow developers to do?,"[""Access low-level C/C++ libraries from Java code"",""Compile Java bytecode to native code"",""Manage app lifecycles"",""Write applications using only Java""]",0,"The NDK allows developers to call C/C++ methods from Java or Kotlin code, enabling direct access to low-level libraries."
10,3,What does the Notification Manager in the Android Application Framework do?,"[""Displays alerts and notifications to users"",""Manages app data sharing"",""Manages app installation and updates"",""Provides access to system resources""]",0,The Notification Manager allows Android applications to display alerts and notifications to the user.
10,4,What is DEX in the context of Android development?,"[""A Java library"",""A hardware component"",""A native machine code format"",""An intermediate bytecode format""]",3,"DEX (Dalvik Executable) is the intermediate bytecode format used by Android, allowing apps to run on any device with a DEX-compatible runtime."
10,5,What is the base layer of the Android software stack?,"[""Android Runtime"",""Application Framework"",""Hardware Abstraction Layer"",""Linux Kernel""]",3,"The Linux Kernel is the base layer of the Android software stack, providing a level of abstraction between the device hardware and the upper layers of the stack."
10,6,What is the function of Ahead-of-Time (AOT) compilation in ART?,"[""Compiles bytecode at app installation"",""Facilitates content sharing between apps"",""Interprets code during app execution"",""Manages app lifecycles""]",0,"AOT compilation converts DEX bytecode into machine code during app installation, allowing for faster app execution and improved battery performance."
10,7,What is the main function of the Package Manager in the Application Framework?,"[""Displays alerts and notifications"",""Finds information about installed apps"",""Manages content sharing between apps"",""Provides access to non-code resources""]",1,The Package Manager allows applications to find information about other applications currently installed on the device.
10,8,What is the primary function of the Resource Manager in the Application Framework?,"[""To facilitate inter-process communication"",""To handle application lifecycle"",""To manage app notifications"",""To provide access to non-code embedded resources""]",3,"The Resource Manager provides access to embedded resources like strings, colors, and UI layouts, which are essential for app customization."
10,9,What is the primary purpose of the Android Application Framework?,"[""To convert Java code to native machine code"",""To execute DEX bytecode"",""To manage the Linux Kernel"",""To provide system-level services to applications""]",3,The Application Framework provides essential system-level services that manage how applications run and interact with the device.
10,10,What is the purpose of the Hardware Abstraction Layer (HAL) in Android?,"[""To convert DEX bytecode into machine code"",""To interface with device hardware components"",""To manage application lifecycles"",""To provide a set of standard Java libraries""]",1,"The HAL allows Android to communicate with hardware components like the camera and microphone, making the system adaptable to various hardware configurations."
10,11,What is the purpose of the android.content library in Android development?,"[""Facilitates content access and messaging"",""Handles 2D graphics drawing"",""Manages the application lifecycle"",""Provides access to hardware components""]",0,"The android.content library facilitates content access, publishing, and messaging between applications and components."
10,12,What is the role of Content Providers in the Android Application Framework?,"[""Allows apps to publish and share data"",""Handles network communication"",""Manages app notifications"",""Manages application resources""]",0,Content Providers allow Android applications to publish and share data with other apps.
10,13,What problem did ART solve compared to Dalvik?,"[""Better support for third-party libraries"",""Enhanced security measures"",""Improved graphics rendering"",""Reduced power consumption and faster app performance""]",3,"ART solved performance and battery life issues by converting DEX bytecode to native machine code ahead of time (AOT), unlike Dalviks Just-in-Time (JIT) compilation."
10,14,What role does the Linux Kernel play in the Android software stack?,"[""Executes Java bytecode"",""Facilitates user interface building"",""Manages application lifecycle"",""Provides low-level system services""]",3,"The Linux Kernel provides core system services such as memory, process, and power management, along with a network stack and device drivers."
10,15,What role does the android.opengl library serve in Android development?,"[""Enables 3D graphics rendering"",""Facilitates network access"",""Handles file manipulation tasks"",""Provides access to operating system services""]",0,"The android.opengl library provides a Java interface to the OpenGL ES API, enabling 3D graphics rendering in Android apps."
10,16,What type of file does ART generate during the Ahead-of-Time compilation process?,"[""APK file"",""DEX file"",""ELF file"",""JAR file""]",2,"ART generates an Executable and Linkable Format (ELF) file, which contains the native machine code that runs on the Linux Kernel."
10,17,What type of tasks do the C/C++ libraries in Android typically handle?,"[""Content sharing between apps"",""High-level Java tasks"",""Low-level operations for performance and efficiency"",""User interface building""]",2,"C/C++ libraries handle low-level tasks that are compact, fast, and efficient, such as graphics management and audio processing."
10,18,Which Android library is specifically used for 2D graphics drawing?,"[""android.graphics"",""android.opengl"",""android.os"",""android.webkit""]",0,"The android.graphics library provides a low-level 2D graphics drawing API including features like colors, points, and rectangles."
10,19,Which Android library is used for network access?,"[""android.content"",""android.hardware"",""android.media"",""android.net""]",3,"The android.net library provides APIs for accessing the network stack, including WiFi and other network components."
10,20,Which Android library provides APIs for hardware access like the accelerometer?,"[""android.graphics"",""android.hardware"",""android.media"",""android.os""]",1,The android.hardware library provides APIs to access hardware components such as the accelerometer and light sensor.
10,21,Which Android library provides access to the application model and forms the cornerstone of all Android applications?,"[""android.app"",""android.content"",""android.media"",""android.opengl""]",0,The android.app library provides access to the application model and is fundamental to all Android applications.
10,22,Which Android library would you use to add web browsing capabilities to an app?,"[""android.media"",""android.net"",""android.os"",""android.webkit""]",3,The android.webkit library provides classes to integrate web browsing capabilities into Android applications.
10,23,Which Android service provides location updates to applications?,"[""Activity Manager"",""Content Providers"",""Location Manager"",""Telephony Manager""]",2,"The Location Manager provides access to location services, allowing applications to receive updates about location changes."
10,24,Which component of the Android stack provides an API to build user interfaces?,"[""android.net"",""android.opengl"",""android.text"",""android.widget""]",3,"The android.widget library provides a rich collection of pre-built user interface components, such as buttons and layout managers."
10,25,Which layer of the Android architecture is responsible for managing app lifecycles?,"[""Android Runtime"",""Application Framework"",""Hardware Abstraction Layer"",""Linux Kernel""]",1,The Application Framework manages app lifecycles through the Activity Manager and provides other essential services.
10,26,Which layer of the Android stack contains the libraries used to build the Android runtime?,"[""Android Runtime"",""Application Framework"",""C/C++ Libraries"",""Linux Kernel""]",2,The C/C++ Libraries layer contains the low-level libraries that support the Android runtime and other key components of the stack.
10,27,Which service in the Application Framework controls all aspects of the application lifecycle?,"[""Activity Manager"",""Content Providers"",""Location Manager"",""Resource Manager""]",0,The Activity Manager controls all aspects of the application lifecycle and the activity stack.
10,28,Which technology replaced Dalvik as the runtime system in Android?,"[""AOT"",""ART"",""JIT"",""NDK""]",1,"ART (Android Runtime) replaced Dalvik and uses Ahead-of-Time (AOT) compilation to convert DEX bytecode to machine code, improving app performance."
12,0,How are Kotlin data types different from primitive data types in other languages?,"[""They are all objects with functions and properties"",""They are faster to execute"",""They cannot be cast to other types"",""They use less memory""]",0,"In Kotlin, all data types are objects, which means they come with built-in functions and properties that can be accessed using dot notation."
12,1,How are characters represented internally in Kotlin?,"[""As 16-bit Unicode grapheme clusters"",""As ASCII values"",""As floating-point numbers"",""As single-byte values""]",0,"Kotlin represents characters as 16-bit Unicode grapheme clusters, allowing for a wide range of characters beyond the ASCII set."
12,2,How can you safely cast an object to another type in Kotlin?,"[""Using the 'as' keyword"",""Using the cast operator '->'"",""Using the safe cast operator 'as?'"",""Using the type operator '::'""]",2,"The as? operator is used for safe casting in Kotlin, returning null if the cast fails instead of throwing an exception."
12,3,What does string interpolation in Kotlin allow you to do?,"[""Change the length of a string"",""Convert strings to integers"",""Create immutable strings"",""Embed variables and expressions inside strings""]",3,"String interpolation in Kotlin allows developers to embed variables, constants, and expressions directly inside strings, making them dynamic and easier to construct."
12,4,What does the Kotlin 'let' function do when used with nullable types?,"[""It allows nullable variables to be used like non-null variables within a lambda"",""It changes the type of a variable"",""It checks if a variable is null"",""It initializes a variable to zero""]",0,The let function enables nullable types to be safely used within a lambda expression by converting them to non-null within the scope of the lambda.
12,5,What does the Kotlin compiler use to determine the type of a variable when a type annotation is not provided?,"[""Type annotation"",""Type casting"",""Type checking"",""Type inference""]",3,"Kotlin uses type inference to determine the type of a variable when it is not explicitly declared, based on the value assigned to it during initialization."
12,6,What does the not-null assertion operator (!!) do in Kotlin?,"[""Converts nullable types to non-null types safely"",""Converts numbers to strings"",""Prevents runtime exceptions"",""Removes all compiler restrictions from nullable types""]",3,"The not-null assertion operator (!!) removes restrictions on nullable types, allowing them to be used like non-null types but risks causing runtime exceptions if used incorrectly."
12,7,What happens if you try to compile Kotlin code with a non-null variable that has a null value?,"[""The code will compile but crash at runtime"",""The code will compile with a warning"",""The code will not compile"",""The null value will be ignored""]",2,"Kotlin enforces strict null safety, so a non-null variable cannot be assigned a null value; this will cause a compilation error."
12,8,What is a Boolean data type used for in Kotlin?,"[""Handling true or false conditions"",""Managing large datasets"",""Storing characters"",""Storing numeric values""]",0,"The Boolean data type in Kotlin is specifically designed to store values of true or false, representing binary conditions."
12,9,What is a mutable variable in Kotlin?,"[""A variable that can have its value changed"",""A variable that can only be assigned once"",""A variable that is read-only"",""A variable that stores only string values""]",0,"Mutable variables in Kotlin, declared with var, allow their values to be changed after initialization."
12,10,What is the Elvis operator used for in Kotlin?,"[""To check for null values and provide a default"",""To convert between data types"",""To declare variables"",""To escape special characters in strings""]",0,The Elvis operator (?:) checks for null values and provides a default value if the expression on the left is null.
12,11,What is the main function of type annotations in Kotlin?,"[""To convert data types automatically"",""To explicitly declare the type of a variable"",""To specify the memory size of variables"",""To speed up code execution""]",1,"Type annotations explicitly declare the data type of a variable, ensuring the correct type is used and preventing type-related errors."
12,12,What is the primary difference between Float and Double data types in Kotlin?,"[""Float can store decimal places, while Double cannot"",""Float has 32-bit precision, and Double has 64-bit precision"",""Float is used for 64-bit precision, and Double is for 32-bit precision"",""Float is used for smaller numbers, and Double for larger numbers""]",1,"Float is used for 32-bit floating-point numbers, while Double provides 64-bit precision, allowing it to store larger and more precise decimal values."
12,13,What is the primary purpose of data types in Kotlin?,"[""To allow the CPU to understand instructions"",""To compile code faster"",""To enable programmers to work with data in a human-readable format"",""To improve the performance of the code""]",2,"Data types allow programmers to define and work with data in a format that is understandable to humans, which is then compiled into machine code executable by the CPU."
12,14,What is the purpose of the 'var' keyword in Kotlin?,"[""To declare constants"",""To declare functions"",""To declare mutable variables"",""To declare non-null variables""]",2,"The var keyword is used to declare mutable variables in Kotlin, which means their values can be changed after initialization."
12,15,What is the role of the escape character '\' in Kotlin?,"[""To declare string variables"",""To indicate the end of a line"",""To represent special characters in strings"",""To start a new statement""]",2,"The escape character \ in Kotlin is used to represent special characters like new lines, tabs, or to include quotes within strings."
12,16,What is type inference in Kotlin?,"[""A debugging tool for type errors"",""The automatic assignment of variable types by the compiler"",""The conversion of data types at runtime"",""The process of manually defining variable types""]",1,Type inference in Kotlin allows the compiler to automatically determine the type of a variable based on the value it is assigned.
12,17,What keyword is used to declare a variable that will be initialized later in Kotlin?,"[""defer"",""lateinit"",""val"",""var""]",1,"The lateinit modifier in Kotlin allows you to declare a non-null variable that will be initialized later, bypassing the need for initialization at declaration."
12,18,What keyword is used to declare immutable variables in Kotlin?,"[""const"",""let"",""val"",""var""]",2,"Immutable variables in Kotlin are declared using the val keyword, which means their values cannot be changed once assigned."
12,19,Which Kotlin data type would you use to store a single letter or symbol?,"[""Boolean"",""Char"",""Int"",""String""]",1,"The Char data type in Kotlin is used to store a single character, such as a letter or symbol, using 16-bit Unicode encoding."
12,20,Which Kotlin feature helps avoid null pointer exceptions?,"[""Late initialization"",""Nullable types and safe calls"",""Primitive data types"",""Static typing""]",1,Kotlin’s nullable types and safe call operators help prevent null pointer exceptions by enforcing null checks and safe access.
12,21,Which Kotlin operator checks if an object conforms to a specific type?,"[""=="",""as?"",""is"",""typeOf""]",2,"The is operator in Kotlin is used to check if an object conforms to a specific type, allowing for type-safe operations."
12,22,Which of the following is NOT a special character in Kotlin?,"[""\\&quot - Double quote"",""\\e - Error character"",""\\n - New line"",""\\t - Horizontal tab""]",1,"\e is not a recognized escape sequence in Kotlin. Recognized special characters include newline ( ), tab ( ), and quotes (\"" or \)."
12,23,Which of the following is a correct way to check if a 'lateinit' variable has been initialized?,"[""casting the variable"",""checking the 'isInitialized' property"",""using a try-catch block"",""using if-else statements""]",1,You can check if a lateinit variable has been initialized by accessing the isInitialized property with the :: operator.
12,24,Which of the following is an example of a Kotlin integer data type?,"[""Boolean"",""Double"",""Int"",""String""]",2,The Int data type in Kotlin is used to store 32-bit whole numbers (integers) that do not have decimal places.
12,25,Which of the following is the correct way to declare a nullable variable in Kotlin?,"[""val name: String!"",""val name: String?"",""val name?: String"",""val? name: String""]",1,"In Kotlin, appending a question mark (?) after the type indicates that the variable is nullable and can store null values."
12,26,Which operator is used to safely access properties or call functions on nullable types in Kotlin?,"[""!!"",""::"",""?!!"",""?.""]",3,"The safe call operator ?. allows properties and functions to be accessed on nullable types, preventing null pointer exceptions."
12,27,Which syntax is used to declare a multi-line string in Kotlin?,"[""Using curly braces"",""Using double quotes"",""Using single quotes"",""Using triple quotes""]",3,"Triple quotes are used in Kotlin to declare multi-line strings, allowing for string content that spans multiple lines."
12,28,Why should immutable variables be preferred over mutable ones in Kotlin?,"[""They are required for all Kotlin programs"",""They have better performance"",""They occupy less memory"",""They reduce the risk of errors and make code easier to read""]",3,Immutable variables help reduce errors by preventing accidental changes to values and make the code easier to understand and maintain.
13,0,How does the bitwise right shift shr() operation affect a number?,"[""It compares two values"",""It doubles the value"",""It inverts the bits"",""It shifts bits right, effectively halving the value""]",3,"The `shr()` operation shifts bits to the right, effectively halving the value for each shift by one position."
13,1,What are the primary components of a basic expression in Kotlin?,"[""A function call, an operand, and an assignment"",""A loop, a function call, and an operator"",""An operator, a loop, and a conditional statement"",""An operator, two operands, and an assignment""]",3,"A basic expression in Kotlin consists of an operator, two operands, and an assignment, as demonstrated in the example `val myresult = 1 + 2`."
13,2,What does the ! operator do when applied to a Boolean variable?,"[""Inverts the Boolean value"",""Multiplies the Boolean value"",""Sets the value to false"",""Sets the value to true""]",0,"The ! operator is the logical NOT operator, which inverts the current Boolean value, turning true into false and vice versa."
13,3,What does the assignment operator '=' do in Kotlin?,"[""It assigns a value to a variable"",""It compares two values"",""It increments a variable"",""It multiplies two values""]",0,"The assignment operator = in Kotlin assigns the result of an expression to a variable, such as `x = 10`."
13,4,What does the augmented assignment operator '+=' do?,"[""Adds two values and assigns the result to a different variable"",""Adds two values and stores the result in the first variable"",""Multiplies two values and assigns the result"",""Subtracts two values and stores the result""]",1,"The += operator adds the right operand to the left operand and assigns the result to the left operand, e.g., `x += y`."
13,5,What does the augmented assignment operator x -= y do?,"[""Adds y to x and stores the result in x"",""Divides x by y and stores the result in x"",""Multiplies x by y and stores the result in x"",""Subtracts y from x and stores the result in x""]",3,The `x -= y` operator subtracts the value of y from x and assigns the result back to x.
13,6,What does the bitwise OR operation do in Kotlin?,"[""Compares two numbers and returns the larger value"",""Inverts the bits of a number"",""Performs a bit-by-bit OR comparison"",""Returns the sum of two numbers""]",2,"The `or()` operation performs a bitwise OR, placing a 1 in the result if at least one of the corresponding bits in the operands is 1."
13,7,What does the bitwise left shift operation shl() do?,"[""Compares two binary numbers"",""Inverts the bits of a number"",""Shifts bits to the left, effectively doubling the value"",""Shifts bits to the right, effectively halving the value""]",2,"The `shl()` operation shifts bits to the left by a specified number of positions, doubling the value for each shift by one position."
13,8,What does the logical AND (&&) operator do?,"[""Compares two numbers"",""Inverts the Boolean value"",""Returns true if both operands are true"",""Returns true if one operand is true""]",2,"The && operator returns true only if both operands evaluate to true; otherwise, it returns false."
13,9,What is the main purpose of Kotlin operators and expressions?,"[""To declare variables"",""To define data types"",""To manage program flow"",""To manipulate and evaluate variables and constants""]",3,"Operators and expressions in Kotlin are used to manipulate and evaluate variables and constants, forming the core of variable interactions."
13,10,What is the output of the expression x.xor(y) if x = 171 and y = 3 ?,"[""168"",""171"",""174"",""3""]",0,"The `xor()` operation performs an exclusive OR on each bit position of the operands, resulting in 168 when applied to 171 and 3."
13,11,What is the purpose of the range operator '..' in Kotlin?,"[""To compare two values"",""To create an array"",""To declare a sequence of values"",""To perform bitwise operations""]",2,"The .. operator in Kotlin creates a range of values, such as `5..8`, representing the sequence 5, 6, 7, 8."
13,12,What is the purpose of the unary '-' operator in Kotlin?,"[""To add two values"",""To increment a value"",""To multiply two values"",""To negate a value""]",3,"The unary - operator is used to negate a value, changing its sign, e.g., `-10` makes a positive number negative."
13,13,What is the result of the expression val y = ++x if x starts at 9?,"[""x is decremented before assignment"",""x is incremented after assignment"",""x is incremented before assignment"",""y is assigned the value 8""]",2,"In `val y = ++x`, the variable `x` is incremented before the assignment, so `y` gets the incremented value of `x`, which is 10."
13,14,What type of operator is x != y in Kotlin?,"[""Bitwise operator"",""Equality operator"",""Logical operator"",""Range operator""]",1,The `!=` operator is an equality operator that checks whether two operands are not equal.
13,15,What will be the result of the bitwise right shift operation x.shr(1) if x = 171 ?,"[""171"",""3"",""342"",""85""]",3,"The `shr(1)` operation shifts the bits of 171 to the right by one position, resulting in 85."
13,16,What would be the result of the expression x..y in Kotlin?,"[""Checks equality between x and y"",""Declares a range from x to y"",""Performs a logical comparison"",""Performs addition of x and y""]",1,"The `x..y` expression declares a range of numbers starting at x and ending at y, including both endpoints."
13,17,Which Kotlin operator is used for subtraction?,"[""*"",""+"",""-"",""/""]",2,"The - operator is used for subtraction, taking two operands and subtracting the second from the first, e.g., `x - 5`."
13,18,Which Kotlin operator is used to perform modulo operations?,"[""%"",""*"",""+"",""-""]",0,"The % operator in Kotlin is used to calculate the remainder of a division operation, known as modulo."
13,19,Which Kotlin operator would you use to double a number by shifting its bits?,"[""and()"",""shl()"",""shr()"",""xor()""]",1,"The `shl()` operation shifts bits to the left, effectively doubling the value of the number."
13,20,Which bitwise operation would you use to compare two numbers bit-by-bit and set bits to 1 only when both bits are 1?,"[""and()"",""or()"",""shl()"",""xor()""]",0,The `and()` operation performs a bit-by-bit comparison and sets each bit to 1 only if both bits are 1 in the compared numbers.
13,21,Which bitwise operator is used to perform an AND operation in Kotlin?,"[""and()"",""inv()"",""or()"",""xor()""]",0,"The `and()` operation performs a bitwise AND, comparing each bit position of two numbers and returning 1 only if both bits are 1."
13,22,Which logical operator returns true if at least one of the operands is true?,"[""!"",""&&"",""=="",""||""]",3,The `||` operator is a logical OR operator that returns true if at least one of its operands is true.
13,23,Which of the following operations would invert all bits in a number?,"[""and()"",""inv()"",""or()"",""xor()""]",1,"The `inv()` operation inverts all bits in a number, turning 0s into 1s and 1s into 0s."
13,24,Which of the following operators returns true if two values are equal?,"[""!="",""<="",""=="","">=""]",2,The == operator checks for equality between two operands and returns true if they are equal.
13,25,Which operator in Kotlin is used to increment a value by 1?,"[""+"",""++"",""+="",""--""]",1,"The ++ operator increments a variable by 1, making it a shorthand for `x = x + 1`."
13,26,Which operator is used to decrement a value by 1 in Kotlin?,"[""+="",""--"",""-="",""==""]",1,"The -- operator is used to decrement a variable by 1, making it a shorthand for `x = x - 1`."
13,27,Which operator is used to multiply two values in Kotlin?,"[""*"",""+"",""-"",""/""]",0,The * operator is used to perform multiplication between two operands in Kotlin.
13,28,Which operator would you use to perform a bitwise inversion?,"[""and()"",""inv()"",""or()"",""xor()""]",1,"The `inv()` operation performs a bitwise inversion, flipping each bit of the number from 0 to 1 and vice versa."
14,0,How does a 'when' statement differ from a 'switch' statement in other programming languages?,"[""It can handle complex expressions as conditions"",""It cannot have a default case"",""It is case-sensitive"",""It only works with integers""]",0,"The when statement in Kotlin can handle more complex expressions as conditions, unlike the simpler switch statements in other languages, which are limited to basic matches."
14,1,How does a do...while loop differ from a while loop?,"[""It does not repeat the loop"",""It executes the condition before the loop body"",""It executes the loop body before checking the condition"",""It only works with arrays""]",2,"The do...while loop executes the code inside the loop body at least once before evaluating the condition, ensuring the loop body runs at least once."
14,2,How does the Kotlin if expression differ from traditional if statements in other languages?,"[""It cannot be used in loops"",""It does not allow nested conditions"",""It requires curly braces for all conditions"",""It returns a result and can be used in expressions""]",3,"Unlike traditional if statements, the Kotlin if expression returns a result, allowing it to be used within other expressions, similar to a ternary operator in other languages."
14,3,"In a when statement, what is the role of the 'else' branch?","[""It ends the when statement"",""It executes if none of the other conditions match"",""It repeats the first case"",""It throws an error""]",1,"The else branch in a when statement acts as the default case, executing when none of the specified conditions match."
14,4,What does the 'continue' statement do in a loop?,"[""Exits the loop immediately"",""Pauses the loop execution"",""Repeats the loop from the beginning"",""Skips the remaining code in the current iteration""]",3,The continue statement skips the remaining code in the current loop iteration and proceeds to the next iteration.
14,5,What does the 'if...else if...else' construct allow you to do?,"[""Check multiple conditions sequentially"",""Create a closed range of numbers"",""Create infinite loops"",""Perform bitwise operations""]",0,"The if...else if...else construct allows multiple conditions to be checked sequentially, executing different code based on which condition is met first."
14,6,What does the 'until' function do in a Kotlin for loop?,"[""Counts down from a maximum value"",""Creates an infinite loop"",""Iterates up to but does not include the specified endpoint"",""Multiplies each loop value""]",2,"The until function in Kotlin creates a half-closed range, meaning it iterates from the start value up to but not including the specified endpoint."
14,7,What does the do...while loop ensure?,"[""The loop executes at least once"",""The loop executes only when a condition is true"",""The loop runs in reverse order"",""The loop stops after a set number of iterations""]",0,"The do...while loop checks its condition after executing the loop body, ensuring the code inside the loop runs at least once regardless of the condition."
14,8,What happens if a break statement is used inside a nested loop without a label?,"[""It causes a syntax error"",""It continues to the next iteration"",""It exits all loops"",""It exits the current loop""]",3,"Without a label, a break statement exits only the current loop in which it is used, not affecting outer loops."
14,9,What is a label in Kotlin used for?,"[""To define a constant"",""To initiate a new function"",""To mark a specific loop or expression for break or continue"",""To print values in the console""]",2,"Labels in Kotlin are used to mark specific loops or expressions, allowing targeted control with break and continue statements, especially in nested loops."
14,10,What is control flow in programming?,"[""The logic that dictates which code gets executed and which gets bypassed"",""The order in which code is written"",""The process of compiling code"",""The style of writing code in a readable way""]",0,"Control flow refers to the logic that determines how code is executed, including decisions about which code runs, how often it runs, and when it is skipped."
14,11,What is the function of the 'step' keyword in a for loop?,"[""It defines the increment for each iteration"",""It inverts the loop range"",""It repeats the loop indefinitely"",""It stops the loop after one iteration""]",0,"The step keyword specifies the increment between iterations in a for loop, allowing for customized step values like every second or tenth value."
14,12,What is the main advantage of using labeled break and continue statements in nested loops?,"[""They allow breaking or continuing specific loops directly"",""They avoid syntax errors"",""They make the code run faster"",""They replace all conditions""]",0,"Labeled break and continue statements enable you to directly control which loop to break or continue, making nested loops more manageable."
14,13,What is the output of the following Kotlin code ?,"[""0, 1, 2, 3, 4"",""1, 2, 3, 4, 5"",""1, 3, 5"",""5, 4, 3, 2, 1""]",1,"The code uses a for-in loop with a closed range from 1 to 5, printing each value sequentially from 1 to 5."
14,14,What is the primary purpose of the when statement in Kotlin?,"[""To create infinite loops"",""To handle errors in code"",""To handle multiple conditional branches more cleanly than if statements"",""To perform arithmetic operations""]",2,"The when statement allows for cleaner, more readable handling of multiple conditional branches compared to chaining multiple if...else statements."
14,15,What is the purpose of the 'break' statement in a loop?,"[""To exit the loop immediately"",""To repeat the last iteration"",""To restart the loop"",""To skip the current iteration""]",0,"The break statement in Kotlin is used to exit the loop immediately, regardless of the loops completion criteria."
14,16,What is the purpose of the 'downTo' function in a Kotlin for loop?,"[""To count backward through a range"",""To iterate forward through a range"",""To repeat the loop indefinitely"",""To skip values in a loop""]",0,"The downTo function causes a for loop to iterate backward through a range, starting from the higher value and counting down to the specified lower value."
14,17,What type of range does the 'until' function in Kotlin create?,"[""Closed range"",""Half-closed range"",""Infinite range"",""Open range""]",1,"The until function creates a half-closed range that includes the start value but excludes the end value, iterating up to but not including the specified endpoint."
14,18,When is a while loop preferred over a for loop in Kotlin?,"[""When the loop needs to iterate through a range"",""When the number of iterations is known"",""When the number of iterations is unknown"",""When working with arrays""]",2,A while loop is used when the number of iterations is not known in advance and the loop needs to repeat until a specific condition is met.
14,19,Which Kotlin construct provides a cleaner alternative to multiple if...else statements?,"[""goto statement"",""switch statement"",""when statement"",""while statement""]",2,The when statement in Kotlin is similar to the switch statement found in other languages and provides a cleaner alternative to chaining multiple if...else statements.
14,20,Which Kotlin control flow statement executes code only when a Boolean expression is true?,"[""for loop"",""if statement"",""switch statement"",""when statement""]",1,"The if statement in Kotlin executes code only if the associated Boolean expression evaluates to true, controlling conditional code flow."
14,21,Which Kotlin loop is best suited for iterating through a known sequence of items?,"[""do...while loop"",""for-in loop"",""infinite loop"",""while loop""]",1,"The for-in loop is ideal for iterating through known sequences like ranges, collections, or arrays, providing a clear, concise way to handle iterations."
14,22,Which Kotlin loop is used to iterate over a sequence of items?,"[""do...while loop"",""for-in loop"",""repeat loop"",""while loop""]",1,"The for-in loop in Kotlin is used to iterate over a sequence of items, such as a collection or a range of numbers."
14,23,Which control flow statement in Kotlin is used to make decisions based on one or more criteria?,"[""continue"",""if"",""loop"",""switch""]",1,"The if expression is used to make decisions in Kotlin, executing different code blocks based on the evaluation of Boolean expressions."
14,24,Which function is used to change the increment value of a Kotlin for loop?,"[""add"",""increment"",""jump"",""step""]",3,"The step function is used in Kotlin for loops to specify the increment value, allowing the loop to skip values based on the defined step."
14,25,Which loop guarantees that the code inside it will be executed at least once?,"[""do...while loop"",""for loop"",""repeat loop"",""while loop""]",0,The do...while loop guarantees that its body is executed at least once because it checks the loop condition after executing the loop body.
14,26,Which statement is used in Kotlin to provide labels for breaking out of nested loops?,"[""break with label"",""goto"",""labeled"",""named""]",0,"Kotlin allows labels to be assigned to loops, and the break statement can use these labels to specify which loop to exit, especially in nested loop scenarios."
15,0,How are functions declared to accept a lambda as a parameter?,"[""fun myFunc(lambda: () -> Unit)"",""fun myFunc(lambda: Lambda)"",""fun myFunc(lambda: fun -> Unit)"",""fun myFunc(lambda: function())""]",0,"To accept a lambda, the function parameter is declared using the function type notation, such as () -> Unit."
15,1,How can a lambda be directly executed in Kotlin?,"[""By defining it inside a function"",""By placing parentheses at the end of the expression with any required arguments"",""By using the call keyword"",""By using the execute keyword""]",1,"A lambda can be executed directly by placing parentheses at the end of the expression, passing in any necessary arguments."
15,2,How can you execute a lambda directly without assigning it to a variable?,"[""fun (x: Int) -> x + 1"",""lambda { x: Int -> x + 1 }"",""lambda(x: Int) = x + 1"",""{ x: Int -> x + 1 }(5)""]",3,A lambda can be directly executed by defining it inline and immediately calling it with the required arguments.
15,3,How do you declare a function that returns a function as its result?,"[""fun myFunc -> fun()"",""fun myFunc() -> fun"",""fun myFunc(): () -> Unit"",""fun myFunc: fun = return""]",2,"In Kotlin, a function that returns another function specifies its return type using the function type syntax, e.g., () -> Unit."
15,4,How do you handle return values from a Kotlin function?,"[""By calling the function with an argument"",""By printing the result inside the function"",""By storing the result in a variable using the assignment operator"",""Using the return keyword""]",2,Return values from a function can be handled by storing the returned result in a variable using the assignment operator.
15,5,How would you declare a function that returns a lambda?,"[""fun myFunc() -> lambda"",""fun myFunc() { Int -> String }"",""fun myFunc(): (Int) -> String"",""fun myFunc(): { Int -> String }""]",2,"To declare a function that returns a lambda, specify the lambdas function type as the return type."
15,6,What does the vararg keyword allow you to do in Kotlin?,"[""Accept variable numbers of arguments of the same type"",""Declare a function as private"",""Make a parameter optional"",""Return multiple values""]",0,"The vararg keyword allows a function to accept a variable number of arguments of the specified type, passed in as an array."
15,7,What happens when you place parentheses after a lambda expression?,"[""It converts the lambda to a function"",""It defines the lambda"",""It executes the lambda"",""It passes parameters to the lambda but does not execute it""]",2,"Placing parentheses after a lambda expression immediately executes it, with the ability to pass arguments if needed."
15,8,What is a function in Kotlin?,"[""A method to define data types"",""A named block of code that performs a specific task"",""A variable used to store data"",""An operator used in expressions""]",1,A function is a named block of code that can be called upon to perform a specific task. It can accept parameters and return results.
15,9,What is a lambda expression in Kotlin?,"[""A private method inside a function"",""A self-contained block of code that can be passed around as a variable"",""A type of class"",""An error handling mechanism""]",1,"A lambda expression is a block of code that can be defined, passed, and executed independently, allowing functions to be passed as arguments."
15,10,What is a local function in Kotlin?,"[""A function declared inside another function"",""A function that can only be used in the main file"",""A function that cannot return a value"",""A private function""]",0,"A local function is a function declared inside another function, allowing it to access the variables and parameters of the enclosing function."
15,11,What is a single expression function in Kotlin?,"[""A function that contains a single expression and can be written in a more concise form"",""A function that has no return type"",""A function that only accepts string parameters"",""A function that uses multiple lines of code""]",0,A single expression function contains only one expression and can be written concisely using the = symbol followed by the expression.
15,12,What is the difference between parameters and arguments in the context of functions?,"[""Parameters and arguments are exactly the same"",""Parameters are defined in the function declaration, and arguments are the actual values passed when calling the function"",""Parameters are the data type, and arguments are the value"",""Parameters are the values passed when calling a function, and arguments are defined inside the function""]",1,"Parameters are defined in the function declaration to specify what kind of data the function can accept, while arguments are the actual values passed to these parameters when calling the function."
15,13,What is the main advantage of using higher-order functions in Kotlin?,"[""They allow functions or lambdas to be passed as arguments or returned as results"",""They automatically handle exceptions"",""They do not require parameters"",""They run faster than regular functions""]",0,"Higher-order functions are powerful because they can receive other functions or lambdas as parameters and return them as results, making the code more flexible."
15,14,What is the purpose of default parameters in Kotlin functions?,"[""To declare multiple parameters with the same name"",""To make a parameter optional and use a default value if no argument is passed"",""To make the function private"",""To specify the data type of a parameter""]",1,"Default parameters allow functions to have optional arguments, providing default values when arguments are not explicitly passed."
15,15,What is the syntax for calling a function named sayHello that takes no parameters and returns no value?,"[""call sayHello()"",""fun sayHello()"",""sayHello()"",""sayHello{}""]",2,"Functions are called by writing their name followed by parentheses. In this case, sayHello() calls the function named sayHello."
15,16,What keyword is used to specify that a function can accept a variable number of parameters?,"[""default"",""multivar"",""optional"",""vararg""]",3,The vararg keyword is used in Kotlin to allow a function to accept a variable number of arguments of a specified type.
15,17,What will be the output of the following code?,"[""12"",""3, 4"",""7"",""Error""]",0,"The lambda multiplies the two integers passed to it (3 and 4), resulting in the output of 12."
15,18,Which Kotlin code correctly shows a lambda being assigned to a variable?,"[""fun multiply { x: Int, y: Int }"",""lambda multiply = (x, y) -> x * y"",""val multiply = (x, y) => x * y"",""val multiply = { x: Int, y: Int -> x * y }""]",3,"Lambdas are assigned to variables using the { } notation, with parameters defined before the arrow -> and the body after."
15,19,Which code snippet correctly demonstrates passing a function reference as an argument?,"[""outputConversion(::myFunction, 10.0)"",""outputConversion(myFunction(), 10.0)"",""outputConversion(myFunction, 10.0)"",""outputConversion(myFunction::, 10.0)""]",0,"Function references are passed using the :: syntax before the function name, without calling it with parentheses."
15,20,Which function type represents a function that accepts an Int and returns a String?,"[""(Int) -> String"",""(Int, String)"",""(String) -> Int"",""(String, Int) -> String""]",0,The function type (Int) -> String specifies a function that accepts an integer parameter and returns a string.
15,21,Which keyword is used to declare a function in Kotlin?,"[""declare"",""def"",""fun"",""func""]",2,"The keyword fun is used to declare a function in Kotlin, followed by the function name, parameters, and return type."
15,22,Which keyword is used to specify that a Kotlin function parameter is optional?,"[""default"",""inline"",""optional"",""vararg""]",0,"Default values for function parameters can be specified directly in the function signature, allowing arguments to be optional."
15,23,Which of the following is a correct single-expression function that multiplies two numbers?,"[""fun multiply = (x, y) -> x * y"",""fun multiply x: Int y: Int -> x * y"",""fun multiply(x: Int, y: Int) = x * y"",""fun multiply(x: Int, y: Int): Int { return x * y }""]",2,"This is the correct single-expression form of a function in Kotlin, where the return type can be inferred by the compiler."
15,24,Which of the following is an example of a single-expression function?,"[""add = { x: Int, y: Int -> x + y }"",""fun add = x + y"",""fun add(x: Int, y: Int) = x + y"",""fun add(x: Int, y: Int): Int { return x + y }""]",2,"This example shows a single-expression function where the return type is inferred, and the code is compact and concise."
15,25,Which of the following is the correct syntax for a function with a variable number of string parameters?,"[""fun display(Strings: vararg)"",""fun display(strings...: String)"",""fun display(strings: String*)"",""fun display(vararg strings: String)""]",3,The correct syntax uses the vararg keyword before the parameter type to indicate that the function can accept multiple arguments of that type.
15,26,Which statement about Kotlin lambda expressions is correct?,"[""Lambdas can have parameters and return values"",""Lambdas can only be used in loops"",""Lambdas cannot be assigned to variables"",""Lambdas must have a return statement""]",0,"Kotlin lambdas can accept parameters, execute code, and return results, just like regular functions."
15,27,Which syntax assigns a function reference to a variable in Kotlin?,"[""val myVar = ::myFunction"",""val myVar = fun myFunction"",""val myVar = myFunction"",""val myVar = myFunction()""]",0,"Using :: before the function name assigns the function itself, not its return value, to a variable, creating a function reference."
16,0,How do you access a property of a class instance in Kotlin?,"[""classInstance->propertyName"",""classInstance.propertyName"",""classInstance::propertyName"",""classInstance:propertyName""]",1,"In Kotlin, dot notation is used to access properties of an instance, such as classInstance.propertyName."
16,1,How do you declare a class in Kotlin?,"[""class MyClass : ParentClass"",""class MyClass extends ParentClass"",""declare MyClass()"",""define MyClass""]",0,The correct syntax for declaring a class in Kotlin is class ClassName : ParentClass. The colon indicates inheritance from a parent class.
16,2,How do you declare a custom getter for a property in Kotlin?,"[""fun get()"",""get propertyName()"",""val propertyName: Type get()"",""var propertyName: Type get""]",2,A custom getter in Kotlin is defined using val propertyName: Type get() where the getter contains custom logic to return a property value.
16,3,How many primary constructors can a Kotlin class have?,"[""As many as needed."",""None."",""One."",""Two.""]",2,Kotlin classes can only have one primary constructor but can have multiple secondary constructors.
16,4,"In Kotlin, how do you call a method of a class instance?","[""call classInstance.methodName"",""classInstance.methodName()"",""classInstance::methodName()"",""methodName(classInstance)""]",1,"Dot notation is used to call a method of a class instance in Kotlin, such as classInstance.methodName()."
16,5,"In Kotlin, which keyword is used to refer to the current class instance within a class?","[""current"",""self"",""super"",""this""]",3,The this keyword in Kotlin is used to refer to the current instance of the class.
16,6,What is a nested class in Kotlin?,"[""A class defined within a function."",""A class defined within another class."",""A class that extends another class."",""A class that implements an interface.""]",1,A nested class is defined inside another class and is typically used to group related classes together.
16,7,What is a primary constructor in Kotlin?,"[""A constructor declared in the class header."",""A constructor declared outside the class body."",""A constructor that can only be used once."",""A constructor that initializes a class with default values.""]",0,A primary constructor in Kotlin is declared in the class header and is used to initialize properties directly.
16,8,What is an object in Kotlin?,"[""A Kotlin file containing functions."",""A blueprint for creating classes."",""A parent class for all Kotlin classes."",""A self-contained module of functionality.""]",3,Objects in Kotlin are self-contained modules of functionality that include properties (data) and methods (functions). They can be used and re-used as building blocks for applications.
16,9,What is the output of the following code snippet?,"[""0"",""10"",""5"",""An error occurs""]",1,"The init block prints x * 2, which results in 10 when the instance is created with the value 5."
16,10,What is the purpose of an initializer block in Kotlin?,"[""To define default values for properties."",""To execute code before the primary constructor."",""To override methods from a superclass."",""To perform initialization tasks after the constructor.""]",3,Initializer blocks in Kotlin are used to perform initialization tasks that are executed after the primary constructor.
16,11,What is the purpose of data encapsulation in object-oriented programming?,"[""To allow direct access to class properties."",""To create multiple classes with the same properties."",""To hide data inside a class and access it through methods."",""To store data outside the class for easy access.""]",2,Data encapsulation is a key concept in object-oriented programming where data is hidden within a class and can only be accessed or modified through defined methods.
16,12,What is the purpose of the 'companion object' in a Kotlin class?,"[""To create a class hierarchy."",""To create methods that must be overridden."",""To define inner classes."",""To hold properties and methods that are shared across instances.""]",3,A companion object allows for the creation of properties and methods that are accessible without creating an instance of the class.
16,13,What is the purpose of the 'val' keyword in a primary constructor parameter?,"[""To assign a default value."",""To create an immutable property."",""To make the parameter optional."",""To make the property mutable.""]",1,Using val in a primary constructor creates a read-only (immutable) property for that parameter.
16,14,What keyword is used to declare a nested class that can access properties of the outer class?,"[""class"",""inner"",""nested"",""static""]",1,The inner keyword is used to declare a nested class in Kotlin that can access the properties of its outer class.
16,15,What will happen if a class in Kotlin has both a primary constructor and a secondary constructor?,"[""Both constructors must initialize the same properties."",""The primary constructor must delegate to the secondary one."",""The secondary constructor must delegate to the primary one."",""The secondary constructor overrides the primary one.""]",2,"In Kotlin, if a class has both a primary and a secondary constructor, the secondary constructor must delegate to the primary constructor using the this keyword."
16,16,When should you use a custom accessor in Kotlin?,"[""To directly access a property value."",""To hide a property from other classes."",""To initialize class properties."",""To perform calculations or logic before returning a property.""]",3,Custom accessors allow developers to perform calculations or other logic before returning or setting a property value.
16,17,Which keyword is used to initialize a property with a specific value when an instance is created in Kotlin?,"[""constructor"",""init"",""this"",""val""]",1,The init keyword is used to define an initializer block that runs code during class instance creation.
16,18,Which of the following Kotlin code snippets is correct for adding a secondary constructor?,"[""class MyClass constructor(number: Int) {}"",""class MyClass { constructor(number: Int) : this() }"",""class MyClass { fun constructor(number: Int) {} }"",""class MyClass(number: Int) { constructor() }""]",1,"A secondary constructor is declared using the constructor keyword and must delegate to the primary constructor if present, using this()."
16,19,Which of the following best defines a class in Kotlin?,"[""A class is a blueprint for creating objects."",""A class is a function in Kotlin."",""A class is a module of reusable code."",""A class is used to store user input.""]",0,"In Kotlin, a class serves as a blueprint that defines what an object will look like when created, including its properties and methods."
16,20,Which of the following code snippets correctly creates an instance of a class named Customer?,"[""create Customer customer"",""customer Customer()"",""val customer = new Customer()"",""var customer = Customer()""]",3,"In Kotlin, an instance of a class is created using var or val followed by the variable name and Customer() to call the class constructor."
16,21,Which of the following code snippets creates an instance of a class using a secondary constructor?,"[""create instance MyClass(123)"",""val instance = MyClass()"",""val instance = MyClass(123)"",""var instance = MyClass.newInstance(123)""]",2,"To create an instance using a secondary constructor, you call the constructor with the required parameters directly."
16,22,Which statement is true about companion objects in Kotlin?,"[""Each instance has its own companion object."",""They can be accessed only through instances."",""They can contain properties and methods shared by all instances."",""They must be declared as 'static'.""]",2,Companion objects in Kotlin are used to hold properties and methods that are shared among all instances of a class and can be accessed at the class level.
17,0,How do you call a superclass method from an overridden method in Kotlin?,"[""methodName()"",""parent.methodName()"",""super.methodName()"",""this.methodName()""]",2,"To call a method from a superclass within an overridden method in Kotlin, you use super.methodName()."
17,1,How do you override a method in Kotlin?,"[""declare the method as 'open'"",""prefix the method with 'super'"",""use the 'extends' keyword"",""use the 'override' keyword""]",3,"In Kotlin, the override keyword is required to override a method from a parent class, ensuring clarity that a method is being overridden."
17,2,What happens if you try to override a method that is not declared as 'open' in the parent class?,"[""A runtime error will occur."",""The code will compile, but the method will not be overridden."",""The code will not compile."",""The method will be overridden without issues.""]",2,"If a method in a parent class is not declared as open, attempting to override it in a subclass will result in a compilation error."
17,3,What is a class hierarchy?,"[""A collection of interfaces."",""A relationship where classes are derived from one another."",""A set of classes with the same name."",""A structure where classes are unrelated.""]",1,"A class hierarchy is a structure in which classes are derived from one another, with parent and child class relationships."
17,4,What is inheritance in Kotlin?,"[""A class that inherits characteristics from another class."",""A method that has the same name but different parameters."",""A way to create unrelated class hierarchies."",""Creating new classes without any relation.""]",0,"Inheritance allows a class to derive characteristics (properties and methods) from a parent class, creating a hierarchical relationship."
17,5,What is required when creating a subclass that has a constructor with parameters?,"[""You must call the parent's constructor using 'super'."",""You must initialize the parent class using 'this'."",""You must make the subclass 'open'."",""You must provide default values.""]",0,"When creating a subclass with a constructor that has parameters, you need to call the parents constructor using the super keyword and pass the necessary arguments."
17,6,What is single inheritance in Kotlin?,"[""A class inheriting from a single direct parent class."",""A class inheriting from multiple parent classes."",""A class that cannot be inherited."",""A method that overrides another method.""]",0,"In Kotlin, single inheritance means that a class can inherit from only one direct parent class, preventing multiple inheritance directly."
17,7,What is the base class from which all classes in Kotlin are ultimately derived?,"[""Any"",""Base"",""Object"",""Super""]",0,"In Kotlin, all classes are ultimately derived from the Any class, which is the root of the class hierarchy and provides basic methods."
17,8,What is the benefit of using a secondary constructor in a subclass?,"[""It allows additional properties to be initialized."",""It allows for multiple inheritance."",""It prevents subclassing."",""It simplifies method overloading.""]",0,A secondary constructor in a subclass allows for the initialization of additional properties that are unique to the subclass.
17,9,What is the difference between 'open' and 'override' in Kotlin?,"[""'open' allows inheritance, 'override' modifies inherited methods."",""'open' and 'override' have the same function."",""'open' is used for methods, 'override' for classes."",""'open' marks a method as final, 'override' marks it as abstract.""]",0,"open is used to make a method or class inheritable, while override is used to provide a new implementation for a method in a subclass."
17,10,What is the purpose of subclassing?,"[""To create a class without any methods."",""To extend the functionality of a parent class."",""To limit access to class members."",""To prevent classes from being inherited.""]",1,Subclassing allows a class to inherit properties and methods from a parent class and add or customize functionality as needed.
17,11,What is the term for a class from which a subclass is derived?,"[""Child class"",""Derived class"",""Root class"",""Super class""]",3,A super class is the class from which a subclass is derived. It provides methods and properties that the subclass can inherit.
17,12,What keyword is used in Kotlin to allow a class to be subclassed?,"[""extend"",""inherit"",""open"",""super""]",2,"In Kotlin, the open keyword is used to mark a class as open for inheritance, allowing other classes to subclass it."
17,13,What must be included in the subclass if the parent class has a secondary constructor?,"[""A function call to the 'init' block."",""A primary constructor in the subclass."",""A secondary constructor with the same parameters."",""An abstract method.""]",2,"If a parent class has a secondary constructor, the subclass must define a secondary constructor that calls the parent’s constructor using the super keyword."
17,14,Which keyword is used to access the parent class's properties or methods in Kotlin?,"[""base"",""parent"",""super"",""this""]",2,The super keyword is used in Kotlin to access the properties or methods of a parent class from within a subclass.
17,15,Which method in a subclass allows calling a method with the same name from the parent class?,"[""override.methodName()"",""parent.methodName()"",""super.methodName()"",""this.methodName()""]",2,"To call a method from a parent class in Kotlin when it is overridden in a subclass, you use super.methodName()."
17,16,Which of the following correctly creates a secondary constructor in a subclass?,"[""constructor() { }"",""constructor(number: Int) : super(number)"",""open constructor(number: Int)"",""secondary constructor()""]",1,A secondary constructor in a subclass calls the constructor of the parent class using super() and matches the parameter signature.
17,17,Which of the following correctly defines a subclass in Kotlin?,"[""class SubClass : ParentClass() { }"",""class SubClass extends ParentClass() { }"",""class SubClass() { }"",""subclass SubClass : ParentClass() { }""]",0,"To create a subclass in Kotlin, use the syntax class SubClass : ParentClass() where the parent class is specified after the colon."
17,18,Which of the following is true about the 'super' keyword in Kotlin?,"[""It can only be used in constructors."",""It is used to access methods and properties from a parent class."",""It is used to access methods and properties from a subclass."",""It must be used in every subclass method.""]",1,"The super keyword is used to access properties and methods from a parent class, providing a way to extend or customize functionality in subclasses."
17,19,Why is the 'open' keyword required before a function to allow it to be overridden?,"[""To allow other classes to modify the function."",""To allow the function to be overridden in subclasses."",""To indicate that the function is private."",""To prevent the function from being inherited.""]",1,"In Kotlin, functions must be marked with the open keyword to indicate that they can be overridden by subclasses."
17,20,Why might you want to override a method in a subclass?,"[""To create a new method with the same name."",""To prevent the method from being inherited."",""To provide a different implementation for the method."",""To restrict access to the method.""]",2,Overriding allows a subclass to provide a custom implementation of a method that is inherited from its parent class.
19,0,How did Android development handle UI updates before Jetpack Compose?,"[""Changes in the UI were handled by the Android Emulator."",""Code had to be written to manually check and update the UI based on data changes."",""Developers used Kotlin functions for UI updates."",""UI updates were automatic with no extra code.""]",1,"Before Compose, developers often needed to write additional code to ensure that the UI reflected changes in data, such as through manual refreshes or frequent checks."
19,1,How does Jetpack Compose differ from the previous XML-based layout design in Android?,"[""Compose allows UI to be defined using Kotlin code rather than XML."",""Compose does not support data-driven user interfaces."",""Compose requires manual handling of screen constraints."",""Compose uses XML files for layout design.""]",0,"Compose uses a declarative syntax written in Kotlin for defining UI layouts, replacing the need for XML-based layout files."
19,2,How does Jetpack Compose help handle different device screen sizes and orientations?,"[""By relying on third-party plugins."",""By requiring custom XML files for each screen size."",""By using Kotlin code to define adaptive layouts with layout managers like Column and Row."",""By using fixed layouts that do not adapt to screen size.""]",2,"Compose uses layout managers like Column and Row in Kotlin code to create adaptive layouts that adjust based on screen size and orientation, simplifying the process compared to managing multiple XML layouts."
19,3,"In Jetpack Compose, what happens when a state used by a UI component changes?","[""The change is ignored until manually refreshed."",""The component is recomposed to reflect the updated state."",""The component using the state remains unchanged."",""The entire app restarts.""]",1,"When a state changes in Jetpack Compose, the component that depends on that state is automatically recomposed, ensuring the UI is always in sync with the current data."
19,4,What is a 'composable' in Jetpack Compose?,"[""A Java method used for database access."",""A function that defines a piece of UI."",""A special type of XML layout file."",""A type of activity in Android.""]",1,"In Jetpack Compose, a composable is a function annotated with @Composable, which defines a part of the UI that can be reused and combined with other composables."
19,5,What is the advantage of Compose's declarative syntax?,"[""It allows precise manual positioning of UI components."",""It only works for simple layouts."",""It requires more lines of code."",""It simplifies the process of describing the UI layout and appearance.""]",3,"The declarative syntax of Compose allows developers to define what the UI should look like, while Compose handles the underlying complexity of rendering the layout."
19,6,What is the primary goal of Jetpack Compose?,"[""To enhance XML-based UI design."",""To make app development more complex."",""To replace Android Studio with a new IDE."",""To simplify app development and reduce bugs.""]",3,"Jetpack Compose aims to make app development easier, faster, and less prone to common bugs by providing a new approach to building user interfaces."
19,7,What is the purpose of using modifiers in Jetpack Compose?,"[""To access the device's hardware."",""To define activities in an app."",""To modify XML layout files."",""To set the attributes of UI components.""]",3,"Modifiers in Jetpack Compose are used to customize the appearance and behavior of UI components, such as adjusting size, padding, color, and alignment."
19,8,What role does 'state' play in Jetpack Compose?,"[""It determines the initial theme of the app."",""It handles user authentication."",""It is used only for navigation between screens."",""It tracks data changes and updates the UI automatically.""]",3,"State in Compose ensures that any changes to data automatically trigger a UI update, making the user interface reactive to changes without additional code."
19,9,Which feature of Android Studio helps visualize Compose layouts as they are written?,"[""Constraint Layout Designer"",""Data Binding"",""Live Preview"",""XML Layout Editor""]",2,"The Live Preview feature in Android Studio allows developers to see their Compose UI changes in real-time, streamlining the design and testing process."
19,10,Which feature of Jetpack Compose allows developers to see changes in real-time while building UI layouts?,"[""Interactive Preview"",""Kotlin Compiler"",""Live Simulator"",""XML Preview""]",0,The Interactive Preview in Android Studio allows developers to see a real-time view of their Compose UI changes without needing to build and run the app on a simulator or device.
19,11,Which of the following best describes the term 'recomposition' in Jetpack Compose?,"[""Manually positioning UI components on the screen."",""Re-running the entire app to reflect changes."",""Rebuilding parts of the UI when the underlying state changes."",""The process of debugging errors in a layout.""]",2,"Recomposition is the process in Compose where the UI is rebuilt whenever the data it depends on changes, ensuring that the interface always reflects the current state."
19,12,Which of the following is NOT a characteristic of Jetpack Compose?,"[""Composables"",""Data-driven updates"",""Declarative syntax"",""XML-based layout design""]",3,"Jetpack Compose replaces the traditional XML-based layout design with a declarative approach written in Kotlin, making it easier to build and manage UI."
19,13,Which of the following is an example of a layout manager in Compose?,"[""Column"",""ConstraintLayout"",""ListView"",""RecyclerView""]",0,"Compose uses layout managers like Column, Row, and Box to arrange UI components, providing a simpler way to structure the layout compared to XML-based layouts like ConstraintLayout."
19,14,Which of the following statements is true about Jetpack Compose's data-driven nature?,"[""Data changes are ignored unless a refresh button is clicked."",""UI elements are updated manually based on user input."",""UI updates automatically based on changes in the underlying data."",""User interactions do not affect UI updates.""]",2,"Jetpack Compose automatically updates the UI when the underlying data (state) changes, making it reactive and reducing the need for manual updates."
19,15,Why is Jetpack Compose considered more efficient for UI development compared to the traditional XML approach?,"[""It eliminates the need for separate XML files and allows UI to be defined programmatically in Kotlin."",""It only works on specific Android devices."",""It requires less memory."",""It uses only Java for development.""]",0,"Composes programmatic approach enables developers to define UI directly in Kotlin, streamlining the process and reducing the need for managing separate XML files."
20,0,How do you add a new library dependency to an Android project using the version catalog?,"[""Add it directly to the project-level Gradle build file."",""Create a new module for the library."",""Declare the library in 'libs.versions.toml' and reference it in the module's build file."",""Include it in the 'res' folder.""]",2,"To add a new library, you first declare it in the [libraries] section of libs.versions.toml and then reference it in the dependencies section of the modules build file."
20,1,How do you reference a library in a module-level Gradle build file using the version catalog?,"[""Add the library to the 'res' folder."",""Directly use the version number."",""Prefix the library name with 'libs.'"",""Reference the library without any prefix.""]",2,"To reference a library defined in the version catalog, you use the libs. prefix followed by the name specified in the [libraries] section of libs.versions.toml."
20,2,How does Android Studio notify you of available updates for libraries in the version catalog?,"[""It automatically updates the libraries."",""It displays a popup message when starting a project."",""It highlights the version number in the catalog file."",""It sends an email notification.""]",2,"Android Studio highlights version numbers in the libs.versions.toml file when a newer version of a library is available, allowing developers to manually update it."
20,3,What does the 'alias' keyword do in a Gradle build file?,"[""It creates a copy of the plugin."",""It refers to a plugin defined in the version catalog."",""It renames the plugin for easier reference."",""It sets the plugin's default configuration.""]",1,The alias keyword in the plugins section of a Gradle build file is used to reference plugins that have been defined in the version catalog.
20,4,What is a version catalog in the context of Gradle?,"[""A centralized file that manages library version numbers and dependencies."",""A list of all files in the project."",""A log of all Gradle build errors."",""A repository of deprecated libraries.""]",0,"The version catalog is a file named libs.versions.toml that centralizes the management of library versions, allowing for consistent versioning across modules."
20,5,What is an example of a version reference in 'libs.versions.toml'?,"[""alias = \""1.12.0\"""",""androidx-core-ktx = \""1.12.0\"""",""coreKtx = \""1.12.0\"""",""implementation = \""1.12.0\""""]",2,"In the [versions] section, version numbers are assigned to variables like coreKtx, which can then be referenced in the [libraries] section and Gradle build files."
20,6,What is the 'libs.versions.toml' file used for?,"[""Creating user interface layouts."",""Handling database configurations."",""Managing version numbers and dependencies for libraries and plugins."",""Storing project metadata.""]",2,The libs.versions.toml file is part of the version catalog system and is used to manage version numbers and dependencies for libraries and plugins in a centralized manner.
20,7,What is the purpose of Gradle in an Android Studio project?,"[""To compile the code, resolve dependencies, and create the installable package."",""To debug the project code."",""To design the user interface."",""To manage the Android Emulator.""]",0,"Gradle is the build system used by Android Studio to compile source code, resolve library dependencies, and create the final installable application package."
20,8,What is the purpose of the [versions] section in the version catalog file?,"[""To define plugin properties."",""To list all module names."",""To specify library version numbers."",""To store user preferences.""]",2,"The [versions] section in libs.versions.toml is used to define version numbers for libraries, which can then be referenced in other sections of the catalog."
20,9,What is the role of the 'dependencies' section in a module's Gradle build file?,"[""To define the user interface components."",""To list the libraries required by the module for a successful build."",""To set the app version name and code."",""To specify the Android SDK version.""]",1,The dependencies section in a modules Gradle build file lists the libraries and plugins that are necessary for that module to compile and run correctly.
20,10,Where is the project-level Gradle build file located in an Android Studio project?,"[""In the 'res' directory."",""In the 'src' folder."",""Under 'Gradle Scripts' -> 'build.gradle.kts ()'."",""Under 'libs' directory.""]",2,"The project-level Gradle build file can be found in the Gradle Scripts section, where it defines plugins that are used to build the entire project."
20,11,Which of the following is an example of adding a library dependency in a Gradle build file?,"[""implementation(libs.androidx.core.ktx)"",""import(libs.androidx.core.ktx)"",""include(libs.androidx.core.ktx)"",""useLibrary(libs.androidx.core.ktx)""]",0,"In Gradle, implementation is used to add a library dependency to the build, and when using a version catalog, the library is referenced with the libs. prefix."
20,12,Why is it important to use a version catalog in large projects?,"[""To automatically resolve conflicts between libraries."",""To increase the number of libraries used."",""To maintain consistency in library versions across multiple modules."",""To track file changes more efficiently.""]",2,"Using a version catalog helps ensure that all modules in a project use the same versions of libraries, reducing inconsistencies and potential conflicts during builds."
21,0,How are composable functions typically distinguished in code?,"[""By starting with the keyword 'compose'"",""By using a 'fun' keyword"",""By using the @Composable annotation"",""By using the @UIFunction annotation""]",2,Composable functions are marked with the @Composable annotation to indicate that they can emit UI elements in Jetpack Compose.
21,1,What distinguishes a stateful composable function from a stateless one?,"[""Stateful composables do not accept parameters"",""Stateful composables store state values, while stateless ones do not"",""Stateless composables are always built-in functions"",""Stateless composables cannot be previewed""]",1,"Stateful composables store state values using constructs like remember and mutableStateOf, whereas stateless composables rely on external state but do not maintain their own."
21,2,What does a composable function emit?,"[""Data models"",""Network requests"",""Text strings"",""UI elements for rendering""]",3,Composable functions emit UI elements that the Compose runtime system renders to create the apps user interface.
21,3,What does the 'remember' keyword do in a composable?,"[""It creates a new composable"",""It emits a UI element"",""It saves data to a database"",""It stores a value that persists across recompositions""]",3,remember is used to store a value that needs to be remembered across recompositions in a composable function.
21,4,What is a composable function in Jetpack Compose?,"[""A Java function for Android UI development"",""A class used for managing UI components in Android apps"",""A special Kotlin function annotated with @Composable to create UI elements"",""A standard Kotlin function that handles user interactions""]",2,Composable functions in Jetpack Compose are special Kotlin functions marked with the @Composable annotation. They transform data into user interface elements without returning values like traditional functions.
21,5,What is the primary purpose of Material Design components in Compose?,"[""To create custom themes"",""To ensure UI consistency with Google's Material guidelines"",""To handle network operations"",""To manage application state""]",1,Material Design components follow Googles Material guidelines to ensure consistent UI design in Android apps using Compose.
21,6,What is the role of the @Preview annotation?,"[""To convert a composable into a Material component"",""To display a preview of a composable in the IDE"",""To make a composable function stateless"",""To store a composable's state""]",1,The @Preview annotation allows developers to view a composables appearance in the IDE without running the full application.
21,7,Which component provides a way to define how elements are positioned relative to each other?,"[""Database"",""Foundation"",""Layout"",""Material""]",2,Layout components in Compose determine how elements are arranged and behave in relation to each other.
21,8,Which component would you use to arrange UI elements in a vertical list?,"[""Box"",""Column"",""ModalDrawer"",""Row""]",1,"The Column composable arranges its child elements in a vertical list, making it suitable for stacking items vertically."
21,9,Which composable allows you to display a list with a scrollable behavior?,"[""Box"",""LazyColumn"",""ModalDrawer"",""Row""]",1,"The LazyColumn is a composable that displays a list of items with scrolling capabilities, making it suitable for displaying large lists."
21,10,Which composable would you use to create a simple text input field?,"[""BaseTextField"",""TextBox"",""TextInput"",""UserInput""]",0,BaseTextField is a Foundation component for creating customizable text input fields in Compose.
21,11,Which function would you use to add padding around a composable?,"[""Modifier.padding"",""addPadding"",""setPadding"",""wrapContent""]",0,The Modifier.padding function is used in Jetpack Compose to add padding around a composable element.
21,12,Which keyword is used to store state within a composable function?,"[""remember"",""saveState"",""stateful"",""store""]",0,The remember keyword is used in composable functions to store a state value that persists across recompositions.
21,13,Which of the following is NOT a category of built-in composables?,"[""Data Binding"",""Foundation"",""Layout"",""Material Design""]",0,"Data Binding is not a category of composables in Jetpack Compose. The categories include Layout, Foundation, and Material Design."
21,14,Which of the following is a Foundation component in Jetpack Compose?,"[""AlertDialog"",""Button"",""Scaffold"",""Text""]",3,"Text is part of the Foundation components, which provide basic UI functionality without adhering to a specific style or theme."
21,15,Which of the following is a stateful composable?,"[""A function that displays text"",""A function that formats a date string"",""A function that reads values from a database"",""A function that stores a slider's position using 'remember'""]",3,"A function that stores a state, like a sliders position using remember, is considered stateful because it maintains state throughout recompositions."
21,16,Which of the following is an example of a state value?,"[""A checkbox's current setting"",""A hardcoded string value"",""The background color of a Text"",""The name of a composable function""]",0,A checkboxs current setting is a state value because it can change during the apps execution and affects the UI.
21,17,Which of the following statements is true about calling functions in composables?,"[""A composable can call any Java method directly."",""Composables can only call other composables."",""Composables cannot accept parameters."",""Standard Kotlin functions cannot call composables.""]",3,"While composables can call other composables and standard Kotlin functions, standard Kotlin functions cannot directly invoke composable functions."
22,0,How can state be made accessible to multiple child composables?,"[""By declaring state directly in each child"",""By hoisting state to the closest common ancestor"",""By ignoring recomposition in child components"",""By using multiple state variables in each child""]",1,"Hoisting state to a common ancestor allows that state to be passed down to multiple child composables, enabling shared access to the state."
22,1,What does mutableStateOf do?,"[""Creates a state variable that cannot be changed"",""Creates a state variable that triggers recomposition when updated"",""Creates a variable that cannot be observed"",""Creates a variable that only changes once""]",1,"mutableStateOf creates a state variable whose changes are observed, triggering recomposition of functions that read the state."
22,2,What does the rememberSaveable function do?,"[""Ensures that state is only remembered during the initial run"",""Prevents state changes during recomposition"",""Re-initializes state after every recomposition"",""Retains state across recompositions and configuration changes""]",3,The rememberSaveable function preserves state not only through recompositions but also through configuration changes like screen rotations.
22,3,What happens if you forget to use remember with a mutable state in Compose?,"[""The state will be preserved through configuration changes"",""The state will be re-initialized on every recomposition"",""The state will be retained across recompositions"",""The state will trigger recompositions""]",1,"Without using remember, the state will be reset each time the function is recomposed, as the state is not retained between calls."
22,4,What happens when a configuration change occurs in Compose?,"[""Only the affected composable functions are recomposed"",""State values are preserved automatically"",""The activity is destroyed and recreated with new state values"",""The app continues without any change""]",2,"Configuration changes, like device rotations, result in the destruction and recreation of the activity, which resets state unless managed with rememberSaveable."
22,5,What is recomposition in the context of Compose?,"[""The creation of new composable functions"",""The initialization of variables in a new project"",""The process of calling a composable function again when a state changes"",""The process of saving state through configuration changes""]",2,"Recomposition occurs when Compose detects a state change, leading to the re-execution of composable functions affected by that state change."
22,6,What is state in Compose?,"[""A standard variable that changes during execution"",""A value that can change over time and is remembered during recompositions"",""A value that only changes during app initialization"",""A value that remains constant throughout the app lifecycle""]",1,"In Compose, state refers to values that can change over time and need to be remembered during recompositions, unlike standard variables that are re-initialized each time."
22,7,What is the advantage of using a stateless composable?,"[""It cannot be reused in other parts of the app"",""It directly manipulates state without needing event handlers"",""It is simpler and easier to test"",""It is tightly coupled to its parent""]",2,"Stateless composables are easier to test and reuse because they do not manage state themselves, instead relying on state passed down from parent functions."
22,8,What is the benefit of state hoisting?,"[""To directly manipulate state from child functions"",""To keep state local to a single composable function"",""To make a composable function stateless and easier to reuse"",""To prevent recomposition in child composables""]",2,"State hoisting involves moving state to a parent composable, making the child composable stateless and therefore more reusable and easier to manage."
22,9,What is the primary purpose of using the by keyword with state variables in Compose?,"[""To initialize state variables with a default value"",""To make code more concise when accessing state values"",""To prevent state variables from changing"",""To save state during configuration changes""]",1,"The by keyword allows the use of property delegates in Kotlin, making the code more concise by eliminating the need to reference the value property directly."
22,10,What is the role of the onTextChange function in a TextField?,"[""To initialize the TextField with default text"",""To prevent the TextField from being modified"",""To save the text input across configuration changes"",""To update the state value when text changes""]",3,The onTextChange function serves as an event handler that updates the state value whenever the user modifies the text in the TextField.
22,11,What is unidirectional data flow in Compose?,"[""A method of preventing recomposition in Compose"",""A technique where child composables can modify parent state directly"",""A way to save state during configuration changes"",""An approach where state flows downwards and events flow upwards""]",3,"In unidirectional data flow, state is passed down to child composables, while changes to state are communicated upward through event handlers."
22,12,When should you consider using rememberSaveable instead of remember?,"[""When initializing variables with default values"",""When recomposition should be prevented"",""When state needs to be retained through device rotations"",""When state should not persist across configuration changes""]",2,"rememberSaveable is used when state must persist through configuration changes like device rotations, whereas remember only retains state during recompositions."
22,13,Which function is best suited for saving state during configuration changes like screen rotations?,"[""mutableStateOf"",""remember"",""rememberSaveable"",""statefulCompose""]",2,"The rememberSaveable function is specifically designed to retain state through configuration changes, making it ideal for preserving values across events like screen rotations."
22,14,Which function is used to make a composable function respond to state changes?,"[""mutableStateOf"",""saveableState"",""setState"",""statefulCompose""]",0,"The mutableStateOf function creates a state variable that triggers recomposition when its value changes, allowing the UI to respond to state updates."
22,15,Which of the following is a key benefit of hoisting state?,"[""Allowing state to be shared among multiple child composables"",""Ensuring state is only remembered during initial rendering"",""Making a child composable directly manipulate state"",""Retaining state through recompositions""]",0,"Hoisting state to a common ancestor allows the state to be passed down to multiple children, facilitating communication between different composables."
22,16,Why is intelligent recomposition important in Compose?,"[""It allows state to be modified directly by child functions"",""It prevents any recompositions from occurring"",""It recomposes only functions directly affected by state changes"",""It recomposes the entire UI on every state change""]",2,"Intelligent recomposition ensures that only the functions affected by a state change are recomposed, improving performance by avoiding unnecessary updates."
22,17,Why is remember used when declaring a state variable?,"[""To enable the state to persist through configuration changes"",""To ensure that the state is re-initialized with each recomposition"",""To prevent the state from being updated"",""To remember the state value across recompositions""]",3,The remember function ensures that the state variable retains its value across multiple recompositions of a composable function.
22,18,Why is the remember keyword not sufficient for retaining state during screen rotation?,"[""It automatically saves state through configuration changes"",""It does not allow state to change"",""It is used for saving state to a database"",""It only retains state through recompositions, not configuration changes""]",3,"remember helps retain state across recompositions but does not handle configuration changes like screen rotations, where the entire activity is destroyed and recreated."
23,0,How is the value of a CompositionLocal accessed in a composable?,"[""By calling the getValue() method"",""By directly using the state variable name"",""By referencing the current property of the CompositionLocal instance"",""By using the remember function""]",2,"To access the value provided by a CompositionLocal, you use the current property of the instance, such as LocalColor.current."
23,1,In which scenario is compositionLocalOf() preferred over staticCompositionLocalOf()?,"[""When state should not change during the app's lifetime"",""When state values are constant throughout the app"",""When state values change frequently and need partial recomposition"",""When you need to persist state across configuration changes""]",2,"compositionLocalOf() is preferred when state values change often, as it limits recomposition to only those composables that directly access the state."
23,2,What does CompositionLocalProvider do?,"[""It initializes a CompositionLocal instance"",""It recomposes the entire composable tree"",""It saves state during configuration changes"",""It sets a value to a CompositionLocal and makes it available to children composables""]",3,"CompositionLocalProvider is used to assign a value to a CompositionLocal, allowing descendant composables to access that value."
23,3,What does staticCompositionLocalOf provide?,"[""A mutable state that changes frequently"",""A state holder that is designed for infrequent changes"",""A static reference that prevents recomposition"",""A way to share data across different activities""]",1,"staticCompositionLocalOf is ideal for state that doesnt change often, as it will recompose the entire tree below where the value is provided if a change does occur."
23,4,What happens if a CompositionLocal value is not provided?,"[""A runtime error occurs"",""The composables will fail to compile"",""The default value specified in compositionLocalOf() is used"",""The value is inherited from the parent composable""]",2,"If no specific value is provided for a CompositionLocal, it will use the default value defined when the compositionLocalOf() instance was created."
23,5,What happens when the value of a CompositionLocal changes?,"[""All composables in the app are recomposed"",""No recomposition occurs"",""Only the specific composable where the state changes is recomposed"",""The entire tree below where the value is assigned is recomposed""]",3,"When a CompositionLocal value changes, the subtree below the point where the value is provided is recomposed, reflecting the updated state."
23,6,What is a disadvantage of using staticCompositionLocalOf for frequently changing state?,"[""It cannot store complex objects"",""It causes the entire subtree to recompose, which can be inefficient"",""It prevents the use of default values"",""It requires passing the state through each composable""]",1,Using staticCompositionLocalOf for state that changes frequently can be inefficient because it triggers recomposition for the entire subtree below where the state is provided.
23,7,What is a key advantage of using CompositionLocal over passing state down directly?,"[""It allows for a single global state across the app"",""It eliminates the need for state hoisting"",""It ensures state is preserved across recompositions"",""It reduces the verbosity of passing state through each intermediate composable""]",3,CompositionLocal simplifies the process by allowing state to be accessed without passing it explicitly through every composable in the hierarchy.
23,8,What is the default behavior of state declared using CompositionLocal?,"[""It automatically persists through configuration changes"",""It can be accessed without being remembered"",""It is accessible globally across all composables"",""It is only accessible within the branch of the tree where it is assigned""]",3,"State provided using CompositionLocal is local to the branch of the composable tree where it is assigned, meaning it is only accessible to composables below that point in the tree."
23,9,What is the effect of refreshing the Preview panel in Android Studio after modifying CompositionLocal values?,"[""It automatically saves the current state of the app"",""It compiles the app to check for syntax errors"",""It re-runs the app on a physical device"",""It updates the preview to reflect the changes made in the code""]",3,Refreshing the Preview panel in Android Studio will update the displayed UI to reflect any changes made to the CompositionLocal values in the code.
23,10,What is the function used to create a CompositionLocal instance?,"[""compositionLocalOf"",""mutableStateOf"",""remember"",""saveableStateHolder""]",0,The compositionLocalOf function is used to create an instance of CompositionLocal that can hold state for use in a composable hierarchy.
23,11,What is the purpose of CompositionLocal in Jetpack Compose?,"[""To ensure state is retained across configuration changes"",""To make state accessible to composables lower in the tree without passing through intermediaries"",""To make state available to all composables globally"",""To pass state down through every intermediate composable""]",1,CompositionLocal allows state to be provided at a high level and accessed by descendant composables without needing to pass it explicitly through each intermediate composable.
23,12,What is the role of the default value in compositionLocalOf()?,"[""To define the type of data the CompositionLocal will store"",""To ensure the state is persistent across configuration changes"",""To prevent recomposition when no value is provided"",""To provide a fallback value when no explicit value is set""]",3,The default value specified in compositionLocalOf() acts as a fallback when no specific value is provided through a CompositionLocalProvider.
23,13,What type of value does CompositionLocal store?,"[""Any type of state that can be shared among composables"",""Network configurations and data models"",""Only colors and themes"",""Only strings and integers""]",0,"CompositionLocal can store any type of data that needs to be accessible to descendant composables, making it versatile for various use cases."
23,14,When should you use staticCompositionLocalOf() instead of compositionLocalOf()?,"[""When state changes are infrequent and a full recomposition of the subtree is acceptable"",""When state is expected to change frequently"",""When state should be passed through all intermediate composables"",""When you want to prevent recompositions in descendant composables""]",0,"The staticCompositionLocalOf() function is best used when state changes infrequently, as it causes the entire tree beneath the point where the state is assigned to recompose."
23,15,Which object can provide a value to a CompositionLocal?,"[""CompositionLocalProvider"",""remember"",""saveableProvider"",""stateProvider""]",0,CompositionLocalProvider is used to assign a value to a CompositionLocal and make it available to its descendant composables.
23,16,Which of the following is a benefit of using CompositionLocal?,"[""It allows state to be hoisted to a higher composable"",""It makes state accessible across all screens in an app"",""It prevents recomposition in the entire tree"",""It simplifies passing state through deeply nested composable trees""]",3,CompositionLocal is particularly useful when you want to make state available to deeply nested composables without needing to pass it down manually through each level.
23,17,Which of the following is an example of using CompositionLocal incorrectly?,"[""Accessing the current property of a CompositionLocal instance"",""Assigning different values in different branches of the tree"",""Using CompositionLocal for frequently changing UI elements"",""Using staticCompositionLocalOf for a theme color""]",2,"CompositionLocal is best suited for state that does not change frequently. For frequently changing UI elements, direct state passing or other mechanisms might be more efficient."
24,0,How do you ensure that a composable parameter is treated as a slot?,"[""Declare the parameter as @Composable () -> Unit"",""Use the remember function"",""Use the slot keyword"",""Wrap the parameter in a Column""]",0,"To create a slot in a composable function, the parameter is declared as @Composable () -> Unit, allowing it to accept another composable as input."
24,1,How is a composable function defined to accept a slot as a parameter?,"[""By declaring a parameter with the @Composable () -> Unit type"",""By specifying a generic parameter"",""By using the @Slot annotation"",""By using the remember function""]",0,"To accept a slot, a composable function declares a parameter of type @Composable () -> Unit, which allows another composable to be passed in."
24,2,How many slot parameters can a composable function have?,"[""As many as needed"",""Only one"",""Three"",""Two""]",0,"A composable function can have multiple slot parameters, making it possible to define various parts of the layout that can be dynamically filled with different content."
24,3,"In the context of a slot API, what does the term 'template' mean?","[""A method for storing state"",""A placeholder for static content"",""A predefined and unchangeable UI layout"",""A structure that allows for dynamic content insertion""]",3,"A composable with a slot API acts as a template, meaning it provides a structure into which dynamic content can be inserted, making it adaptable to different needs."
24,4,What advantage does a slot API provide when designing custom composables?,"[""It allows for hardcoded layouts"",""It enables other developers to pass their own content into the composable"",""It prevents recomposition of the UI"",""It simplifies state management""]",1,Slot APIs make composables more flexible and reusable by allowing other developers to customize the content that appears in specific parts of the UI.
24,5,What does it mean for a composable to be a 'user interface template' with a slot API?,"[""It allows the layout to be dynamically filled with content provided at runtime"",""It can only be used for predefined content"",""It is a fixed template that cannot be modified"",""It manages the state of other composables""]",0,A composable with a slot API acts as a template where specific parts can be filled with different content when the function is called.
24,6,What does the term 'slot' refer to in the context of slot APIs?,"[""A memory allocation in a Compose runtime"",""A place where state is stored"",""A placeholder for dynamic content in a composable"",""A predefined layout constraint""]",2,A slot is a placeholder in a composable where other content can be inserted dynamically when the composable is used.
24,7,What happens if you call a slot function without passing a composable for each slot?,"[""The composable will display a blank space"",""The function will automatically fill in with Text composables"",""The function will throw an error"",""The function will use the default parameter values if provided""]",3,"If a slot parameter has a default value, it will use that value when none is provided during the call."
24,8,What is a slot API in the context of Jetpack Compose?,"[""A function that ensures state is preserved across configuration changes"",""A method for defining fixed content in a composable"",""A way to allow dynamic insertion of other composables into a defined slot"",""An interface for connecting Compose with external libraries""]",2,"A slot API allows a composable to accept other composables as parameters, enabling dynamic content to be provided when the function is called."
24,9,What is the benefit of using the shorthand syntax for slot API calls?,"[""It ensures type safety"",""It is the only way to pass parameters to slot functions"",""It makes the slot parameters mutable"",""It reduces the amount of code needed to specify content""]",3,"The shorthand syntax simplifies the code, making it easier to read and write, especially when providing content for a single slot."
24,10,What is the significance of the Unit return type in slot API parameters?,"[""It ensures that the parameter is nullable"",""It indicates that the parameter can return any value"",""It restricts the type of composables that can be passed in"",""It specifies that the parameter does not return a meaningful value""]",3,"The Unit type is used to indicate that a function does not return any meaningful value, making it suitable for slot API parameters."
24,11,What type is typically used to indicate that a composable slot function does not return a value?,"[""Nothing"",""Unit"",""null"",""void""]",1,"Unit is used in Kotlin to indicate that a function does not return a value, similar to void in other programming languages."
24,12,Which built-in Compose functions often use slot APIs?,"[""Column and Row"",""LazyColumn and LazyRow"",""Scaffold and AlertDialog"",""Text and Button""]",2,Scaffold and AlertDialog are examples of built-in Compose functions that use slot APIs to allow developers to customize their content dynamically.
24,13,Which of the following is an example of using a slot API?,"[""A composable that always displays a Text component"",""A composable that contains fixed layout elements"",""A composable that takes another composable as a parameter to determine part of its content"",""A function that calls another function without parameters""]",2,"A slot API involves passing a composable to another composable, allowing dynamic content to be inserted into a predefined slot."
24,14,Which syntax is more concise when calling a composable function with a single slot?,"[""SlotDemo { ButtonDemo() }"",""SlotDemo(ButtonDemo())"",""SlotDemo(middleContent = ButtonDemo)"",""SlotDemo(middleContent = { ButtonDemo() })""]",0,"Using the shorthand syntax allows for a more concise call, especially when there is only one slot parameter."
24,15,Why is a slot API considered more flexible than a standard composable function?,"[""It allows for fewer composable functions"",""It always displays the same UI elements"",""It can accept dynamic content determined at runtime"",""It enforces a specific layout structure""]",2,"Slot APIs allow the caller to pass in different composable functions, making the content of the composable function flexible and adaptable to different situations."
24,16,Why might you use multiple slots in a composable?,"[""To allow different parts of the layout to be customized independently"",""To avoid using the Column function"",""To enforce a single layout structure"",""To reduce the number of composable functions needed""]",0,"Using multiple slots lets different parts of the layout be customized independently, providing more flexibility in how the composable can be used."
24,17,Why would you use a slot API instead of hardcoding content in a composable?,"[""To improve the performance of the app"",""To make the composable more dynamic and reusable"",""To make the composable only usable in one place"",""To restrict the types of components that can be displayed""]",1,"A slot API allows the content of a composable to be specified at runtime, making it more flexible and reusable for different purposes."
26,0,How can a modifier be applied to a Text composable?,"[""By calling it within a Column"",""By passing it as an argument in the Text call"",""By using a special annotation"",""By using a state parameter""]",1,Modifiers can be applied to a Text composable by passing the Modifier object as a parameter when calling the Text function.
26,1,How can multiple settings be applied to a modifier in Compose?,"[""By calling multiple methods sequentially on a Modifier instance"",""By creating separate modifiers for each setting"",""By overriding the composable function"",""By using the remember function""]",0,"Modifiers allow method chaining, so you can call multiple methods on the same Modifier instance to apply several settings like padding and borders."
26,2,How can you combine two different modifiers when applying them to a composable?,"[""By applying them in separate lines"",""By chaining them together using the then() method"",""By separating them with a comma"",""By using the merge() function""]",1,"Modifiers can be combined using the then() method, which allows multiple Modifier objects to be applied sequentially to a single composable."
26,3,How is the Modifier object used when defining a custom composable?,"[""It is passed as a parameter to control appearance and behavior"",""It is required for all composable functions"",""It is used to handle navigation logic"",""It is used to store the composable's state""]",0,"Modifiers are passed as parameters to control the appearance and behavior of custom composables, such as adding padding or changing alignment."
26,4,What is a common use of the Modifier.clip() method?,"[""To apply rounded corners to an image"",""To center-align text"",""To draw a border around content"",""To resize a composable""]",0,"Modifier.clip() is often used to apply a specific shape, such as rounded corners, to a composables content."
26,5,What is the correct way to make a modifier optional in a custom composable function?,"[""By omitting the modifier parameter"",""By setting a default value of Modifier"",""By using a nullable modifier"",""By using the remember keyword""]",1,"To make a modifier optional in a custom composable, you can set its default value to a blank Modifier instance, allowing the function to be called without explicitly passing a modifier."
26,6,What is the effect of the Modifier.scrollable() method?,"[""It adds padding around the content"",""It clips content to a specified shape"",""It enables scrolling for content that overflows"",""It resizes content to fit within the screen""]",2,"The Modifier.scrollable() method makes a composable scrollable when its content exceeds the viewable area, allowing users to navigate through the overflowed content."
26,7,What is the effect of the Modifier.then() method?,"[""It combines multiple modifiers into one"",""It discards all previous modifier settings"",""It only works with padding modifiers"",""It overrides the existing modifier""]",0,"The Modifier.then() method allows combining two or more Modifier objects into a single Modifier, making it easier to apply multiple configurations to a composable."
26,8,What is the function of Modifier.clip() in Compose?,"[""To adjust the padding of a composable"",""To apply a shape mask to the composable's content"",""To resize a composable to a fixed size"",""To set a background color""]",1,"Modifier.clip() is used to clip the content of a composable to a specified shape, such as a rounded corner shape."
26,9,What is the primary purpose of a modifier in Jetpack Compose?,"[""To change the appearance and behavior of composables"",""To create new composable functions"",""To manage navigation between screens"",""To manage state in composables""]",0,"Modifiers allow developers to customize how composables appear and behave by applying various settings like padding, borders, and sizes."
26,10,What is the result of applying Modifier.fillMaxHeight() to a composable?,"[""The composable will fill the height allowed by its parent"",""The composable will fill the width of its parent"",""The composable will occupy the entire screen"",""The composable will wrap its content""]",0,Applying Modifier.fillMaxHeight() causes the composable to expand to use the maximum height available within its parent container.
26,11,What will happen if you apply padding before a border in a modifier chain?,"[""The border will be placed inside the padding"",""The border will become thicker"",""The padding will appear inside the border"",""The padding will be ignored""]",0,"If padding is applied before a border, the border will be placed inside the padding, meaning the padding space will be outside the border."
26,12,Which method would you use to make a composable fill the available width of its parent?,"[""Modifier.Width(Modifier.maxWidth)"",""Modifier.fillMaxSize()"",""Modifier.fillMaxWidth()"",""Modifier.fillWidth()""]",2,The Modifier.fillMaxWidth() method makes a composable expand to fill the entire width allowed by its parent container.
26,13,Which modifier is used to draw a border around a composable?,"[""Modifier.border()"",""Modifier.box()"",""Modifier.clip()"",""Modifier.outline()""]",0,"The Modifier.border() method is used to draw a border around a composable, specifying the width, color, and other attributes of the border."
26,14,Which modifier would you use to rotate a composable by a specified number of degrees?,"[""Modifier.angle()"",""Modifier.orient()"",""Modifier.rotate()"",""Modifier.spin()""]",2,The Modifier.rotate() method rotates a composable around its center point by a specified number of degrees.
26,15,Which object is foundational for building modifiers in Compose?,"[""ComposeModifier"",""Modifier"",""ModifierConfig"",""UIConfiguration""]",1,The Modifier object is a built-in Compose object used to configure appearance and behavior for composables through various methods.
26,16,Why is it recommended to add modifier support to custom composables?,"[""It ensures better performance"",""It makes the composable more flexible and configurable"",""It prevents recomposition"",""It reduces the number of composables needed""]",1,"Adding modifier support to custom composables allows developers to adjust the composables appearance and behavior, making it more adaptable to different use cases."
26,17,Why is the order of chained modifier methods important?,"[""It affects the order of composable rendering"",""It changes how modifiers are applied to a composable"",""It determines the size of the composable"",""It only matters for layout constraints""]",1,"The order in which modifier methods are chained can change the final appearance of a composable. For example, applying padding before or after a border will affect whether the padding appears inside or outside the border."
27,0,How can multiple colors be applied to different parts of a single text?,"[""By applying a background color to the parent layout"",""By using SpanStyle with different color settings in buildAnnotatedString"",""By using TextStyle.color for each Text composable"",""By using a separate composable for each color""]",1,SpanStyle allows you to apply different colors to specific parts of a text within buildAnnotatedString.
27,1,How can you use SpanStyle to create a multi-colored word in a single Text composable?,"[""By setting a default color"",""By using a loop in the Text composable"",""By using withStyle() and changing colors in buildAnnotatedString"",""By wrapping each letter in a different Text composable""]",2,"Using withStyle() within buildAnnotatedString allows you to change colors for different segments of a word, creating a multi-colored effect."
27,2,How do you apply different font weights to parts of a string in Compose?,"[""By applying a SpanStyle with specific fontWeight in buildAnnotatedString"",""By setting fontWeight in the parent composable"",""By using a global fontWeight setting"",""By using different Text composables for each weight""]",0,"SpanStyle allows you to apply different font weights to segments of a string, providing flexibility in styling."
27,3,How do you combine different text sections in an annotated string?,"[""By calling the append() method"",""By setting textAlignment"",""By using the join() function"",""By using the merge() function""]",0,The append() method is used to add different styled sections together when building an AnnotatedString.
27,4,How would you apply a radial gradient to a Text composable?,"[""Using the background property"",""Using the brush property in TextStyle"",""Using the gradient property in Text"",""Using the radialGradient() method in SpanStyle""]",1,The brush property in TextStyle allows you to apply a radial gradient to the text by using Brush.radialGradient() with a list of colors.
27,5,What does the ParagraphStyle's textIndent property control?,"[""The font style of a paragraph"",""The indentation of the first and subsequent lines in a paragraph"",""The indentation of the first line in a paragraph"",""The space between lines""]",1,The textIndent property in ParagraphStyle is used to define the indentation for the first line and other lines of a paragraph.
27,6,What is the effect of setting a high value for lineHeight in ParagraphStyle?,"[""It changes the background color"",""It increases the space between characters"",""It increases the space between lines of text"",""It makes the text bold""]",2,"A high lineHeight value in ParagraphStyle increases the spacing between lines, making paragraphs more readable."
27,7,What is the primary benefit of using annotated strings in Jetpack Compose?,"[""To apply different styles to different sections of a text"",""To change the entire string's font type"",""To handle user interactions with text"",""To manage text visibility in a layout""]",0,"Annotated strings allow developers to apply different styles to various parts of a text, offering more flexibility than standard modifiers."
27,8,What is the purpose of the TextAlign.End setting in a ParagraphStyle?,"[""To align the text to the left"",""To center-align the text"",""To justify the text"",""To right-align the text""]",3,"TextAlign.End in ParagraphStyle is used to right-align the text within a paragraph, aligning the end of the text to the right edge."
27,9,What is the purpose of using a Brush in text styling?,"[""To align text within a column"",""To apply gradients or patterns to text"",""To change the text's shadow"",""To modify text size dynamically""]",1,"Brush allows you to apply gradients or other patterns to the texts appearance, such as creating a gradient fill for the text."
27,10,What is the role of buildAnnotatedString when working with Brush effects?,"[""It allows the application of brush effects to specific text sections"",""It changes the text size based on scroll"",""It modifies the background of a composable"",""It provides built-in gradient colors""]",0,"buildAnnotatedString can be used in conjunction with SpanStyle to apply brush effects, such as gradients, to selected segments of text."
27,11,What is the role of the withStyle() function in buildAnnotatedString?,"[""To adjust text spacing"",""To apply a style to a specific segment of the text"",""To define a style for the entire text"",""To remove a style from a segment""]",1,withStyle() is used within buildAnnotatedString to apply a specific style to a section of text.
27,12,What property would you use to apply a gradient effect to text in Compose?,"[""backgroundColor"",""brush"",""gradientStyle"",""shadowEffect""]",1,The brush property allows you to apply gradient effects to text in Jetpack Compose using various Brush methods like linearGradient or radialGradient.
27,13,What type of style is SpanStyle used for?,"[""Applying styles to entire paragraphs"",""Applying styles to individual characters or sections within a string"",""Managing the layout of composables"",""Setting background images for text""]",1,"SpanStyle is used to apply styles to specific spans of text, such as changing color, font weight, or size for selected text segments."
27,14,When would you use a ParagraphStyle instead of a SpanStyle?,"[""When you need to apply alignment or line height to an entire paragraph"",""When you want to change the font color"",""When you want to change the text size of individual words"",""When you want to make only part of a string bold""]",0,"ParagraphStyle is ideal for applying styles like text alignment or line height to an entire paragraph, affecting the overall structure of the text."
27,15,Which function is used to create an AnnotatedString in Jetpack Compose?,"[""buildAnnotatedString()"",""buildString()"",""composeAnnotatedString()"",""createString()""]",0,"The buildAnnotatedString() function is used to create an AnnotatedString, allowing styles to be applied to different segments of the text."
27,16,Which function would you use to create an indented paragraph in Jetpack Compose?,"[""applyIndent()"",""indentText()"",""setIndent()"",""withStyle() and ParagraphStyle with textIndent""]",3,"To create an indented paragraph, you use withStyle() in combination with ParagraphStyle and the textIndent property."
27,17,Which method is used to render text with an annotated string in a Text composable?,"[""annotateText()"",""buildAnnotatedString()"",""buildText()"",""textWithStyle()""]",1,buildAnnotatedString() is used to create complex text with multiple styles that can be rendered in a Text composable.
27,18,Which of the following is a property that can be customized using ParagraphStyle?,"[""color"",""fontSize"",""fontWeight"",""textAlign""]",3,"ParagraphStyle is used to apply styles to entire paragraphs, and it includes properties like textAlign for aligning text within a paragraph."
27,19,Which of the following is a property that can be customized using SpanStyle?,"[""lineHeight"",""shadow"",""textDirection"",""textIndent""]",1,"SpanStyle supports the shadow property, allowing developers to add shadow effects to specific text segments."
27,20,Which of the following styles is directly supported by ParagraphStyle?,"[""fontFamily"",""letterSpacing"",""shadow"",""textDirection""]",3,"ParagraphStyle includes support for textDirection, allowing developers to control the direction in which the text is displayed, such as left-to-right or right-to-left."
27,21,Which property is NOT supported by SpanStyle?,"[""color"",""fontSize"",""fontWeight"",""textAlign""]",3,"textAlign is a property of ParagraphStyle, not SpanStyle, which focuses on individual character-level styling."
27,22,Which property of SpanStyle can be used to change the font size?,"[""font"",""fontWeight"",""pointSize"",""textSize""]",-1,The fontSize property of SpanStyle allows you to specify the size of the text for that particular span.
27,23,Which style should be used if you want to change the background of specific characters in an annotated string?,"[""BrushStyle"",""ParagraphStyle"",""SpanStyle"",""TextStyle""]",2,SpanStyle allows you to apply background colors to specific characters or spans within an annotated string.
27,24,Which style would you use to apply italics to part of a string?,"[""BrushStyle with gradient"",""ParagraphStyle with fontStyle"",""SpanStyle with fontStyle"",""TextStyle with fontWeight""]",2,"SpanStyle supports the fontStyle property, allowing developers to apply italics to specific segments of text."
28,0,How do Row and Column composables differ in terms of arrangement properties?,"[""Arrangement properties only apply to Rows"",""Both use the same arrangement properties"",""Row uses horizontalArrangement, while Column uses verticalArrangement"",""Row uses verticalArrangement, while Column uses horizontalArrangement""]",2,"Row composables use the horizontalArrangement parameter for positioning children horizontally, while Column composables use verticalArrangement for positioning children vertically."
28,1,How does Arrangement.SpaceBetween affect the positioning of elements in a Row?,"[""Adds equal spacing before the first and after the last element"",""Adds equal spacing between elements without leading or trailing space"",""Adds no space between elements"",""Centers elements horizontally""]",1,Arrangement.SpaceBetween adds equal spacing between elements but does not add space before the first or after the last element in a Row.
28,2,How does the Column composable handle alignment by default?,"[""Aligns content to the bottom-right"",""Aligns content to the top-left"",""Centers content horizontally and vertically"",""Spreads content evenly across the screen""]",1,"By default, a Column composable aligns its children to the top-left of its content area unless other alignment settings are specified."
28,3,How would you evenly distribute space around children in a Row composable?,"[""Set horizontalAlignment to Alignment.CenterHorizontally"",""Set horizontalArrangement to Arrangement.SpaceEvenly"",""Set verticalAlignment to Alignment.Center"",""Use Modifier.padding() for each child""]",1,"Arrangement.SpaceEvenly evenly distributes space before, between, and after children in a Row, making it suitable for layouts where equal spacing is required."
28,4,What alignment value would you use to align a Column's content at the center horizontally?,"[""Alignment.CenterHorizontally"",""Alignment.CenterVertically"",""Alignment.End"",""Alignment.Start""]",0,Alignment.CenterHorizontally is used to center-align a Columns content along the horizontal axis.
28,5,What effect does the horizontalArrangement parameter have on a Column composable?,"[""It aligns children horizontally within the Column"",""It arranges children along the vertical axis"",""It changes the text size of children"",""It sets padding between children""]",0,The horizontalArrangement parameter in a Column controls how its children are aligned horizontally within the Columns content area.
28,6,What happens if a Row composable's child does not have a weight modifier?,"[""It is automatically aligned to the center"",""It is hidden by default"",""It occupies only the space needed for its content"",""It takes up all available space""]",2,"A Row child without a weight modifier will occupy only the space required for its content, while other children with weight modifiers share the remaining space."
28,7,What is the difference between the verticalAlignment parameter of a Row and the horizontalAlignment parameter of a Column?,"[""Only horizontalAlignment controls child positions"",""They are used to set padding for the composable"",""They both control alignment along the same axis"",""verticalAlignment aligns children along the vertical axis, while horizontalAlignment aligns along the horizontal axis""]",3,"The verticalAlignment parameter of a Row aligns children along the vertical axis, while the horizontalAlignment parameter of a Column aligns children along the horizontal axis."
28,8,What is the effect of using the alignByBaseline() modifier in a Row?,"[""It aligns the baseline of text elements"",""It centers text elements horizontally"",""It increases the padding between elements"",""It sets the background color""]",0,"The alignByBaseline() modifier aligns text elements within a Row based on their baselines, making it useful for aligning text of different sizes."
28,9,What is the primary purpose of the Row composable in Jetpack Compose?,"[""To align children vertically"",""To arrange children horizontally"",""To handle user interactions"",""To manage navigation between screens""]",1,"The Row composable arranges its children horizontally, displaying them side by side on the screen."
28,10,What is the purpose of the weight modifier when used with Row or Column children?,"[""To adjust the alignment of a composable"",""To change the color of a composable"",""To divide space proportionally between children"",""To increase the size of a composable""]",2,The weight modifier allows Row or Column children to share space proportionally based on the specified weight values.
28,11,What is the result of setting verticalArrangement to Arrangement.Bottom in a Column composable?,"[""Aligns content at the bottom of the Column"",""Aligns content at the top of the Column"",""Centers content vertically"",""Spreads content evenly across the Column""]",0,Setting verticalArrangement to Arrangement.Bottom aligns the Columns children at the bottom of the available space within the Column.
28,12,What is the role of the verticalAlignment parameter in a Row composable?,"[""To align the Row's children along the vertical axis"",""To arrange children horizontally"",""To center-align text within a Text composable"",""To set the background color of a Row""]",0,"The verticalAlignment parameter in a Row is used to align the Rows children along the vertical axis, such as aligning them at the top, center, or bottom."
28,13,Which alignment value should you use with Column's horizontalAlignment parameter to center content?,"[""Alignment.Bottom"",""Alignment.CenterHorizontally"",""Alignment.Start"",""Alignment.Top""]",1,Alignment.CenterHorizontally is used with a Columns horizontalAlignment parameter to center content along the horizontal axis.
28,14,Which composable would you use to align child elements vertically in Jetpack Compose?,"[""Card"",""Column"",""Row"",""Scaffold""]",1,"The Column composable arranges its children vertically, stacking them one on top of the other."
28,15,Which function would you use to align child components within the scope of a Column composable?,"[""align()"",""alignBy()"",""padding()"",""spaceAround()""]",0,"The align() function is used within the scope of a Column to align child components horizontally, such as aligning them to the start, center, or end."
28,16,Which parameter allows you to control the space between elements in a Column?,"[""horizontalArrangement"",""padding"",""verticalArrangement"",""verticalSpacing""]",2,The verticalArrangement parameter controls the spacing between elements along the vertical axis in a Column.
28,17,Which parameter would you use to center elements vertically within a Row?,"[""arrangement"",""centerAlignment"",""horizontalAlignment"",""verticalAlignment""]",3,"The verticalAlignment parameter centers elements vertically within a Row, positioning them in the middle of the available space along the vertical axis."
28,18,Which scope modifier would you use to control the height of a child relative to its siblings in a Column?,"[""Modifier.align()"",""Modifier.offset()"",""Modifier.padding()"",""Modifier.weight()""]",3,"The weight() modifier allows you to control the height of a child in a Column relative to its siblings, distributing space based on the specified weight."
29,0,How can you render a Box with a shape that has cut corners?,"[""Apply a border modifier with a large size"",""Set contentAlignment to Alignment.TopCenter"",""Use CutCornerShape with the clip() modifier"",""Use RoundedCornerShape with a large radius""]",2,Using the clip() modifier with CutCornerShape creates a Box with cut corners.
29,1,How do you make a child of a Box composable fill the entire size of the Box?,"[""Set a fixed size using the size() modifier"",""Set the contentAlignment parameter"",""Use the align() modifier"",""Use the matchParentSize() modifier""]",3,The matchParentSize() modifier ensures that a child component fills the entire size of its parent Box.
29,2,How does the Box composable differ from Row and Column?,"[""Box arranges children horizontally like Row"",""Box arranges children vertically like Column"",""Box stacks children, while Row and Column arrange them in lines"",""Box supports scrolling, while Row and Column do not""]",2,"Unlike Row and Column, which align children in a horizontal or vertical line, Box stacks children on top of each other."
29,3,How would you modify a Box to display its child in the bottom-left corner?,"[""Apply a border to the Box"",""Set horizontalAlignment to Alignment.Bottom"",""Use contentAlignment = Alignment.BottomStart"",""Use matchParentSize() modifier""]",2,Setting contentAlignment to Alignment.BottomStart positions the child at the bottom-left corner of the Box.
29,4,"In a Box composable, which child is displayed at the top?","[""All children are displayed equally"",""It depends on the alignment settings"",""The first child declared"",""The last child declared""]",3,"In a Box composable, the last child declared is positioned at the top of the stack, making it the most visible if children overlap."
29,5,What effect does the Surface component have when used with a Text composable inside a Box?,"[""It adds shadows to the text"",""It increases the font size of the text"",""It makes the text background transparent"",""It provides an opaque background to the text""]",3,"The Surface component is used to provide an opaque background for the Text composable, making it easier to distinguish overlapping text in a Box."
29,6,What happens if you add multiple TextCell elements with the same size to a Box composable?,"[""They are arranged in a horizontal row"",""They are arranged in a vertical column"",""They are spaced evenly"",""They overlap each other""]",3,"In a Box composable, children are stacked on top of each other, so multiple elements with the same size will overlap."
29,7,What is the default alignment of children in a Box composable?,"[""BottomStart"",""Center"",""CenterEnd"",""TopStart""]",3,"By default, children in a Box composable are aligned to the top-left corner (Alignment.TopStart) of the Boxs content area."
29,8,What is the effect of applying the paddingFrom() modifier in a Box?,"[""It adds padding around the child within the Box"",""It aligns the Box content to the center"",""It changes the color of the Box"",""It clips the Box to a circular shape""]",0,"The paddingFrom() modifier allows you to add padding to a child composable, creating space around it within its parent."
29,9,What is the primary function of the Box composable in Jetpack Compose?,"[""To arrange children horizontally"",""To arrange children vertically"",""To handle navigation between screens"",""To stack children on top of each other""]",3,"The Box composable stacks its children on top of each other, with the first child positioned at the bottom of the stack."
29,10,What is the purpose of using a Surface component inside a Box in Jetpack Compose?,"[""To align children to the center"",""To clip the Box to a custom shape"",""To provide an opaque background for composables like Text"",""To set the background color of the Box""]",2,"The Surface component is used inside a Box to give composables like Text an opaque background, helping to distinguish overlapping components."
29,11,What is the result of applying the clip() modifier with a CircleShape to a Box composable?,"[""It adds padding to the Box"",""It changes the background color of the Box"",""It makes the Box circular in shape"",""It rotates the Box by 90 degrees""]",2,"The clip() modifier with CircleShape clips the Box to a circular shape, changing the appearance of the Box to a circle."
29,12,What parameter of the Box composable allows you to position children within the Box's content area?,"[""alignment"",""contentAlignment"",""horizontalAlignment"",""verticalArrangement""]",1,The contentAlignment parameter allows you to specify the positioning of children within the Boxs content area.
29,13,"When using the align() modifier in BoxScope, what does the Alignment.Center value do?","[""Aligns the child to the left"",""Centers the child within the Box"",""Positions the child at the bottom"",""Stretches the child to fill the Box""]",1,Using align(Alignment.Center) positions the child in the center of the Boxs content area.
29,14,Which BoxScope modifier aligns a child to the bottom right of the Box?,"[""align(Alignment.BottomEnd)"",""align(Alignment.Center)"",""contentAlignment = Alignment.BottomEnd"",""matchParentSize()""]",0,The align() modifier with Alignment.BottomEnd places the child at the bottom-right corner within the Box.
29,15,Which BoxScope modifier ensures a child takes up the same size as the parent Box?,"[""clip()"",""fillMaxSize()"",""matchParentSize()"",""wrapContentSize()""]",2,"The matchParentSize() modifier makes a child take up the full size of its parent Box, matching its height and width."
29,16,Which modifier would you use to add a solid border to a Box's child element?,"[""align()"",""border()"",""clip()"",""padding()""]",1,"The border() modifier is used to add a solid border around a composable, such as a child element within a Box."
29,17,Which of the following values can be assigned to the contentAlignment parameter of a Box?,"[""Alignment.End"",""Alignment.Start"",""Alignment.TopStart"",""Arrangement.Center""]",2,"Alignment.TopStart is one of the options for positioning children within a Box, aligning them to the top-left corner."
29,18,Which parameter is used to control the overall alignment of children within a Box?,"[""alignment"",""arrangement"",""contentAlignment"",""verticalAlignment""]",2,The contentAlignment parameter is used to control how all children are aligned within the Box.
29,19,Which shape would you use with the clip() modifier to create a Box with rounded corners?,"[""CircleShape"",""CutCornerShape"",""RectangleShape"",""RoundedCornerShape""]",3,RoundedCornerShape is used with the clip() modifier to give a Box rounded corners.
30,0,How can you make an item in a FlowRow occupy all the remaining space in a row?,"[""Apply the weight() modifier with a value of 1f"",""Set the maxItemsInEachRow property"",""Use horizontalArrangement = Arrangement.FillMax"",""Use the align() modifier""]",0,Applying the weight() modifier with a value of 1f allows the item to take up the remaining space in the FlowRow.
30,1,How do FlowRow and FlowColumn improve upon Row and Column in Compose?,"[""They allow items to overflow onto new rows or columns, offering dynamic adaptability."",""They automatically adjust child composables to a fixed size."",""They provide better support for static layouts."",""They restrict the layout to a fixed number of items per row.""]",0,FlowRow and FlowColumn handle dynamic content better by allowing items to move to new rows or columns when there is insufficient space.
30,2,How do you control the spacing between items in a FlowColumn along the vertical axis?,"[""alignment"",""horizontalArrangement"",""verticalArrangement"",""verticalSpacing""]",2,The verticalArrangement parameter controls the positioning and spacing of items along the vertical axis in a FlowColumn.
30,3,How do you ensure a FlowColumn item takes up 50% of the column width?,"[""Apply weight = 0.5f"",""Set maxItemsInEachColumn = 0.5"",""Use align(Alignment.CenterHorizontally)"",""Use fillMaxWidth(0.5f)""]",3,Using fillMaxWidth(0.5f) ensures that the item occupies 50% of the available width in the FlowColumn.
30,4,In which scenario is a FlowRow composable preferred over a Row?,"[""When arranging items without any overflow management."",""When items need to align to a fixed grid structure."",""When items vary in size and the layout needs to adapt to screen changes."",""When the number of items and their sizes are static.""]",2,FlowRow is ideal for scenarios where the content varies in size or number and needs to adapt dynamically to changes in screen size.
30,5,What does the align() modifier do when used in a FlowRow?,"[""Aligns items along the horizontal axis"",""Aligns items vertically within each row"",""Changes the color of the FlowRow"",""Controls the order of item flow""]",1,"The align() modifier in FlowRow adjusts the vertical alignment of individual items within their row, useful for content with varying heights."
30,6,What does the fillMaxHeight() modifier do when applied to a FlowColumn item?,"[""It centers the item vertically."",""It distributes space evenly among all items."",""It makes the item occupy 50% of the column height."",""It makes the item take up the entire column height.""]",3,The fillMaxHeight() modifier allows an item to expand and take up the full height of the FlowColumn.
30,7,What effect does the weight() modifier have in a Flow layout?,"[""It arranges items in a fixed order."",""It controls the alignment of items."",""It sets a maximum limit for items per row."",""It sets the height or width of an item relative to its siblings.""]",3,"The weight() modifier controls the size of an item relative to the other items in the same Flow layout, allowing flexible distribution of space."
30,8,What happens if a FlowRow item with fillMaxWidth(0.7f) does not have enough space to fit in the current row?,"[""It flows to the next row."",""It occupies 100% of the width."",""It shrinks to fit the space."",""It throws an error.""]",0,"If a FlowRow item with a specified width using fillMaxWidth() cannot fit, it will flow to the next row to maintain the specified width."
30,9,What happens if you do not set a limit for maxItemsInEachRow in a FlowRow?,"[""All items will be displayed in a single row regardless of space."",""It defaults to a maximum of 10 items per row."",""It throws an error during compilation."",""Items flow onto the next row when space runs out.""]",3,"By default, FlowRow will automatically flow items onto the next row when it runs out of space."
30,10,What is the primary difference between Row/Column and FlowRow/FlowColumn composables?,"[""FlowRow and FlowColumn are more flexible for handling dynamic content that changes in quantity and size."",""FlowRow and FlowColumn are specifically used for aligning text content."",""Row and Column automatically adjust to screen size, unlike FlowRow and FlowColumn."",""Row and Column can handle dynamic content, but FlowRow and FlowColumn cannot.""]",0,"FlowRow and FlowColumn are designed to handle dynamic content by flowing items onto the next row or column when space runs out, making them suitable for content with varying sizes and quantities."
30,11,What is the purpose of the horizontalArrangement parameter in a FlowColumn?,"[""To arrange items in different rows."",""To control spacing between items along the column height."",""To limit the number of columns."",""To set spacing between items along the column's horizontal axis.""]",3,The horizontalArrangement parameter controls the spacing of items along the horizontal axis of a FlowColumn.
30,12,What property of FlowColumn controls the maximum number of items that can appear in a single column?,"[""columnItems"",""maxItemsInEachColumn"",""verticalItemCount"",""weight""]",1,The maxItemsInEachColumn property restricts the maximum number of items that can be displayed in a single column before flowing onto the next column.
30,13,Which arrangement option evenly distributes space between items in a FlowRow without extra space at the ends?,"[""Arrangement.Distribute"",""Arrangement.SpaceAround"",""Arrangement.SpaceBetween"",""Arrangement.Spacing""]",2,Arrangement.SpaceBetween evenly distributes space between items without adding extra space before the first and after the last item.
30,14,Which arrangement property would you use to position FlowColumn items at the bottom of the column?,"[""align(Alignment.CenterVertically)"",""horizontalArrangement = Arrangement.End"",""maxItemsInEachColumn = 5"",""verticalArrangement = Arrangement.Bottom""]",3,Using verticalArrangement = Arrangement.Bottom positions items at the bottom of the FlowColumn.
30,15,Which modifier is useful for aligning items within a FlowColumn when items have different widths?,"[""align(Alignment.CenterHorizontally)"",""fillMaxHeight()"",""maxItemsInEachColumn"",""weight()""]",0,Using align(Alignment.CenterHorizontally) helps to center-align items with varying widths within a FlowColumn.
30,16,Which of the following alignments would center items vertically within a FlowRow?,"[""Alignment.Bottom"",""Alignment.Center"",""Alignment.CenterVertically"",""Alignment.VerticalAlign""]",2,Alignment.CenterVertically aligns the items in a FlowRow vertically at the center of their respective rows.
30,17,Which of the following best describes the behavior of FlowRow and FlowColumn?,"[""They allow items to flow dynamically onto new rows or columns when space is insufficient."",""They are limited to displaying a fixed number of items."",""They arrange items in a fixed grid structure."",""They do not support weight-based sizing.""]",0,FlowRow and FlowColumn automatically move items onto new rows or columns when the current row or column does not have enough space.
30,18,Which parameter of FlowRow controls the spacing between items along the horizontal axis?,"[""contentAlignment"",""horizontalArrangement"",""horizontalSpacing"",""verticalArrangement""]",1,The horizontalArrangement parameter in FlowRow controls the spacing between items along the horizontal axis.
30,19,Which property would you use to limit the number of items in a single row of a FlowRow?,"[""itemWeight"",""itemsPerRow"",""maxItemsInEachRow"",""rowItemCount""]",2,The maxItemsInEachRow property allows you to set a limit on how many items can be placed in each row before flowing onto the next one.
32,0,How many times should a child composable be measured within a custom layout modifier?,"[""As many times as needed for accuracy."",""It does not need to be measured."",""Only once per layout cycle."",""Twice for proper positioning.""]",2,Compose enforces a single-pass measurement rule to ensure efficiency and speed when laying out user interfaces.
32,1,"In a custom layout modifier, what does the 'constraints' parameter influence?","[""The child's animation speed."",""The minimum and maximum size of the child."",""The position of the child."",""The visibility of the child composable.""]",1,"Constraints define the range of acceptable sizes for the child, ensuring that it conforms to the parents size requirements."
32,2,"In the context of custom layout modifiers, what is meant by 'default position'?","[""A fixed position in the center of the parent."",""The original position of the child before any layout modifier is applied."",""The position defined by the constraints parameter."",""The position set by the placeRelative() method.""]",1,The default position refers to where a child composable would be placed by its parent before any custom positioning logic is applied by a layout modifier.
32,3,What does the 'layout()' function within a custom modifier do?,"[""Adjusts the composable's color."",""Animates the child composable."",""Changes the composable's visibility."",""Sets the final size and position of the child.""]",3,The layout() function is used to define the size and placement of the child composable based on the measurements and constraints.
32,4,What does the 'roundToInt()' function do in the context of calculating positions for custom layouts?,"[""It adjusts the color gradient of the composable."",""It animates the movement of the child."",""It converts floating-point values to integers."",""It measures the height of the child composable.""]",2,"roundToInt() converts floating-point numbers to integer values, which is useful when positioning composables with precise coordinates."
32,5,What does the 'single-pass measurement' rule ensure?,"[""Accurate positioning of all children."",""Automatic resizing of the parent composable."",""Improved color rendering for child composables."",""Optimal rendering speed by measuring each child only once.""]",3,"The single-pass measurement rule ensures that children are measured only once per layout cycle, making the layout process more efficient."
32,6,What does the placeRelative() method do in a custom layout modifier?,"[""Applies padding to the child composable."",""Positions the child composable relative to its parent."",""Sets the color of the child composable."",""Sets the size of the child composable.""]",1,The placeRelative() method is used to position the child composable at specific coordinates within the parent layout.
32,7,"What is a key limitation of the built-in Row, Column, and Box composables in Compose?","[""They are not able to work with state changes in Compose."",""They are not capable of displaying multiple child elements."",""They cannot handle dynamic screen size changes."",""They do not allow custom arrangements or positioning for specific layout needs.""]",3,"While Row, Column, and Box are versatile, they cannot handle all unique positioning or layout scenarios, especially those that require custom logic. Custom layout modifiers address this limitation."
32,8,What is the 'constraints' parameter used for in a custom layout modifier?,"[""It defines the maximum and minimum size the child element can be."",""It holds the parent composable's alignment settings."",""It specifies the position of the child element."",""It stores the child element's color settings.""]",0,"Constraints specify the range of sizes that a child composable can occupy within its parent, determining the allowed height and width."
32,9,What is the purpose of creating a custom layout modifier in Jetpack Compose?,"[""To add animations to a composable."",""To change the composable's color dynamically."",""To control the size and position of a child composable in ways that are not achievable with standard modifiers."",""To create new composables with built-in styles.""]",2,Custom layout modifiers allow developers to implement specialized positioning and sizing behaviors that cannot be accomplished with existing modifiers like padding or alignment.
32,10,What is the purpose of using alignment lines in custom layout modifiers?,"[""To adjust the background color of child composables."",""To apply gradients to child composables."",""To create shadows around child composables."",""To position a child based on specific reference points like baselines.""]",3,"Alignment lines, such as FirstBaseline and LastBaseline, allow developers to position child composables relative to specific reference points in custom layouts."
32,11,What is the role of the measurable parameter in a custom layout modifier?,"[""To animate the size of the child."",""To define the color of the child composable."",""To determine how the child is measured and laid out."",""To manage state changes in the child.""]",2,The measurable parameter represents the child element that is measured according to the provided constraints and determines its layout.
32,12,What parameter does a custom layout modifier use to represent the child element it modifies?,"[""constraints"",""measurable"",""modifier"",""placeable""]",1,"In a custom layout modifier, the measurable parameter represents the child composable that is being measured and positioned."
32,13,What type of function can you use to move a composable element within its parent using custom layout logic?,"[""align()"",""placeRelative()"",""position()"",""rotate()""]",1,placeRelative() is used within a custom layout modifier to position the child composable at specific coordinates relative to its parent.
32,14,What value would you use with the placeable object to get the baseline alignment of a Text composable?,"[""Alignment.Center"",""Alignment.End"",""AlignmentLine.Unspecified"",""FirstBaseline""]",3,"FirstBaseline is used to access the baseline of a Text composable, which helps align text with other elements based on its first line."
32,15,When would a custom layout modifier return 'AlignmentLine.Unspecified'?,"[""When the alignment is set to center."",""When the child element does not support baseline alignment."",""When the child element is too large for the parent."",""When the modifier fails to measure the child element.""]",1,"AlignmentLine.Unspecified is returned when the child composable does not support baseline alignment, indicating that the alignment line cannot be used."
32,16,Which function is essential for measuring a composable in a custom layout?,"[""adjustConstraints()"",""calculateSize()"",""measure()"",""placeRelative()""]",2,The measure() function measures a child composable within the provided constraints to determine its size.
32,17,Which method is used within a custom layout modifier to obtain measurements for the child composable?,"[""calculateSize()"",""layout()"",""measure()"",""place()""]",2,The measure() method is called on the measurable object to obtain the dimensions of the child composable within the constraints.
32,18,Which modifier would you use to ensure a child composable fills the entire space of its parent?,"[""fill()"",""fillMaxSize()"",""maxSize()"",""size()""]",1,The fillMaxSize() modifier makes a composable fill the maximum available space within its parent container.
32,19,Why might you use a custom layout modifier instead of a built-in modifier?,"[""To access more alignment settings."",""To add animations to the composable."",""To implement specific positioning that cannot be achieved with built-in options."",""To make the app run faster.""]",2,Custom layout modifiers allow developers to create unique positioning logic that is not available through standard Compose modifiers.
33,0,How can custom layouts accept additional parameters for use in child positioning?,"[""By adding parameters directly in the Layout() function."",""By defining parameters in the composable function that wraps the Layout."",""By modifying the 'measurables' object."",""By using hardcoded values within the layout logic.""]",1,"Custom layouts can accept additional parameters by defining them in the wrapping composable function, allowing the values to be used when positioning children."
33,1,"In a custom layout, what is the purpose of the 'measurables' parameter?","[""It contains all of the child elements to be measured."",""It contains the constraints for the layout."",""It defines the position of each child element."",""It stores the parent layout's dimensions.""]",0,"The measurables parameter provides access to all child elements within a custom layout, allowing each child to be measured before being positioned."
33,2,What does the layout() function do in a custom layout?,"[""It adjusts the color and style of each child element."",""It defines the animation for layout transitions."",""It positions child elements and specifies the size of the parent."",""It renders the layout onto the screen.""]",2,The layout() function is used to define the positioning of each child and set the overall size of the custom layout component.
33,3,What does the placeRelative() function do in a custom layout?,"[""It applies animations to a child element's position."",""It changes the layout direction of the child elements."",""It places a child element at specific x and y coordinates relative to its parent."",""It sets the background color of an element.""]",2,The placeRelative() function is used within the layout() function to specify where a child should be positioned relative to its parent.
33,4,What happens if a custom layout measures a child multiple times?,"[""An error may occur due to violating the single-pass measurement rule."",""The child will adjust to fit the largest measurement."",""The child will be positioned at multiple places."",""The layout will automatically adjust for the extra measurements.""]",0,"In Compose, each child should only be measured once per layout pass. Measuring multiple times can lead to performance issues and errors."
33,5,What is the primary purpose of a custom layout in Jetpack Compose?,"[""To add animations to UI elements."",""To define complex text formatting styles."",""To design layouts with full control over how child elements are sized and positioned."",""To handle user input events more efficiently.""]",2,"Custom layouts in Compose allow developers to control the size and position of child elements. This enables the creation of layouts that cannot be achieved with the standard Box, Row, and Column components."
33,6,What is the role of the 'constraints' parameter in a custom layout?,"[""It controls the padding between child elements."",""It determines the color scheme of the layout."",""It provides the maximum and minimum size limits for the children."",""It specifies the default alignment of the layout.""]",2,The constraints parameter in a custom layout contains information about the minimum and maximum width and height that can be applied to the child elements.
33,7,What will happen if the custom layout's layout() function is called without specifying a size?,"[""An error will occur, causing the app to crash."",""The layout will adjust to fit all its children."",""The layout will be invisible."",""The layout will use a default size of 100x100 dp.""]",1,"If a custom layouts size is not explicitly defined, it will typically adjust its size to accommodate the sizes of its child elements."
33,8,"When using a custom layout, what does the map function typically do?","[""Adjusts the visibility of children."",""Applies a background color to each child."",""Iterates through child elements to measure them."",""Modifies the padding of each child.""]",2,"The map function is often used to iterate through child elements in the measurables object, measuring each one according to the constraints."
33,9,Which Compose function is used to create custom layouts?,"[""BoxLayout"",""ComposeCustom"",""Layout"",""Modifier.layout""]",2,The Layout composable function is used to create custom layouts. It allows developers to measure and position multiple child elements according to custom rules.
33,10,Which built-in layout components in Compose inspired the creation of custom layouts?,"[""Box, Column, and Row"",""Card, Surface, and Scaffold"",""Grid, Stack, and Flex"",""ListView, RecyclerView, and GridView""]",0,"Custom layouts in Compose use similar techniques as the built-in Box, Column, and Row components, providing developers the ability to create unique layouts."
33,11,Which keyword is used to create a list of Placeable objects from the measurables?,"[""filter"",""forEach"",""map"",""transform""]",2,The map function is used to iterate over the measurables and create a list of Placeable objects by measuring each child.
33,12,Which of the following best describes a 'Placeable' in the context of a custom layout?,"[""A composable function that draws elements on the screen."",""A function that adjusts the opacity of UI elements."",""A layout that can contain other layouts."",""An object that contains size and position information for a measured child.""]",3,A Placeable represents a measured child element and contains the size and positioning data needed to place it within the custom layout.
33,13,Which parameter in the Layout composable controls the minimum width and height of a custom layout?,"[""alignment"",""constraints"",""measurables"",""modifier""]",1,The constraints parameter defines the minimum and maximum width and height limits for a custom layouts child elements.
34,0,How can a composable's size be set to match its content regardless of constraints?,"[""Dimension.fillToConstraints"",""Dimension.preferredWrapContent"",""Dimension.value"",""Dimension.wrapContent""]",3,Dimension.wrapContent allows a composables size to adapt to its content without regard to any surrounding constraints.
34,1,How can composables be aligned in a ConstraintLayout to maintain consistent spacing along an axis?,"[""Using Margins"",""Using a Barrier"",""Using a Constraint Bias"",""Using a Guideline""]",3,"Guidelines allow composables to align along a consistent axis, making them useful for arranging elements with uniform spacing."
34,2,How does Constraint Bias work in ConstraintLayout?,"[""It adjusts the size of composables relative to each other."",""It allows adjustment of a composable's position along an axis of opposing constraints."",""It determines the layering order of composables."",""It makes composables align to the nearest parent edge.""]",1,"Constraint Bias allows a composables position to be adjusted between two opposing constraints, controlling its alignment based on a specified percentage."
34,3,What are opposing constraints in ConstraintLayout?,"[""Constraints that are only applied when a device is rotated."",""Constraints that automatically align to the top of the parent layout."",""Constraints that cause a composable to move in opposite directions."",""Two constraints on the same axis applied to a single composable.""]",3,"Opposing constraints refer to having constraints on both sides of a composable along the same axis, which allows for percentage-based positioning instead of fixed distances."
34,4,What differentiates a Barrier from a Guideline in ConstraintLayout?,"[""A Barrier is fixed, while a Guideline is dynamic."",""A Barrier moves based on its reference components, while a Guideline remains fixed."",""A Barrier only works with horizontal constraints."",""A Guideline can be used as a parent container, while a Barrier cannot.""]",1,"Barriers shift position based on the dimensions of their reference components, allowing them to adapt dynamically, unlike guidelines which remain static."
34,5,What does setting a chain style to 'Packed' do?,"[""Applies a weight to each composable for size distribution."",""Centers composables along the axis."",""Distributes composables evenly along the available space."",""Packs composables together with no space between them.""]",3,"The Packed chain style gathers all composables in the chain closely together, with no gaps between them."
34,6,What happens when a composable has opposing constraints applied along an axis?,"[""It becomes invisible."",""It is positioned based on a percentage along the axis."",""Its position becomes fixed along that axis."",""Its size is automatically doubled.""]",1,"When opposing constraints are applied along an axis, the composables position is calculated as a percentage of the available space along that axis."
34,7,What is a constraint in the context of ConstraintLayout?,"[""A function used to animate composables."",""A method to set the background color of a composable."",""A rule that dictates the alignment and spacing of a composable."",""A way to replace guidelines in layout design.""]",2,"Constraints define how a composable is positioned relative to other elements, the ConstraintLayout parent, or special elements like guidelines and barriers."
34,8,What is the default behavior of a ConstraintLayout chain?,"[""To center all items in the chain."",""To evenly distribute space between all items."",""To overlap all items in the chain."",""To pack all items to one side.""]",1,"The default style for a ConstraintLayout chain is the Spread Chain, which distributes space evenly between the composables."
34,9,What is the function of a Guideline in ConstraintLayout?,"[""To add padding around composables."",""To automatically resize composables based on screen size."",""To create a scrollable area for composables."",""To define a static reference line for aligning composables.""]",3,"Guidelines provide a fixed position within the ConstraintLayout that other composables can align to, making it easier to create consistent layouts."
34,10,What is the primary purpose of ConstraintLayout in Compose?,"[""To create fixed layouts for specific screen sizes."",""To design user interfaces that adapt to different screen sizes and orientations."",""To replace Row and Column composables completely."",""To simplify the process of creating animations in Compose.""]",1,"ConstraintLayout is designed to provide flexibility in positioning and sizing composables, making it ideal for creating layouts that adjust to various screen sizes and orientations."
34,11,What is the role of a Chain in ConstraintLayout?,"[""To align composables in a circular pattern."",""To connect composables to the nearest edge of the parent."",""To create animations between different composables."",""To group composables and define their layout behavior as a unit.""]",3,"Chains allow multiple composables to be treated as a group, enabling the configuration of their spacing and alignment together."
34,12,What role does a Constraint Bias play in positioning composables?,"[""It adjusts the width of composables based on their constraints."",""It changes the visibility of a composable."",""It determines how far a composable is from one side when opposing constraints are applied."",""It scales the composable to fit within a layout.""]",2,"Constraint Bias shifts a composables position along the axis of opposing constraints, allowing finer control over its alignment."
34,13,Which Dimension setting allows a composable to occupy space defined by the constraints?,"[""Dimension.fillToConstraints"",""Dimension.preferredWrapContent"",""Dimension.value"",""Dimension.wrapContent""]",0,Dimension.fillToConstraints allows a composable to expand or contract to fill the space defined by its constraints.
34,14,Which component controls the behavior of a ConstraintLayout chain?,"[""The ConstraintLayout parent."",""The chain head composable."",""The first composable in the chain."",""The last composable in the chain.""]",1,"The chain head, which is the first composable in a horizontal or vertical chain, controls the configuration of the entire chains behavior."
34,15,Which component should you use when multiple composables need to align along an invisible line?,"[""Barrier"",""Chain"",""Constraint Bias"",""Guideline""]",3,"A Guideline creates an invisible line in the layout, which can be used to align multiple composables consistently."
34,16,Which constraint type ensures a fixed distance between a composable and its parent edge?,"[""Barrier"",""Constraint bias"",""Margin"",""Opposing constraints""]",2,"Margins set a specific distance between a composable and a parent or sibling, providing a fixed space between them."
34,17,"Which dimension setting allows a composable to be fixed to a specific size, regardless of constraints?","[""Dimension.fillToConstraints"",""Dimension.preferredValue"",""Dimension.value"",""Dimension.wrapContent""]",2,"Dimension.value sets the composables size to a specified value, ignoring any constraints applied by its parent."
34,18,Which helper component helps avoid overlapping of composables by shifting its position?,"[""Barrier"",""Chain"",""Constraint Bias"",""Guideline""]",0,"Barriers adapt their position based on the dimensions of their reference components, making them useful for avoiding overlaps."
34,19,Which of the following is NOT a chain style in ConstraintLayout?,"[""Elastic Chain"",""Packed Chain"",""Spread Chain"",""Weighted Chain""]",0,"The valid chain styles in ConstraintLayout are Spread, Spread Inside, Weighted, and Packed chains. Elastic Chain is not a recognized style."
35,0,How can the position of a composable be adjusted when using opposing constraints?,"[""By adding more opposing constraints."",""By changing the component's padding."",""By setting the composable's elevation."",""By using constraint bias.""]",3,"Constraint bias allows for adjusting the positioning of a composable when opposing constraints are applied, making it possible to shift the component along the axis."
35,1,How does Dimension.fillToConstraints affect a composable?,"[""It aligns the composable to the center of the screen."",""It allows the composable to fill the available space defined by constraints."",""It ensures that the composable is always square."",""It sets the size of the composable based on its content only.""]",1,"Dimension.fillToConstraints makes a composable fill the space between the constraints set on it, making it adaptable to layout changes."
35,2,How does the SpreadInside chain style arrange components?,"[""It aligns all components to the left side."",""It evenly distributes components across the entire parent."",""It evenly spaces components between the first and last items, leaving margins."",""It packs the components tightly together with no gaps.""]",2,"SpreadInside spaces components evenly between the first and last items in the chain, leaving margins at the ends."
35,3,How does the createEndBarrier() function work?,"[""It adjusts its position based on the end edges of the referenced components."",""It creates a barrier positioned at the start of a layout."",""It fixes the end position of all components within the layout."",""It groups multiple barriers into a single unit.""]",0,"The createEndBarrier() function positions a barrier relative to the furthest end of the referenced components, adjusting dynamically as those components change size."
35,4,How is a ConstraintLayout defined in Compose?,"[""By adding a ConstraintLayout library and using ConstraintLayout{} composable."",""By applying the arrange function to a Column composable."",""By using the Box() composable with constraints."",""By wrapping children in a LinearLayout function.""]",0,"In Compose, ConstraintLayout is defined by using the ConstraintLayout composable and adding the necessary library to the project dependencies."
35,5,What does the createGuidelineFromStart() function do?,"[""Creates a fixed distance margin for all composables."",""Creates a horizontal guideline from the top of the layout."",""Creates a vertical guideline from the start (left) of the layout."",""Generates a diagonal guideline across the layout.""]",2,The createGuidelineFromStart() function generates a vertical guideline at a specified percentage or distance from the start (left) edge of the parent.
35,6,What happens when opposing constraints are applied to a composable along the same axis?,"[""The composable is aligned to the leftmost side."",""The composable is constrained to the nearest edge."",""The composable is positioned in the center along that axis."",""The composable is removed from the layout.""]",2,"Applying opposing constraints along the same axis (e.g., start and end) causes the composable to be centered along that axis."
35,7,What is a key advantage of using ConstraintSets in ConstraintLayout?,"[""They allow for decoupling constraints, making them reusable and adaptable to different scenarios."",""They automatically apply animations to constraints."",""They make the layout components scrollable."",""They simplify applying constraints to individual composables.""]",0,"ConstraintSets make it possible to define constraints separately and reuse them, making layout management more flexible and adaptable to changes like screen orientation."
35,8,What is the default behavior of a chain in ConstraintLayout?,"[""Centered"",""Packed"",""Spread"",""SpreadInside""]",2,"The default behavior of a chain is Spread, which means that the elements in the chain are evenly distributed across the available space."
35,9,What is the effect of setting a bias of 0.0f on a constraint?,"[""The component will align completely to the start side."",""The component will be aligned to the end side."",""The component will be centered between the constraints."",""The component will be positioned randomly within the layout.""]",0,"A bias of 0.0f means that the composable will favor the start constraint, positioning it fully towards that side."
35,10,What is the main purpose of ConstraintLayout in Compose?,"[""To allow for basic stacking of composables."",""To create flexible and responsive user interface layouts."",""To ensure that composables are always aligned with the screen edges."",""To simplify the creation of animations between composables.""]",1,"ConstraintLayout is designed to manage complex layout designs that adapt to different screen sizes and orientations, offering flexibility in positioning and sizing of UI components."
35,11,What is the purpose of a guideline in ConstraintLayout?,"[""To add scroll functionality to a layout."",""To create a fixed background color for all children."",""To group components together for animation."",""To provide a reference line for aligning components.""]",3,"Guidelines are used to create reference lines within a ConstraintLayout, which can help in aligning components consistently."
35,12,What is the purpose of the constrainAs() function in ConstraintLayout?,"[""To animate the position of a composable."",""To assign a reference to a composable and define its constraints."",""To define padding for a composable."",""To wrap composables in a scrollable view.""]",1,The constrainAs() function is used to apply a reference to a composable and define how it should be constrained within the ConstraintLayout.
35,13,What is the role of margins in ConstraintLayout constraints?,"[""To animate the size changes of a composable."",""To create fixed distances between a composable and its constraint connections."",""To enable the composable to overlap other components."",""To fix the position of a composable at the center of the screen.""]",1,"Margins specify fixed distances between a composable and the element it is constrained to, ensuring a consistent spacing."
35,14,When should barriers be used in ConstraintLayout?,"[""To create a background behind components."",""To dynamically adjust constraints based on the size of other components."",""To set absolute margins for all components."",""When needing to wrap all components into a single group.""]",1,"Barriers adjust their position based on the dimensions of reference components, helping prevent overlaps by moving accordingly."
35,15,Which function creates a horizontal barrier in ConstraintLayout?,"[""createBottomBarrier()"",""createHorizontalBarrier()"",""createTopBarrier()"",""createVerticalBarrier()""]",2,The createTopBarrier() function creates a horizontal barrier that adjusts its position based on the top edges of reference components.
35,16,Which function is used to center a composable horizontally relative to its parent?,"[""alignHorizontally()"",""centerAround()"",""centerHorizontallyTo()"",""centerTo()""]",2,The centerHorizontallyTo() function is used to align a composable to the horizontal center of another component or its parent.
35,17,Which function is used to create multiple references at once for ConstraintLayout?,"[""createMultiple()"",""createRef()"",""createRefFor()"",""createRefs()""]",3,"The createRefs() function allows for creating multiple references simultaneously, making it easier to manage constraints for multiple composables."
35,18,Which function would you use to define a horizontal chain between components?,"[""constrainChain()"",""createChain()"",""createHorizontalChain()"",""linkChain()""]",2,"The createHorizontalChain() function is used to define a horizontal chain of components, making it easier to control their arrangement."
35,19,Which statement is true about the createRefFor() function?,"[""It can only be used within Row and Column layouts."",""It creates a reference for a composable within a ConstraintSet."",""It generates references for all child composables at once."",""It links the composable directly to the parent ConstraintLayout.""]",1,"The createRefFor() function is used to generate a reference for a specific composable when working with ConstraintSets, allowing constraints to be applied."
36,0,How does IntrinsicSize.Min affect a Row composable?,"[""It forces the Row to occupy the entire available space."",""It restricts the Row's width to a fixed value."",""It sets the Row's height to match the height of the shortest child."",""It sets the Row's height to match the height of the tallest child.""]",3,"When IntrinsicSize.Min is applied to a Rows height, it ensures the Row is sized to the minimum height required to fit its tallest child."
36,1,How does the width of a Text composable change when using IntrinsicSize.Min?,"[""It adjusts to the length of the longest word when there are no height restrictions."",""It becomes fixed to the width of the entire screen."",""It matches the exact width of the parent layout."",""It stretches to the maximum width of all content.""]",0,"IntrinsicSize.Min allows a Text composable to adjust to the smallest width needed, which can be determined by the length of its longest word if no height constraints exist."
36,2,What does the IntrinsicSize.Max value provide?,"[""The exact size needed to match the dimensions of the parent composable."",""The maximum width required by the widest child composable."",""The minimum height of the tallest child composable."",""The minimum width of the narrowest child composable.""]",1,IntrinsicSize.Max allows the parent to size itself based on the maximum width or height needed by its children.
36,3,What does the following code do: Column(Modifier.width(IntrinsicSize.Min))?,"[""Fixes the width of the Column regardless of its children."",""Forces the Column to expand to the maximum available space."",""Sets the Column's width to the minimum width needed to fit all children."",""Sets the Column's width to the width of its narrowest child.""]",2,IntrinsicSize.Min ensures the Columns width is based on the minimum width required to fit its children.
36,4,What happens when a Column is set with IntrinsicSize.Max for its width?,"[""The Column ignores the widths of its children and uses the parent's width."",""The Column's width becomes fixed and unresponsive to child sizes."",""The Column's width matches the width of its widest child."",""The width of the Column matches that of its narrowest child.""]",2,Using IntrinsicSize.Max with a Columns width ensures the Column is sized based on the width required by its widest child.
36,5,What is the purpose of using IntrinsicSize in Compose?,"[""To allow a composable to be measured multiple times during recomposition."",""To obtain size information about a composable's children before they are measured."",""To set fixed dimensions for all composables in a layout."",""To speed up the rendering process by avoiding intrinsic measurements.""]",1,"IntrinsicSize allows a parent to access size information about its children, such as the maximum or minimum size needed, without breaking the measure once rule of Compose."
36,6,What is the result of using IntrinsicSize.Max in a Row's height modifier?,"[""The Row ignores the height of its children."",""The Row's height becomes the average height of its children."",""The Row's height matches its shortest child."",""The Row's height matches its tallest child.""]",3,"IntrinsicSize.Max makes the Row adjust its height to match the tallest child, ensuring no child is clipped vertically."
36,7,Which IntrinsicSize setting would you use to ensure a Column's width matches its widest child?,"[""IntrinsicSize.Adaptive"",""IntrinsicSize.Fixed"",""IntrinsicSize.Max"",""IntrinsicSize.Min""]",2,IntrinsicSize.Max is used when the parent needs to adjust its size to accommodate the maximum width of its children.
36,8,Which of the following describes a situation where IntrinsicSize might be useful?,"[""A child composable requires a fixed size at all times."",""A parent layout is expected to ignore the size of its children."",""A parent layout needs to occupy all available space."",""A parent layout's size must match the size of a dynamic child.""]",3,IntrinsicSize is useful when a parent layout needs to adapt its size to match the dynamic sizing requirements of its children.
36,9,Why does Compose limit composables to a single measurement during recomposition?,"[""To ensure components are measured accurately."",""To maintain a fixed size for all composables."",""To minimize memory usage during layout rendering."",""To speed up rendering by avoiding multiple measurements.""]",3,"By limiting each composable to a single measurement, Compose optimizes the rendering process, making it faster and more efficient."
36,10,Why is IntrinsicSize useful when dealing with dynamic size changes?,"[""It allows layouts to adapt to the changing size needs of their children."",""It forces all children to have the same size."",""It only works with fixed-size components."",""It prevents composables from resizing.""]",0,"IntrinsicSize enables a parent layout to adjust its size dynamically based on the size changes of its children, making it ideal for dynamic layouts."
37,0,How does the coroutineScope builder differ from supervisorScope?,"[""coroutineScope cancels all child coroutines if one fails, while supervisorScope does not."",""coroutineScope does not support suspend functions."",""coroutineScope is used for legacy code integration."",""supervisorScope is only used for testing.""]",0,"In coroutineScope, if any child coroutine fails, all other coroutines are canceled. In supervisorScope, a failure in one child does not affect the others."
37,1,What happens if a coroutine fails in a coroutineScope but not in a supervisorScope?,"[""Both coroutineScope and supervisorScope will allow the parent coroutine to continue running."",""In both cases, all other child coroutines are canceled."",""In coroutineScope, all other child coroutines are canceled, but in supervisorScope, other coroutines continue to run."",""In supervisorScope, all other child coroutines are canceled, but in coroutineScope, they continue running.""]",2,"In coroutineScope, a failure in one coroutine leads to the cancellation of all others in the scope. In contrast, supervisorScope allows other child coroutines to continue running even if one fails, making it useful when some coroutines are expected to fail."
37,2,What happens if a coroutine launched in a LaunchedEffect changes one of its key parameters?,"[""The coroutine is paused until the key parameter changes again."",""The coroutine is permanently stopped."",""The existing coroutine continues with the updated parameter."",""The existing coroutine is canceled and a new one is launched.""]",3,"In LaunchedEffect, if a key parameter changes, the existing coroutine is canceled and a new one is launched with the updated key, ensuring the coroutine behavior matches the new state."
37,3,What happens when a coroutine reaches a suspend point?,"[""It blocks the main thread."",""It immediately resumes the next coroutine in the queue."",""It is paused until the condition is met."",""It releases the thread it was running on and resumes later.""]",3,"At a suspend point, a coroutine is suspended and releases the thread, allowing other coroutines to run until it can be resumed."
37,4,What is a Job in Kotlin coroutines?,"[""A background thread manager."",""A dispatcher for running coroutines."",""A function that blocks the main thread."",""A way to cancel and manage coroutines.""]",3,"A Job represents a cancellable coroutine and allows tracking its lifecycle, including canceling it or checking its status."
37,5,What is a potential consequence of using GlobalScope in an Android app?,"[""Coroutines in GlobalScope may continue running even after the related activity or fragment is destroyed."",""Coroutines in GlobalScope will always run on the main thread."",""GlobalScope automatically manages coroutine cancellations based on lifecycle events."",""GlobalScope is the most memory-efficient way to run coroutines.""]",0,"Using GlobalScope is risky because coroutines tied to it are not automatically canceled with lifecycle changes, which can lead to coroutines running longer than needed and causing memory leaks."
37,6,What is structured concurrency in Kotlin?,"[""A mechanism for parallel execution of coroutines."",""A method for blocking coroutine execution."",""A model where coroutines are organized into a structured hierarchy."",""A way to schedule threads more efficiently.""]",2,"Structured concurrency ensures that coroutines are organized into a parent-child hierarchy, making it easier to manage their lifecycles and preventing leaks."
37,7,What is the behavior of the delay() function inside a coroutine?,"[""It blocks the thread until the delay is over."",""It restarts the coroutine after the delay."",""It suspends the coroutine, allowing the thread to be used by other coroutines."",""It terminates the coroutine after the delay.""]",2,"The delay() function suspends the coroutine for the specified time without blocking the thread, making the thread available for other coroutines during the delay."
37,8,What is the function of the rememberCoroutineScope() in Jetpack Compose?,"[""It creates a new coroutine scope for the entire application."",""It manages the lifecycle of the main thread."",""It pauses all active coroutines in the current scope."",""It provides a coroutine scope tied to the composition lifecycle.""]",3,"rememberCoroutineScope() creates a coroutine scope that is tied to the composition lifecycle, making it a suitable way to launch coroutines within composables."
37,9,What is the main difference between LaunchedEffect and SideEffect in Jetpack Compose?,"[""LaunchedEffect is executed after composition, while SideEffect is executed during composition."",""LaunchedEffect is executed during composition, while SideEffect is executed after composition."",""LaunchedEffect is for UI updates only, while SideEffect is for network calls."",""LaunchedEffect relaunches based on key changes, while SideEffect executes on every recomposition.""]",3,"LaunchedEffect is aware of the lifecycle and relaunches if any key parameter changes, while SideEffect executes after every recomposition of the parent composable."
37,10,What is the primary purpose of the main thread in an Android application?,"[""To handle network requests."",""To handle user interface interactions and event handling."",""To manage database operations."",""To perform background data processing.""]",1,"The main thread in an Android application manages the user interface, handling events and interactions with UI components. Running time-consuming tasks on the main thread can cause the UI to freeze."
37,11,What is the purpose of the LaunchedEffect composable in Jetpack Compose?,"[""To automatically update state variables."",""To delay UI rendering."",""To launch a coroutine that is aware of the composable's lifecycle."",""To modify UI components directly.""]",2,"LaunchedEffect allows launching a coroutine that is aware of the lifecycle of the composable, ensuring the coroutine is canceled when the composable leaves the composition."
37,12,What is the purpose of the async coroutine builder?,"[""To block the main thread until the coroutine finishes."",""To launch a coroutine and allow the caller to await a result."",""To launch a coroutine without returning a result."",""To manage the cancellation of child coroutines.""]",1,"The async builder starts a coroutine that can return a result, which the caller can wait for using the await() function."
37,13,What is the purpose of the cancelAndJoin() method in coroutines?,"[""To cancel a coroutine and continue without waiting."",""To cancel a coroutine and wait for its completion."",""To restart a canceled coroutine."",""To wait for the completion of all child coroutines without canceling them.""]",1,"The cancelAndJoin() method cancels the coroutine and then suspends until the cancellation is complete, ensuring that cleanup is done properly."
37,14,What is the role of the CoroutineScope in Kotlin?,"[""To define where a coroutine can be launched."",""To manage thread creation for coroutines."",""To schedule network requests in coroutines."",""To specify the priority of a coroutine.""]",0,"CoroutineScope is used to manage coroutines by grouping them together, making it easier to cancel and control their lifecycle, ensuring that coroutines do not continue running when they are no longer needed."
37,15,What is the role of the rememberCoroutineScope() function in Jetpack Compose?,"[""It allows the suspension of a coroutine without launching it."",""It cancels all active coroutines immediately."",""It creates a new coroutine scope that is automatically tied to the lifecycle of the composable."",""It ensures that coroutines run only on the main thread.""]",2,"rememberCoroutineScope() creates a coroutine scope that is tied to the lifecycle of the composable, ensuring that any launched coroutines are automatically canceled when the composable leaves the composition."
37,16,What keyword is used to define a function that can be paused and resumed later in Kotlin?,"[""async"",""await"",""launch"",""suspend""]",3,"The suspend keyword is used to declare functions that can be suspended and resumed, allowing them to perform long-running tasks without blocking the main thread."
37,17,When should the runBlocking coroutine builder be used?,"[""For integrating legacy code that requires blocking behavior."",""For launching coroutines in production apps."",""For managing network requests asynchronously."",""For performing UI updates in Jetpack Compose.""]",0,runBlocking is typically used for testing or integrating with legacy code that requires blocking behavior. It should be avoided in most other scenarios.
37,18,Which coroutine builder is most suitable when multiple coroutines need to be launched in parallel with a result returned to the caller?,"[""async"",""launch"",""supervisorScope"",""withContext""]",0,"The async builder allows multiple coroutines to be launched in parallel and supports returning a result using the await() function, making it ideal for concurrent tasks with results."
37,19,Which coroutine builder is suitable for switching the context of a coroutine?,"[""async"",""launch"",""supervisorScope"",""withContext""]",3,"withContext allows a coroutine to switch to a different context, such as changing from a background thread to the main thread."
37,20,Which coroutine builder should be used for 'fire and forget' operations?,"[""async"",""launch"",""runBlocking"",""withContext""]",1,"The launch builder is used for fire and forget coroutines where the result is not needed, allowing asynchronous execution without blocking."
37,21,Which coroutine dispatcher is suitable for performing disk or network operations?,"[""Dispatchers.Default"",""Dispatchers.IO"",""Dispatchers.Main"",""Dispatchers.Unconfined""]",1,"Dispatchers.IO is designed for I/O operations such as reading from disk or making network requests, allowing these tasks to run on a background thread."
37,22,Which coroutine dispatcher should be used for tasks such as network requests or file reading?,"[""Dispatchers.Default"",""Dispatchers.IO"",""Dispatchers.Main"",""Dispatchers.Unconfined""]",1,"Dispatchers.IO is optimized for input-output tasks like network requests and file operations, allowing these tasks to be executed on a background thread without blocking the main thread."
37,23,Which coroutine scope is automatically canceled when a ViewModel instance is destroyed?,"[""CoroutineScope"",""GlobalScope"",""LifecycleScope"",""ViewModelScope""]",3,"ViewModelScope is designed to be used with ViewModel instances, ensuring that any coroutines launched within it are canceled when the ViewModel is destroyed."
37,24,Which dispatcher is typically used for performing lightweight tasks and updating the UI?,"[""Dispatchers.Default"",""Dispatchers.IO"",""Dispatchers.Main"",""Dispatchers.Unconfined""]",2,"Dispatchers.Main is used for UI updates and lightweight tasks as it operates on the main thread, ensuring the user interface remains responsive."
37,25,Which method is used to cancel all running coroutines in a coroutine scope?,"[""await()"",""cancel()"",""join()"",""stop()""]",1,The cancel() method of a CoroutineScope is used to cancel all coroutines running within that scope.
37,26,Why are coroutines considered more efficient than traditional multi-threading?,"[""Because they allow only a single coroutine to run at a time."",""Because they do not use CPU resources."",""Because they eliminate the need for threads entirely."",""Because they manage and schedule threads more efficiently.""]",3,"Coroutines use a thread pool to efficiently manage and schedule tasks, avoiding the overhead of creating and destroying threads repeatedly, which makes them more resource-efficient than traditional multi-threading."
37,27,Why is GlobalScope not recommended for use in Android apps?,"[""Because it does not support coroutine cancellation."",""Because it does not support suspend functions."",""Because it is too complex to use."",""Because it ties coroutines to the entire application lifecycle, leading to potential memory leaks.""]",3,"GlobalScope is tied to the entire application lifecycle, making it possible for coroutines to continue running even when they are no longer needed, leading to memory leaks."
37,28,Why is it important to use structured concurrency in Kotlin?,"[""To create a complex thread management system."",""To ensure that all coroutines run on the main thread."",""To improve the readability of the UI code."",""To prevent coroutines from leaking and running longer than required.""]",3,"Structured concurrency in Kotlin ensures that coroutines are properly canceled when they are no longer needed, reducing the risk of memory leaks and unintended background execution."
37,29,Why is runBlocking generally not recommended for use in Android apps?,"[""It automatically cancels all coroutines upon completion."",""It blocks the current thread until the coroutine completes, potentially causing UI freezes."",""It is not compatible with suspend functions."",""It launches coroutines on the main thread.""]",1,"runBlocking is mainly used for testing or integrating legacy code because it blocks the current thread until the coroutine completes. This can cause UI freezing and is generally unsuitable for Android apps, which aim to keep the UI responsive."
38,0,How is horizontal scrolling enabled for a Row composable?,"[""By applying verticalScroll() to the Row."",""By using a nested Column composable."",""By using the animateScrollToItem() method."",""By using the horizontalScroll() modifier.""]",3,"The horizontalScroll() modifier enables horizontal scrolling in a Row, allowing the user to scroll through items horizontally."
38,1,What does the maxValue property of ScrollState represent?,"[""The current scroll position."",""The height of the list."",""The maximum pixel position that can be scrolled to."",""The number of items in the list.""]",2,"The maxValue property of ScrollState indicates the maximum scroll position in pixels, which helps determine the end of the scrollable area."
38,2,What is the purpose of the Column composable in Jetpack Compose?,"[""To create a horizontal list of items."",""To create a vertical list of items."",""To define a scrolling behavior."",""To enable animation in a list.""]",1,"The Column composable is used to arrange items vertically, making it suitable for creating vertical lists of elements."
38,3,What is the purpose of the animateScrollTo() function in the context of a Column list?,"[""To add new items to the list."",""To change the color of list items."",""To instantly scroll to a specific position in the list."",""To scroll to a specific position with smooth animation.""]",3,"The animateScrollTo() function allows smooth scrolling to a specified pixel position within a list, providing a better user experience."
38,4,What is the purpose of using the padding() modifier on the Text component in the Column list?,"[""To change the text color."",""To create spacing around each list item."",""To enable scrolling in the list."",""To set the font size of the text.""]",1,"The padding() modifier is used to add space around each Text component, improving readability by preventing the items from being too close together."
38,5,What is the result of using Modifier.weight() in a Row with Buttons?,"[""It adjusts the padding of each Button."",""It aligns the Buttons to the right of the Row."",""It makes each Button occupy the same space within the Row."",""It sets the height of the Buttons.""]",2,Using Modifier.weight() ensures that each Button shares the available space evenly within the Row.
38,6,What is the role of the repeat() function in the ColumnList composable?,"[""To apply a theme to the list."",""To generate multiple items within the Column."",""To repeat the entire composable multiple times."",""To scroll through the list automatically.""]",1,The repeat() function is used to generate a specified number of items in the list by repeating the given composable content.
38,7,Which method is used to enable vertical scrolling in a Column composable?,"[""animateScrollTo()"",""horizontalScroll()"",""scrollToItem()"",""verticalScroll()""]",3,"The verticalScroll() modifier is applied to a Column composable to enable vertical scrolling, allowing users to scroll through the list."
38,8,Why are coroutine scopes used in the context of scrolling in Compose?,"[""To launch asynchronous scrolling tasks."",""To manage list items."",""To remember the UI state."",""To set the dimensions of the list.""]",0,Coroutine scopes are needed to launch asynchronous tasks like programmatic scrolling without blocking the main thread.
38,9,Why is the rememberScrollState() function used in Compose?,"[""To add a new composable."",""To animate a list's appearance."",""To keep track of the scroll position in a Column or Row."",""To remember the size of a composable.""]",2,"The rememberScrollState() function creates a ScrollState that helps to remember the current scroll position, allowing smooth scrolling behavior."
38,10,Why might you use a Row-based list instead of a Column-based list?,"[""To display items in a vertical format."",""To enable fast scrolling for large data sets."",""To optimize the use of vertical space."",""To present items horizontally when the content is better suited to a horizontal layout.""]",3,"Row-based lists are used to arrange items horizontally, making them suitable for cases where content needs to be displayed side-by-side."
40,0,What is the main advantage of using LazyColumn and LazyRow over standard Column and Row for lists in Compose?,"[""They allow for more complex layouts."",""They are more efficient when displaying large lists."",""They provide better styling options."",""They support sticky headers by default.""]",1,"LazyColumn and LazyRow are specifically designed to handle large lists efficiently by creating only the items that are visible on the screen, thus saving memory and improving performance."
40,1,What is the purpose of the 'LazyListScope' in Compose?,"[""To define custom animations for list items."",""To manage list items and headers in LazyColumn and LazyRow."",""To provide scroll states for lazy lists."",""To store the state of LazyColumn layouts.""]",1,LazyListScope is used in Compose to add items and manage the structure of lazy lists like LazyColumn and LazyRow.
40,2,What is the purpose of the 'items()' function in the context of LazyColumn?,"[""To add a scroll state to the LazyColumn."",""To add a single header to a list."",""To define padding and spacing between list items."",""To iterate over a collection and create a list item for each element.""]",3,"The items() function is used in LazyColumn to loop through a collection, such as an array, and create a composable for each item."
40,3,What is the purpose of the Coil library in this project?,"[""To create custom composables."",""To download and display images efficiently."",""To manage XML resources."",""To manage app navigation.""]",1,"The Coil library is used to handle image downloading and rendering, offering an efficient way to display images from a URL."
40,4,What method is used in this tutorial to animate scrolling to the bottom of a LazyColumn?,"[""animateScrollTo()"",""animateScrollToItem()"",""scrollToEnd()"",""scrollToPosition()""]",0,The animateScrollTo() method is used to smoothly scroll to a specific position in a list using a given pixel value.
40,5,What parameter is required by LazyColumn's 'items()' function?,"[""A layout modifier"",""A list of composables"",""A list or array of data items"",""A scroll state""]",2,"The items() function of LazyColumn requires a list or array of data items to iterate through, creating a composable for each item."
40,6,Which function is used to retrieve an XML string array in Android?,"[""getResources()"",""getStringArray()"",""loadStringResource()"",""readXMLArray()""]",1,The getStringArray() method of the Android resources instance is used to retrieve an array of strings defined in an XML resource file.
40,7,Which of the following is true about the 'LazyColumn' composable?,"[""It cannot display images within its items."",""It only renders items that are visible on the screen."",""It renders all list items at once for better performance."",""It supports vertical scrolling by default but not horizontal scrolling.""]",1,"LazyColumn only renders the items that are currently visible, making it suitable for displaying large lists without performance issues."
40,8,Why is rememberCoroutineScope() used in the context of the LazyColumn project?,"[""To cache images for the list items."",""To launch coroutine-based actions for animations."",""To remember the position of the scroll state."",""To store the state of the list items.""]",1,"The rememberCoroutineScope() function is used to launch coroutine actions, such as animations, that need to be performed outside the main thread."
41,0,How does the layout behave on narrow screens like phones in portrait orientation?,"[""Displays panes as separate screens navigated sequentially"",""Shows all three panes stacked vertically"",""Shows only the list pane"",""Uses a horizontal scrolling layout""]",0,"On narrow screens, it presents one pane at a time with navigation between them."
41,1,How is the scaffold navigator typically created?,"[""Through new NavigationHandler()"",""Using rememberPaneNavigator()"",""Via rememberListDetailPaneScaffoldNavigator()"",""With createScaffoldManager()""]",2,This function creates and remembers the navigator instance with proper state preservation.
41,2,What does PopUntilScaffoldValueChange do?,"[""Goes back to the app's main screen"",""Navigates through all content changes"",""Pops every screen until the list appears"",""Returns to the last layout change""]",3,It navigates back until reaching a point where the pane arrangement changed.
41,3,What happens to the list pane when the extra pane is displayed in multi-pane mode?,"[""It gets hidden"",""It moves to a floating overlay"",""It remains visible but dimmed"",""It shrinks to a small preview""]",0,The scaffold only shows two panes at once in multi-pane mode.
41,4,What happens to the scaffold layout in foldable device mode when folded?,"[""It converts to single-pane navigation"",""It gets cleared"",""It maintains all entries"",""It pauses until unfolded""]",0,Folding the device makes it behave like a phone in portrait orientation.
41,5,What is responsible for managing navigation between panes?,"[""The LayoutManager class"",""The NavigationComponent"",""The PaneController interface"",""The ThreePaneScaffoldNavigator""]",3,This interface handles navigation state and restoration across configuration changes.
41,6,What is the primary purpose of the NavigableListDetailPaneScaffold composable?,"[""To create fixed two-column layouts"",""To handle database operations"",""To implement responsive list-detail interfaces that adapt to screen size"",""To replace traditional RecyclerView implementations""]",2,This composable automatically adjusts between single-pane and multi-pane layouts based on available screen space.
41,7,What is the purpose of wrapping panes in AnimatedPane?,"[""To add swipe gestures"",""To enable transition animations"",""To implement parallax effects"",""To improve rendering performance""]",1,AnimatedPane provides smooth transitions when navigating between pane states.
41,8,What is the simplest backward navigation behavior?,"[""PopAll"",""PopLatest"",""PopUntilRoot"",""PopUntilVisible""]",1,It simply removes the current destination without considering content or layout changes.
41,9,What must be done before calling navigateTo() since it's a suspend function?,"[""Annotate with @UiThread"",""Mark the calling function as async"",""Run it within a coroutine scope"",""Wrap it in a try-catch block""]",2,"Suspend functions require coroutine contexts, typically using rememberCoroutineScope()."
41,10,Which build configuration change is needed to implement list-detail navigation?,"[""Adding the adaptive-navigation library"",""Enabling experimental compose features"",""Including the navigation-fragment dependency"",""Upgrading to the latest Material Design version""]",0,The androidx.compose.material3.adaptive:adaptive-navigation dependency was required.
41,11,Which method is used to navigate between panes?,"[""displayContent()"",""navigateTo()"",""showPane()"",""switchToPane()""]",1,The navigators navigateTo() method accepts a destination role and content key.
41,12,Which property controls backward navigation behavior?,"[""backStackMode"",""defaultBackBehavior"",""navigationStrategy"",""paneTransitionStyle""]",1,This property accepts BackNavigationBehavior enum values.
41,13,Which property holds the currently displayed content?,"[""activeContent"",""currentDestination"",""currentPane"",""visibleItem""]",1,The navigators currentDestination provides access to the currently displayed pane content.
41,14,Which testing method best demonstrates the adaptive behavior?,"[""Multiple device testing"",""Resizable emulator"",""Screen recording analysis"",""Unit tests""]",1,A resizable emulator can dynamically show layout changes across form factors.
42,0,How is the coroutineScope used when handling scroll actions in this tutorial?,"[""To block the main thread."",""To delay UI updates."",""To launch scroll actions asynchronously."",""To stop the scrolling animation.""]",2,"The coroutineScope is used to launch asynchronous actions, such as scrolling the LazyColumn to a specific position without blocking the main UI thread."
42,1,What does the PaddingValues parameter do in a LazyColumn?,"[""Adds padding to the content of the list."",""Adjusts the spacing between list items."",""Aligns list items to the center."",""Sets margins for the entire list.""]",0,"The PaddingValues parameter is used to add padding to the content of the LazyColumn, providing space around the lists content, such as padding at the bottom for the scroll-to-top button."
42,2,What does the scrollToItem function do?,"[""Animates the scrolling to the top of the list."",""Instantly scrolls to a specified item index."",""Instantly scrolls to a specified pixel position."",""Scrolls the list horizontally.""]",1,The scrollToItem function is used to immediately scroll to a specific item in a LazyColumn or LazyRow based on its index.
42,3,What does the stickyHeader function do in a LazyColumn?,"[""Adds a shadow effect to list items."",""Displays a header that stays visible while its group scrolls."",""Optimizes the performance of scrolling."",""Prevents items from being recycled.""]",1,"The stickyHeader function creates headers that remain fixed at the top of the screen while the user scrolls through the items in that group, improving the user interface."
42,4,What happens when the AnimatedVisibility composable is used?,"[""It animates the showing and hiding of a component."",""It changes the background color of a component."",""It hides a component permanently."",""It scrolls the list automatically.""]",0,"AnimatedVisibility is used to smoothly animate the appearance and disappearance of its child components, providing a better user experience when showing or hiding elements like the scroll-to-top button."
42,5,What is the function of the fillMaxWidth() modifier in the sticky header?,"[""To adjust the text alignment within the header."",""To make the header occupy the full width of the screen."",""To make the header scroll horizontally."",""To restrict the width of the header.""]",1,"The fillMaxWidth() modifier ensures that the sticky header spans the entire width of the screen, making it align properly with the list items."
42,6,What is the primary purpose of using the groupBy() function in the LazyColumn?,"[""To divide the list into smaller arrays."",""To filter out certain list items."",""To group items by a common selector for sticky headers."",""To sort the items alphabetically.""]",2,"The groupBy() function is used to organize list items into groups based on a common selector, such as the manufacturer name, allowing the addition of sticky headers for each group in the LazyColumn."
42,7,What is the purpose of the derivedStateOf function in this context?,"[""To calculate a state based on changes in another state."",""To create a new list state."",""To manage item clicks."",""To optimize the rendering of images.""]",0,"The derivedStateOf function is used to derive a new state based on changes in another state, such as determining when the scroll position passes a certain threshold."
42,8,What modifier is used to add bottom padding to the LazyColumn?,"[""contentPadding"",""padding()"",""paddingBottom()"",""verticalPadding""]",0,"The contentPadding parameter is used with LazyColumn to add padding around the content, such as providing extra space at the bottom for the scroll-to-top button."
42,9,Which element is responsible for adjusting the visibility of the scroll button?,"[""AnimatedVisibility"",""LazyListScope"",""Row"",""ScrollState""]",0,"AnimatedVisibility is used to show or hide the scroll-to-top button based on the derived scroll state, ensuring that it only appears when the user has scrolled beyond a specified index."
42,10,Which function is used to detect the scroll position of a LazyColumn?,"[""getScrollPosition()"",""getScrollState()"",""listState.firstVisibleItemIndex"",""scrollOffset()""]",2,"The listState.firstVisibleItemIndex property of LazyListState helps to identify the index of the first visible item in the LazyColumn, making it possible to react to the scroll position."
42,11,Which function is used to launch the scroll-to-top action in a coroutine?,"[""animateScrollTo()"",""launchAsync()"",""launchScroll()"",""scrollToItem()""]",3,"The scrollToItem() function is used within a coroutine scope to scroll to a specified item in the LazyColumn, allowing smooth user experience when using the scroll-to-top button."
42,12,Which parameter is used to specify the text displayed in a sticky header?,"[""color"",""content"",""label"",""text""]",3,"The text parameter is used to specify the text content displayed within the Text composable, such as the manufacturers name in the sticky header."
42,13,Why is the padding() modifier used for the scroll-to-top button?,"[""To add space around the button."",""To adjust the text alignment."",""To change the button color."",""To change the button size.""]",0,"The padding() modifier adds space around the scroll-to-top button, ensuring it is not placed too close to other UI elements."
43,0,How do you adjust the space between rows in a LazyHorizontalStaggeredGrid?,"[""Using 'horizontalItemSpacing'."",""Using 'itemPadding'."",""Using 'rowSpacing'."",""Using 'verticalItemSpacing'.""]",3,verticalItemSpacing controls the space between rows in a LazyHorizontalStaggeredGrid.
43,1,How is scrolling behavior enabled in a staggered grid?,"[""By adding the scrollEnabled property."",""By using the enableScroll() function."",""By wrapping the grid in a ScrollableBox."",""Scrolling is enabled by default in LazyVerticalStaggeredGrid.""]",3,Scrolling is a built-in behavior for LazyVerticalStaggeredGrid and does not require additional configuration.
43,2,What does the 'clip' function do when applied to a Box in a staggered grid?,"[""Adds a border to the Box."",""Adds a shadow effect to the Box."",""Changes the color of the Box."",""Rounds the corners of the Box.""]",3,"The clip function is used with a shape (e.g., RoundedCornerShape) to round the corners of the Box in the grid."
43,3,What does the 'fillMaxSize()' modifier do when applied to a LazyVerticalStaggeredGrid?,"[""Aligns the grid items to the left."",""Disables scrolling in the grid."",""Fills the grid to the full size of its parent container."",""Restricts the grid size to fit its content only.""]",2,The fillMaxSize() modifier makes the LazyVerticalStaggeredGrid fill all available space within its parent container.
43,4,What does the contentPadding parameter do in LazyVerticalStaggeredGrid?,"[""Defines the alignment of grid items within each column."",""Determines the scroll behavior of the grid."",""Sets the padding between individual grid items."",""Specifies the space around the entire grid content.""]",3,"The contentPadding parameter is used to set padding around the edges of the grids content, providing space around the entire layout."
43,5,What happens when you switch from LazyVerticalStaggeredGrid to LazyHorizontalStaggeredGrid?,"[""The grid layout changes from vertical to horizontal."",""The grid starts displaying only one row."",""The items become non-scrollable."",""The spacing between items is automatically doubled.""]",0,"Switching to LazyHorizontalStaggeredGrid makes the layout scroll horizontally, arranging items in rows instead of columns."
43,6,What is the difference between fixed and adaptive modes in LazyVerticalStaggeredGrid?,"[""Fixed mode calculates the number of columns based on screen size, while adaptive mode uses a set number of columns."",""Fixed mode is only for horizontal grids, while adaptive mode is for vertical grids."",""Fixed mode requires items to be of the same size, while adaptive mode allows different sizes."",""Fixed mode uses a set number of columns, while adaptive mode calculates columns based on available space.""]",3,"In fixed mode, the grid has a predefined number of columns. Adaptive mode adjusts the number of columns based on the available space and a minimum item size."
43,7,What is the effect of setting the 'columns' parameter to StaggeredGridCells.Fixed(3) in a LazyVerticalStaggeredGrid?,"[""It allows the grid to adapt the number of columns based on screen size."",""It creates 3 fixed columns in the grid."",""It creates 3 rows in the grid."",""It limits the grid to display 3 items.""]",1,Setting columns to StaggeredGridCells.Fixed(3) configures the grid to have 3 columns of fixed width.
43,8,What is the main purpose of using LazyVerticalStaggeredGrid in Jetpack Compose?,"[""To arrange items in a standard vertical list."",""To create horizontally scrolling lists."",""To display grid items of varying sizes in a vertical layout."",""To display items in a fixed-size vertical grid layout.""]",2,"LazyVerticalStaggeredGrid is designed to handle grids with items of differing heights, providing a more flexible layout than standard grids where all cells are the same size."
43,9,Which function is used to iterate over the list of grid items inside a LazyVerticalStaggeredGrid?,"[""forEach()"",""items()"",""map()"",""repeat()""]",1,The items() function is used to iterate over a list and display each item in the grid.
43,10,Which method is used to control spacing between grid items in LazyVerticalStaggeredGrid?,"[""gridPadding"",""itemSpacing"",""spacingBetweenItems"",""verticalItemSpacing""]",3,The verticalItemSpacing parameter is used to set the space between items in a vertical staggered grid.
43,11,Which modifier is used to make each grid item fill the available width in the staggered grid?,"[""fillMaxWidth()"",""fillWidth()"",""fitToWidth()"",""wrapContentWidth()""]",0,The fillMaxWidth() modifier ensures that each grid item takes up the full width of its parent container within the grid.
43,12,Which of the following is true about LazyHorizontalStaggeredGrid?,"[""It arranges items in horizontal rows and supports different heights for each row."",""It arranges items in vertical rows."",""It is used for creating vertically scrolling staggered grids."",""It requires all items to have the same width.""]",0,LazyHorizontalStaggeredGrid allows for horizontally scrolling grids where each row can contain items of varying heights.
43,13,Which parameter can be set to 'false' to disable user scrolling in a LazyVerticalStaggeredGrid?,"[""disableScroll"",""isScrollable"",""scrollEnabled"",""userScrollEnabled""]",3,The userScrollEnabled parameter controls whether users can scroll the content of a LazyVerticalStaggeredGrid.
43,14,Which parameter is used to specify the number of columns in a LazyVerticalStaggeredGrid?,"[""columns"",""gridSize"",""orientation"",""rows""]",0,"The columns parameter determines how many columns the grid will contain, either in fixed or adaptive mode."
44,0,How can you enable or disable user scrolling in a pager?,"[""By adjusting the state property."",""By setting the modifier parameter."",""Through the pageContent lambda."",""Using the userScrollEnabled property.""]",3,The userScrollEnabled property can be set to true or false to allow or prevent users from manually scrolling through pages.
44,1,How can you specify the number of pages in a pager?,"[""By declaring the number of pages in the pageSize property."",""By passing the number of pages to the rememberPagerState function."",""By setting the pageCount property directly on the pager."",""By using the size parameter in the VerticalPager or HorizontalPager.""]",1,The rememberPagerState function is used to specify the number of pages for the pager by passing it as a parameter.
44,2,How do you define a fixed number of columns in a VerticalPager?,"[""By defining a fixed width for each page."",""By setting the horizontalArrangement property."",""Using the columnCount property."",""With the columns parameter set to StaggeredGridCells.Fixed.""]",1,"In a VerticalPager, horizontalArrangement is used to adjust the arrangement of items within the pages."
44,3,How do you determine if a pager is currently scrolling?,"[""By checking the size of the pageContent lambda."",""Through the onScrollChanged() method."",""Using the isScrollInProgress property of pagerState."",""With the userScrollEnabled property set to false.""]",2,The isScrollInProgress property of pagerState indicates whether the pager is actively scrolling between pages.
44,4,What does the 'beyondBoundsPageCount' property control?,"[""The height of each page in a VerticalPager."",""The number of pages loaded outside the visible bounds."",""The scroll speed between pages."",""The total number of pages in the pager.""]",1,"beyondBoundsPageCount specifies how many additional pages are kept in memory outside the currently visible bounds, which helps in smoother scrolling."
44,5,What does the 'reverseLayout' property do in a pager?,"[""Disables user interactions with the pager."",""Displays pages in the opposite direction."",""Inverts the colors of each page."",""Reverses the order of page numbers.""]",1,"The reverseLayout property changes the direction in which pages are displayed, showing them in reverse order."
44,6,What is the function of the 'scrollToPage()' method in pager state?,"[""It adjusts the scroll speed of the pager."",""It changes the page size dynamically."",""It scrolls to a specific page instantly without animation."",""It scrolls to a specific page with animation.""]",2,"The scrollToPage() method scrolls to the target page without any animation effect, making it an immediate transition."
44,7,What is the primary purpose of the VerticalPager and HorizontalPager composables in Jetpack Compose?,"[""To create complex nested layouts with multiple columns."",""To display lists of data with infinite scrolling."",""To enable paging through content using swipe gestures."",""To manage asynchronous data loading.""]",2,The VerticalPager and HorizontalPager composables are used to create layouts where users can navigate through pages by swiping horizontally or vertically.
44,8,What is the purpose of the 'pageContent' lambda in the pager composables?,"[""It controls the scroll behavior between pages."",""It defines the content to be displayed on each page."",""It determines the animation speed of page transitions."",""It sets the size of each page.""]",1,The pageContent lambda is used to define what each page will display in the VerticalPager or HorizontalPager.
44,9,What is the purpose of the modifier parameter in the VerticalPager or HorizontalPager composables?,"[""It adjusts the page transition speed."",""It defines the scrolling direction of the pager."",""It is used to modify the appearance and layout of the pager."",""It sets the number of pages displayed simultaneously.""]",2,"The modifier parameter is used to customize the appearance and layout of the pager, such as setting its size or padding."
44,10,What is the role of the 'key' parameter in a pager?,"[""It defines the data type used in each page."",""It determines the animation style for page transitions."",""It helps Compose track page changes efficiently."",""It sets the default page size for the pager.""]",2,"The key parameter is used to help Compose identify each page, making it more efficient when content changes."
44,11,What method should be used to navigate to a specific page with an animated transition?,"[""animateScrollToPage()"",""scrollToPage()"",""scrollToPosition()"",""snapToPage()""]",0,The animateScrollToPage() method is used to navigate to a specific page with a smooth animation.
44,12,What type of alignment is used in a VerticalPager for horizontal content alignment?,"[""alignContent"",""centerAlignment"",""horizontalAlignment"",""verticalAlignment""]",2,The horizontalAlignment property in a VerticalPager is used to align content horizontally within each page.
44,13,"When using animateScrollToPage(), from where should it be called?","[""Directly in the Composable function."",""From the onCreate() method of an Activity."",""From within a coroutine."",""In the XML layout file.""]",2,animateScrollToPage() is a suspend function and must be called from within a coroutine using a coroutine scope.
44,14,Which alignment is used to center content vertically in a HorizontalPager?,"[""centerAlignment"",""gravityAlignment"",""horizontalAlignment"",""verticalAlignment""]",3,"In a HorizontalPager, verticalAlignment is used to align content vertically within each page."
44,15,Which method is recommended for creating a coroutine scope in Compose?,"[""CoroutineScopeProvider"",""createCoroutineScope()"",""launchNewScope()"",""rememberCoroutineScope()""]",3,The rememberCoroutineScope() function is the recommended way to create a coroutine scope in Compose for launching coroutine actions.
44,16,Which of the following is a valid use of pagerState?,"[""Adjusting the font size of Text composables."",""Controlling the alignment of items within a Row."",""Defining the background color of a Button."",""Determining the current page number in a pager.""]",3,"pagerState provides information about the pager, including the current page number through properties like currentPage."
44,17,Which of the following is required to display a book cover in a HorizontalPager?,"[""A RecyclerView with a custom adapter."",""A drawable resource and an Image composable."",""An XML layout file for each book cover."",""An XML vector graphic for each image.""]",1,"To display images like book covers in a pager, you need drawable resources and an Image composable to render each image."
44,18,Which of the following statements is true about the VerticalPager composable?,"[""It allows paging only in the horizontal direction."",""It displays content that users can scroll vertically."",""It does not support programmatic scrolling."",""It requires an XML layout to function.""]",1,The VerticalPager composable is designed to display pages that users can navigate by scrolling vertically.
44,19,Which property is mandatory when using VerticalPager or HorizontalPager composables?,"[""modifier"",""pageSize"",""state"",""userScrollEnabled""]",2,"The state property is mandatory when using VerticalPager or HorizontalPager, as it manages the paging behavior and keeps track of the current page."
45,0,How can different enter and exit animations be applied to individual children within an AnimatedVisibility scope?,"[""Applying different layout modifiers."",""Setting a different visible parameter for each child."",""Using the animateEnterExit() modifier."",""Using the duration parameter.""]",2,The animateEnterExit() modifier allows custom animations for individual children within an AnimatedVisibility scope.
45,1,How can multiple animation effects be combined in AnimatedVisibility?,"[""By calling the functions sequentially."",""Using the + operator."",""Using the tween() function."",""With a custom animation spec.""]",1,"Multiple animation effects can be combined using the + operator, such as fadeIn() + expandHorizontally()."
45,2,How can you ensure that an animation starts automatically in Jetpack Compose?,"[""Applying the default animation behavior."",""By using MutableTransitionState with targetState."",""Setting the visible parameter to true."",""Using the animateStart() function.""]",1,Using MutableTransitionState allows you to control when the animation starts by setting its targetState property.
45,3,How can you make an animation start with a delay?,"[""By applying a delay modifier to the composable."",""By setting the visible parameter to false."",""By using the fadeIn() function directly."",""By using the tween() function with a delayMillis parameter.""]",3,The tween() function allows for specifying a delay in milliseconds before the animation starts using the delayMillis parameter.
45,4,What does the expandIn() function do?,"[""Fades content in without resizing it."",""Reveals content using both horizontal and vertical clipping."",""Shrinks content from view along both axes."",""Slides content into view from the left.""]",1,expandIn() reveals the content by gradually expanding it using horizontal and vertical clipping techniques.
45,5,What does the expandVertically() animation effect do?,"[""Expands the content into view vertically."",""Fades the content out of view."",""Shrinks the content vertically before disappearing."",""Slides the content into view horizontally.""]",0,"The expandVertically() function reveals content using a vertical clipping technique, expanding it into view."
45,6,What does the tween() function allow you to do?,"[""Control animation duration and easing."",""Modify the layout of a composable."",""Repeat animations indefinitely."",""Set a specific position for animations.""]",0,The tween() function is used to specify the duration and easing behavior of an animation.
45,7,What happens when the enter and exit parameters are set to EnterTransition.None and ExitTransition.None in AnimatedVisibility?,"[""No animations are applied when showing or hiding the content."",""The content shrinks out of view."",""The content slides into view."",""The default fade animation is applied.""]",0,Setting EnterTransition.None and ExitTransition.None disables any default or custom animations for showing or hiding content.
45,8,What is the default alpha value for the fadeIn() function?,"[""0"",""0.5"",""1.0"",""2.0""]",0,"The default alpha value for fadeIn() is 0, meaning the content starts fully transparent before fading in."
45,9,What is the default behavior of AnimatedVisibility if no animation is specified?,"[""It animates with a subtle fade."",""It expands the content into view."",""It instantly shows or hides the content."",""It slides the content into view.""]",0,"By default, AnimatedVisibility applies a subtle fade when making the content visible or invisible."
45,10,What is the function of the 'enter' parameter in the AnimatedVisibility composable?,"[""Defines the animation duration for all animations."",""Defines the animation when the composable becomes visible."",""Determines the content of the composable."",""Sets the starting position of the composable.""]",1,The enter parameter specifies the animation to be applied when the child composables appear.
45,11,What is the purpose of the AnimatedVisibility composable in Jetpack Compose?,"[""To adjust the padding of a composable."",""To animate the visibility of a composable when it appears or disappears."",""To create custom animations for any composable."",""To perform animations on list scrolling behavior.""]",1,"AnimatedVisibility is used to add animations when a composable appears or disappears, such as fading, sliding, or expanding effects."
45,12,What is the purpose of the animationSpec parameter in animation functions like fadeIn()?,"[""To change the background color of the animation."",""To define the duration and easing of the animation."",""To define the size of the content being animated."",""To set the position of the animation.""]",1,animationSpec allows developers to customize the duration and easing properties of the animation.
45,13,What is the purpose of the repeatable() function in animation?,"[""To create a smooth fade effect."",""To delay the start of an animation."",""To make an animation faster."",""To make an animation loop a specified number of times.""]",3,"The repeatable() function allows an animation to be repeated a set number of times, with an option to reverse direction."
45,14,What is the purpose of the targetState parameter in the Crossfade composable?,"[""It controls the size of the fade area."",""It defines the background color of the fade."",""It sets the duration of the fade."",""It specifies which composable should be visible.""]",3,The targetState parameter in Crossfade determines which composable is currently visible and controls the transition between them.
45,15,What is the role of the 'targetState' in MutableTransitionState?,"[""It adjusts the speed of the animation."",""It determines the end state of the animation."",""It modifies the color of the animated component."",""It sets the initial size of the animation.""]",1,The targetState in MutableTransitionState defines the final visibility state that the animation will reach.
45,16,What must be set to disable default animations in the parent AnimatedVisibility instance?,"[""EnterTransition.None and ExitTransition.None"",""animationSpec to null"",""scaleIn() with a value of zero"",""tween() duration to zero""]",0,Setting the enter and exit parameters to EnterTransition.None and ExitTransition.None disables default animations in the parent.
45,17,"When using AnimatedVisibility, how can you control the easing effect of an animation?","[""By adding a delay parameter to the animation."",""By passing an easing value to the tween() function."",""By setting the visible parameter to true."",""By using the fadeIn() function.""]",1,"Easing effects are specified by passing an easing value, like LinearOutSlowInEasing, to the tween() function."
45,18,Which AnimatedVisibility function is used to shrink content from view behind a vertical clip bounds line?,"[""shrinkHorizontally()"",""shrinkOut()"",""shrinkVertically()"",""slideInHorizontally()""]",0,shrinkHorizontally() allows content to slide from view behind a shrinking vertical clip bounds line.
45,19,Which animation effect would you use to make content slide out of view to the left?,"[""expandHorizontally"",""fadeOut"",""shrinkVertically"",""slideOutHorizontally""]",3,The slideOutHorizontally() function is used to animate the content sliding out of view along the horizontal axis.
45,20,Which component allows you to change animation parameters like duration and easing?,"[""AnimationSpec"",""Crossfade"",""LayoutModifier"",""VisibleState""]",0,"AnimationSpec provides options for configuring animation parameters, including duration and easing."
45,21,Which function is used for animating the replacement of one composable with another?,"[""Crossfade()"",""animateContentSize()"",""expandVertically()"",""tween()""]",0,"The Crossfade() function is used to animate the transition between two composables, creating a smooth fade effect."
45,22,Which function is used to make a composable fade into view?,"[""expandIn()"",""fadeIn()"",""scaleIn()"",""slideIn()""]",1,The fadeIn() function is used to animate the appearance of a composable with a fading effect.
45,23,Which of the following is a predefined animation easing option in Jetpack Compose?,"[""BounceInEasing"",""CubicOutEasing"",""LinearOutSlowInEasing"",""SpringOutEasing""]",2,"LinearOutSlowInEasing is one of the predefined easing options, providing a smooth transition from linear to slower speed."
45,24,Which parameter is mandatory when using the AnimatedVisibility composable?,"[""enter"",""exit"",""modifier"",""visible""]",3,The visible parameter is required as it determines whether the child composables should be shown or hidden.
46,0,How can you adjust the duration of an animation in Compose?,"[""By changing the state's initial value."",""By modifying the animationSpec property."",""By using a Modifier.delay() function."",""By using the delay() function.""]",1,"The duration and behavior of an animation can be controlled using the animationSpec parameter, such as through the tween() function."
46,1,How can you animate a composable to move back and forth across the screen?,"[""By adjusting the background color using animateColorAsState()."",""By changing the x offset value with animateDpAsState()."",""By using a fade transition between positions."",""By using a looped translation function.""]",1,"The animateDpAsState() function allows the smooth transition of a composables x offset, making it appear to move across the screen."
46,2,How do you create a spring-based animation in Compose?,"[""By calling springAnimation() directly."",""By passing the spring() function to the animationSpec parameter."",""By setting springFactor in the animateAsState() function."",""By using the animateSpring() function.""]",1,"Spring-based animations are created using the spring() function, which is applied through the animationSpec parameter of animate functions."
46,3,"In the context of state-driven animation, what is the targetValue parameter used for?","[""To adjust the frame rate of the animation."",""To define the starting position of the animation."",""To determine the current state of the animation."",""To specify the end value that the animation should reach.""]",3,The targetValue parameter in state-driven animations indicates the value that the animation is moving toward.
46,4,What does a composable view's offset modifier affect in a motion animation?,"[""The background color of the view."",""The opacity of the view."",""The position of the view along the x and y axes."",""The rotation angle of the view.""]",-1,"The offset modifier changes the position of the Box along the x and y axes, allowing for smooth animated movements."
46,5,What does the Transition class provide when using updateTransition()?,"[""A function to reset state values."",""A method to debug network issues."",""A way to load images asynchronously."",""A way to run multiple animations in parallel.""]",3,"The Transition class allows multiple animations to run concurrently, all triggered by a change in a shared state value."
46,6,What does the spring() function's damping ratio control?,"[""The amount of bounce in the spring animation."",""The color of the animated component."",""The initial speed of the animation."",""The number of times the animation repeats.""]",0,The damping ratio controls how much bounce occurs when a spring animation reaches its end point. Lower values result in more bounce.
46,7,What is a key characteristic of state-driven animation in Compose?,"[""Animations are triggered by changes in state values."",""Animations are triggered by user gestures only."",""Animations only work with Boolean state values."",""Animations require complex threading management.""]",0,"State-driven animations in Compose are based on changes to state values, allowing components to animate smoothly as their state updates."
46,8,What is the default behavior of the animateFloatAsState() function?,"[""To animate in a bouncy manner."",""To animate using a linear speed."",""To animate with FastOutSlowInEasing."",""To instantly jump to the target value.""]",2,"The default easing for animateFloatAsState() is FastOutSlowInEasing, which creates a smooth start and end to the animation."
46,9,What is the primary purpose of the Compose Animation API?,"[""To add animation effects to UI components in a Compose-based app."",""To create network requests for data retrieval."",""To handle user inputs in a Compose-based app."",""To manage app themes and styles.""]",0,"The Compose Animation API is designed to provide a wide range of animation options for animating user interface components, making interactions more visually appealing and responsive."
46,10,What is the purpose of the tween() function in Compose animations?,"[""To adjust the frame rate of an animation."",""To create a timer for delaying state changes."",""To set up network requests in Compose."",""To specify the duration and easing of an animation.""]",3,"The tween() function allows you to configure the duration and easing behavior of animations, such as linear or curved transitions."
46,11,What is the purpose of using keyframes() in animations?,"[""To add shadows to animated components."",""To create multiple timelines for an animation."",""To define specific points in time for changes in an animation."",""To slow down the animation speed.""]",2,"Keyframes allow you to specify values at specific points in time during an animation, enabling more control over the animations timing and behavior."
46,12,What is the role of the LocalConfiguration object in motion animations?,"[""It controls the easing behavior of animations."",""It handles error logging for animations."",""It is used to fetch data from the internet."",""It provides information about screen properties such as width and height.""]",3,"LocalConfiguration provides access to screen dimensions, which is useful for creating responsive animations that adapt to different screen sizes."
46,13,What type of values can be animated using animateDpAsState()?,"[""Colors"",""Density-independent pixels"",""Integers"",""Strings""]",1,"animateDpAsState() is used to animate values expressed in Dp, such as size and position adjustments in a Compose layout."
46,14,Which easing option maintains a constant speed throughout the animation?,"[""CubicBezierEasing"",""EaseInEasing"",""FastOutSlowInEasing"",""LinearEasing""]",3,"LinearEasing maintains a constant speed throughout the entire animation, without speeding up or slowing down."
46,15,Which function is used to animate changes in state for float values?,"[""animateColorAsState()"",""animateDpAsState()"",""animateFloatAsState()"",""animateIntAsState()""]",2,"The animateFloatAsState() function is used to animate changes in Float values, such as rotation angles in Compose."
46,16,Which function is used to animate color changes based on state transitions?,"[""animateBackgroundAsState()"",""animateColorAsState()"",""animateColorState()"",""animateFloatAsState()""]",1,The animateColorAsState() function is specifically used to animate changes in color properties when a state changes.
46,17,Which function is used to create multiple animations based on a single state change?,"[""animateTogether()"",""combineAnimations()"",""mergeAnimations()"",""updateTransition()""]",3,The updateTransition() function is used to create a transition that can run multiple animations simultaneously based on a state change.
46,18,Which of the following types can be animated using the animate*AsState functions?,"[""Bounds and Strings"",""Color, Dp, and Int"",""IntArray and List"",""URL and JSON""]",1,"The animate*AsState functions in Compose support a range of types like Color, Dp, Int, Float, and Size, making them versatile for different animation needs."
47,0,How are Bezier curves drawn in a path?,"[""Using arcTo() function"",""Using drawCurve()"",""Using lineTo() function"",""Using quadraticBezierTo() or cubicTo()""]",3,Bezier curves are drawn using functions like quadraticBezierTo() for quadratic curves and cubicTo() for cubic curves.
47,1,How can you convert density-independent pixels (dp) to pixels (px) in Compose?,"[""Using the convertDpToPx() function"",""Using the dpToPx() method"",""Using the px() method"",""Using the toPx() method""]",3,The toPx() method is used to convert density-independent pixels (dp) to physical pixels (px) in Compose.
47,2,How can you draw an arc on a Canvas in Compose?,"[""Using arcTo() with angle and size"",""Using drawArc() with gradient colors"",""Using drawArc() with start and sweep angles"",""Using drawLine() with arc parameters""]",2,The drawArc() function requires start and sweep angles to draw an arc within a specified rectangle.
47,3,How do you draw text on a Canvas in Compose?,"[""Using the drawLine() function"",""Using the drawString() function"",""Using the drawText() function with a TextMeasurer"",""Using the textResource() function""]",2,"Text is drawn on a Canvas using the drawText() function, which requires a TextMeasurer to calculate the size and layout of the text."
47,4,How do you specify the size of a Canvas in Compose?,"[""Using the Canvas.setSize() method"",""Using the DrawScope.setSize() method"",""Using the Modifier.size() method"",""Using the size property of the DrawScope""]",2,"The size of a Canvas is set using the Modifier.size() method, which defines the dimensions of the drawing area."
47,5,"In the context of Canvas, what does Offset represent?","[""A color gradient"",""Coordinates on the canvas"",""The rotation angle"",""The transparency level""]",1,Offset represents the x and y coordinates used to specify positions on the canvas.
47,6,What does the drawLine() function require to draw a line?,"[""Color only"",""Start and end points only"",""Start and end points, and rotation angle"",""Start and end points, color, and stroke width""]",3,"The drawLine() function needs the start and end points defined by Offset, a color, and a stroke width for drawing a line."
47,7,What is the purpose of the ColorFilter in the drawImage() function?,"[""To adjust the image's position"",""To apply color effects to the image"",""To change the size of the image"",""To rotate the image""]",1,"The ColorFilter parameter is used to apply color effects, such as tints, to images drawn on a Canvas."
47,8,What is the purpose of the CornerRadius component when drawing a rounded rectangle?,"[""To define the roundness of the rectangle's corners"",""To set the color of the rectangle"",""To specify the position of the rectangle"",""To specify the stroke width""]",0,The CornerRadius component specifies the roundness of the corners of a rounded rectangle.
47,9,What is the purpose of the pointMode parameter in the drawPoints() function?,"[""To adjust the color of the points"",""To control how points are plotted (individual, lines, or polygons)"",""To set the transparency of points"",""To specify the shape of the points""]",1,"The pointMode parameter in drawPoints() specifies how points are drawn—individually, as lines, or connected as polygons."
47,10,What is the role of the TextMeasurer in text drawing?,"[""To adjust text transparency"",""To apply a color gradient to text"",""To calculate the size and layout of text"",""To change the font style""]",2,"TextMeasurer calculates the dimensions and layout of text, which helps in accurately positioning the text within the Canvas."
47,11,What is the role of the inset() function in Canvas drawing?,"[""To adjust the drawing area within the Canvas"",""To apply shadow effects"",""To change the color of a shape"",""To increase the size of the Canvas""]",0,"The inset() function is used to create insets, modifying the drawing area within the Canvas."
47,12,What is the use of the AnnotatedString in drawText()?,"[""To adjust text alignment"",""To define rich text with styles for drawing"",""To draw images with text"",""To set the color of the text""]",1,"AnnotatedString allows for defining text with various styles, such as bold, colored, or gradient-filled, which can be rendered on a Canvas."
47,13,What is the use of the drawCircle() function in Canvas?,"[""To apply gradients"",""To draw a circular shape"",""To draw a rectangular box"",""To draw an oval shape""]",1,"The drawCircle() function is used to draw circular shapes on the Canvas, with properties like center and radius."
47,14,What property does the center value of DrawScope represent?,"[""The bottom-right corner of the Canvas"",""The center point of the Canvas area"",""The top-left corner of the Canvas"",""The width of the Canvas""]",1,The center property of DrawScope provides the coordinates for the center of the Canvas area.
47,15,Which function is used to draw an image on a Canvas?,"[""drawBitmap()"",""drawImage()"",""drawPicture()"",""imageResource()""]",1,The drawImage() function is used to draw images onto a Canvas using an ImageBitmap resource.
47,16,Which function is used to draw paths in Compose?,"[""drawCurve()"",""drawLine()"",""drawPath()"",""drawShape()""]",2,"The drawPath() function is used to render paths, which are a series of lines or curves defined by coordinates."
47,17,Which function is used to draw rectangles on a Canvas?,"[""drawBox()"",""drawRect()"",""drawRectangle()"",""drawSquare()""]",1,"The drawRect() function is used for drawing rectangles, specifying its size and position on the Canvas."
47,18,Which function is used to fill shapes with gradient patterns?,"[""Brush"",""GradientShader"",""drawGradient()"",""fillWithGradient()""]",0,"The Brush component is used to fill shapes with gradient patterns, such as horizontal, radial, and vertical gradients."
47,19,Which function is used to rotate a drawing element on a Canvas?,"[""applyRotation()"",""drawRotate()"",""rotate()"",""rotateCanvas()""]",2,"The rotate() function is used to rotate drawing elements on a Canvas, specifying the rotation angle."
47,20,Which function would you use to create a rounded rectangle outline?,"[""drawOutline()"",""drawRectangleOutline()"",""drawRoundRect() with a Stroke style"",""drawRoundedBorder()""]",2,Using drawRoundRect() with a Stroke style allows for drawing the outline of a rounded rectangle.
47,21,Which method is used to create a dashed line in a Canvas?,"[""dashPathEffect()"",""drawDashedLine()"",""drawPathEffect(PathEffect.dashed)"",""pathEffect()""]",0,The dashPathEffect() method is used to create a dashed line by specifying the dash pattern intervals.
47,22,Which of the following is NOT a feature of the DrawScope provided by the Canvas component?,"[""Accessing size dimensions"",""Drawing shapes and lines"",""Handling amination gestures"",""Performing rotations""]",-1,"DrawScope provides functions for drawing shapes, lines, and performing rotations, but it does not manage network connections."
48,0,How does a ViewModel instance behave when an activity is recreated?,"[""It automatically stores data to shared preferences"",""It is destroyed and recreated with the activity"",""It is stored in the device's local database"",""It persists, maintaining the state data""]",3,"A ViewModel instance persists across configuration changes such as activity recreation, allowing it to maintain the data it holds."
48,1,How does the ViewModel help with activity lifecycle management?,"[""It controls the lifecycle of fragments"",""It directly handles activity recreation"",""It ensures that data is persisted even when an activity is recreated"",""It prevents activities from being destroyed""]",2,"ViewModel instances remain in memory even when an activity is recreated, ensuring that data is not lost during lifecycle changes like device rotation."
48,2,How is a MutableState in Compose different from MutableLiveData?,"[""MutableLiveData can only be used with Compose"",""MutableState can store complex data types like JSON directly"",""MutableState is specific to Compose and used for state management within Composables"",""MutableState persists data across configuration changes automatically""]",2,"MutableState is a state management mechanism designed for use within Composable functions in Jetpack Compose, whereas MutableLiveData is used for observing state outside of Compose."
48,3,"In a ViewModel, what triggers the recomposition of the UI?","[""Changes to the ViewModel state data"",""Initialization of the ViewModel"",""Launching a new activity"",""Using the viewModel() function""]",0,"When the state data in the ViewModel changes, such as through a function like increaseCount(), it triggers a recomposition of the Composable functions observing that state."
48,4,What dependency must be added to use the Compose viewModel() function?,"[""androidx.activity:activity-compose"",""androidx.compose.runtime:runtime-livedata"",""androidx.compose.ui:ui"",""androidx.lifecycle:lifecycle-viewmodel-compose""]",3,The androidx.lifecycle:lifecycle-viewmodel-compose library needs to be added to the projects dependencies to use the viewModel() function in Compose.
48,5,What is a common use case for the viewModelScope in a ViewModel?,"[""Defining UI layouts"",""Handling user input directly"",""Managing UI navigation"",""Performing network calls or database operations""]",3,"The viewModelScope is commonly used for background tasks like network calls or database operations, ensuring these operations respect the ViewModels lifecycle."
48,6,What is the key benefit of using ViewModel with a Compose UI?,"[""It directly controls the UI layout"",""It enables direct interaction with Android services"",""It helps maintain data consistency during configuration changes"",""It speeds up UI rendering""]",2,"ViewModel allows the UI to retain its data through configuration changes like screen rotations, ensuring that the data remains consistent without needing to save and restore it manually."
48,7,What is the primary benefit of using LiveData with ViewModel in a non-Compose Android app?,"[""LiveData automatically updates the UI when data changes"",""LiveData can only be used with ViewModel"",""LiveData is faster than using state variables"",""LiveData replaces the need for data binding""]",0,"LiveData is designed to be lifecycle-aware, meaning it can notify UI controllers like activities and fragments of data changes, updating the UI automatically when the data changes."
48,8,What is the primary purpose of the ViewModel component in Android architecture?,"[""To design the layout of an Android app"",""To handle database interactions"",""To manage user interface elements directly"",""To store and manage UI-related data separately from UI logic""]",3,"The ViewModel component is designed to separate UI-related data and logic from the UI controllers, helping to maintain data consistency across configuration changes and providing a clean separation of concerns."
48,9,What is the purpose of the observeAsState() function?,"[""To convert LiveData into a Compose state object"",""To create a new ViewModel"",""To manage the lifecycle of an activity"",""To update the UI without recomposition""]",0,"The observeAsState() function is used to observe a LiveData object and convert it into a Compose state object, making it behave like other state variables and triggering recompositions when data changes."
48,10,What role does the 'separation of concerns' concept play in Android app architecture?,"[""It combines multiple activities into one"",""It focuses on integrating third-party libraries"",""It merges UI logic with data handling in a single module"",""It separates different areas of functionality into distinct modules""]",3,"Separation of concerns aims to divide different aspects of an application into separate modules, ensuring that UI logic, data handling, and other functions are managed independently."
48,11,What role does the MutableState object play in a ViewModel with Compose?,"[""It handles error logging"",""It holds the current state value that triggers UI recompositions"",""It manages background tasks"",""It stores the layout design""]",1,"In Compose, MutableState is used to store state variables that, when updated, trigger recompositions of Composable functions observing those values."
48,12,When should you use the MutableLiveData class in a ViewModel?,"[""When you need to handle user input events directly"",""When you need to implement animations"",""When you want to observe changes in data using Compose state"",""When you want to store observable data that predates Compose""]",3,MutableLiveData is part of Jetpacks older architecture components and is used to store observable data before Composes state management became prevalent.
48,13,"When using a ViewModel with Compose, where is the best place to initialize the ViewModel?","[""At the root level of the Composable hierarchy"",""In the MainActivity's onCreate method"",""Inside a child Composable function"",""Inside a coroutine function""]",0,Initializing the ViewModel at the root level of the Composable hierarchy ensures that all child Composables can access and observe the same instance.
48,14,Which Compose library function converts a LiveData object into a State object?,"[""liveDataToState()"",""observeAsState()"",""stateFromLiveData()"",""stateObserver()""]",1,"The observeAsState() function is used to convert a LiveData object into a State object, allowing it to be observed within a Composable function."
48,15,Which architecture component is still relevant in modern Android app development with Compose?,"[""Activity Navigation"",""DataBinding"",""LiveData"",""ViewModel""]",3,"Even with Composes built-in state management, the ViewModel remains relevant for managing UI-related data and separating it from UI logic, especially in complex applications."
48,16,Which function is used to create or access a ViewModel instance in a Composable?,"[""createViewModel()"",""getViewModel()"",""rememberViewModel()"",""viewModel()""]",3,The viewModel() function is provided by the Compose view model lifecycle library to create or retrieve a ViewModel instance within a Composable.
48,17,Which of the following best describes 'separation of concerns' in Android architecture?,"[""Combining UI code and backend logic"",""Dividing different responsibilities into separate modules"",""Keeping all code in a single activity class"",""Storing all data in the ViewModel""]",1,"Separation of concerns in Android architecture involves dividing app functionality into distinct modules, such as separating UI logic from data management, to make the code more manageable and testable."
48,18,Which of the following is a key principle of modern Android architecture recommended by Google?,"[""Apps with no separation between UI and data logic"",""Multiple activity-based apps with mixed UI and data logic"",""Single activity apps with separated responsibilities"",""Using only fragments for UI management""]",2,"Google recommends a modern architecture where apps use a single activity, with different screens loaded as content within that activity, and separate modules for data handling (separation of concerns)."
48,19,Which of the following is true about the viewModel() function?,"[""It always creates a new instance of a ViewModel"",""It can be used to observe changes in data directly"",""It handles network requests"",""It returns an existing ViewModel instance if one is already created""]",3,"The viewModel() function checks if a ViewModel instance already exists in the current scope and returns it; otherwise, it creates a new instance."
48,20,Which of the following statements is true about the viewModel() function?,"[""It cannot be used with navigation components"",""It creates a new ViewModel instance every time"",""It requires a unique key to be used"",""It shares a ViewModel instance with all Composables in the same scope""]",3,"The viewModel() function provides the same ViewModel instance to all Composables in the same scope, allowing them to share data easily."
48,21,Which statement about MutableLiveData is correct?,"[""It allows observing data changes within a ViewModel"",""It can be used to store large files in memory"",""It is exclusive to the Compose framework"",""It is used to observe UI elements in real-time""]",0,"MutableLiveData enables the observation of data changes in ViewModel, allowing the UI to react to updates when the data changes."
48,22,Why is it important to use viewModelScope when performing background tasks?,"[""It automatically cancels tasks when the ViewModel is cleared"",""It enhances the speed of recomposition"",""It keeps the ViewModel active after the activity is destroyed"",""It manages lifecycle of UI components""]",0,"The viewModelScope ensures that coroutines launched within the ViewModel are automatically canceled when the ViewModel is cleared, helping to manage resources effectively."
48,23,Why is it recommended to initialize a ViewModel in a top-level Composable?,"[""To allow child Composables to access and observe the state easily"",""To avoid creating multiple instances of the ViewModel"",""To ensure that the UI and data are tightly coupled"",""To minimize the number of Composables in an app""]",0,"By initializing the ViewModel in a top-level Composable, its state can be passed down through the Composable hierarchy, making it easier to manage and observe the data in child Composables."
50,0,How is SQLite different from other relational database management systems like Oracle or SQL Server?,"[""It is a standalone server process"",""It is an embedded database, running within the application itself"",""It only supports storing data in JSON format"",""It requires a network connection to operate""]",1,"SQLite is embedded, meaning it is provided as a library linked directly into applications, unlike other databases that run as standalone server processes."
50,1,How is data typically stored in an SQLite database on an Android device?,"[""In JSON format"",""In XML files"",""In a cloud storage solution"",""In a file with a .db extension within the application's data directory""]",3,SQLite databases are stored as .db files in the apps data directory on the device.
50,2,What does the 'autoincrement' keyword ensure when used with a primary key in SQLite?,"[""That all records are sorted alphabetically"",""That primary key values are assigned automatically in sequence"",""That records are encrypted"",""That tables are deleted automatically after a certain time""]",1,"The autoincrement keyword ensures that each new record has a unique primary key, automatically incrementing with each new row."
50,3,What happens if an Android app creates a database without defining a primary key?,"[""Each record will be automatically assigned a unique ID"",""It will be difficult to uniquely identify and access records"",""The database will automatically create a primary key column"",""The database will not store any data""]",1,"Without a primary key, there is no guaranteed way to uniquely identify a specific row, making data retrieval and management more challenging."
50,4,What is the function of the .tables command in SQLite?,"[""To create a new table"",""To delete a specific table"",""To display a list of tables in the database"",""To list all records in a table""]",2,The .tables command in SQLite is used to list all the tables that exist in the currently selected database.
50,5,What is the purpose of the 'autoincrement' keyword when defining a primary key in SQLite?,"[""To automatically delete old records"",""To automatically increment the primary key value for each new row"",""To enforce foreign key relationships"",""To ensure each value in the column is unique""]",1,Using autoincrement with an integer primary key ensures that each new row gets a unique key value incremented automatically.
50,6,What is the role of the 'Room' persistence library in Android?,"[""It replaces SQLite with a more intuitive syntax"",""To increase database performace"",""To provide advanced UI components"",""To simplify the interaction with SQLite databases""]",3,"The Room library offers a higher-level interface over SQLite, making it easier to interact with databases while following modern architectural practices."
50,7,What role does a database schema play in a database?,"[""Defines the relationships and characteristics of data in tables"",""Defines the structure of user interface components"",""Handles network connections in an application"",""Manages user authentication and permissions""]",0,"A database schema defines the structure, relationships, and characteristics of the data stored in database tables."
50,8,Which Android command-line tool is used to interact with an Android device or emulator for debugging purposes?,"[""adb"",""gradle"",""junit"",""proguard""]",0,"The Android Debug Bridge (adb) allows developers to communicate with Android devices or emulators, making it useful for debugging, including database interactions."
50,9,Which SQL command is used to add a new row into a table?,"[""ADD"",""INSERT"",""SELECT"",""UPDATE""]",1,The INSERT statement is used to add new rows into a specified table in SQL.
50,10,Which SQL statement would you use to retrieve all rows from a table named 'contacts'?,"[""FINDALL IN contacts;"",""RETRIEVE * FROM contacts;"",""SELECT * FROM contacts;"",""UPDATE contacts SET name = 'John';""]",2,"The SELECT statement is used to retrieve rows from a table, and * indicates that all columns should be retrieved."
50,11,Which of the following is true about the Structured Query Language (SQL)?,"[""It is a standard language for most relational databases"",""It is exclusive to SQLite databases"",""It is used for designing user interfaces"",""It is used only for reading data from databases""]",0,"SQL is a standardized language used for interacting with relational databases, and it is supported by many DBMS, including SQLite."
50,12,Which of the following is used to uniquely identify a row in a database table?,"[""Data type"",""Foreign key"",""Index"",""Primary key""]",3,"A primary key uniquely identifies each row in a database table, ensuring no duplicate rows exist for the key."
50,13,Which statement is used to create a new table in an SQLite database?,"[""ADD TABLE"",""CREATE"",""CREATE TABLE"",""NEW TABLE""]",2,The CREATE TABLE statement is used to define a new table and its structure in an SQLite database.
50,14,Why is SQLite a suitable choice for mobile applications?,"[""It can only be used with an internet connection"",""It is lightweight and does not require a separate server"",""It requires a high level of hardware resources"",""It supports real-time data streaming""]",1,"SQLite is lightweight and runs within the application itself, making it suitable for mobile applications where resource usage must be minimized."
50,15,Why is SQLite considered 'embedded'?,"[""It cannot be used outside of mobile applications"",""It is built into the Android operating system"",""It requires external servers to run"",""It runs as a background service in Android""]",1,"SQLite is embedded because it runs within the application itself, without the need for a separate server process."
50,16,Why is it necessary for each table in Android's SQLite database to have a primary key named '_id'?,"[""It allows tables to be accessed over the network"",""It enables encryption of database files"",""It helps to store large binary data"",""It is a requirement for compatibility with Android's database-related classes""]",3,"In Android, the primary key must be named _id for seamless access using database-related classes like Cursor."
51,0,How can LiveData be used with DAOs?,"[""To access remote datbases in real-time"",""To automatically observe changes in database queries"",""To connect to remote database servers"",""To perform background database queries""]",1,"Using LiveData with DAOs allows automatic observation of changes in the database, updating the UI when data changes."
51,1,How can Room handle in-memory databases?,"[""Using @Database annotation"",""Using @InMemory annotation"",""Using Room.databaseBuilder()"",""Using Room.inMemoryDatabaseBuilder()""]",3,Room.inMemoryDatabaseBuilder() is used to create databases that exist only in memory and are lost when the app terminates.
51,2,How do you handle large database operations in Room?,"[""Directly access SQLite"",""Run them on the main thread"",""Use coroutines or background threads"",""Use the @UIThread annotation""]",2,"To prevent blocking the UI, large database operations should be run on background threads using coroutines."
51,3,What annotation is used to automatically generate primary keys in Room?,"[""@AutoGenerate"",""@AutoKey"",""@ForeignKey"",""@PrimaryKey(autoGenerate = true)""]",3,The @PrimaryKey(autoGenerate = true) annotation is used to automatically generate primary key values for new rows in a table.
51,4,What annotation is used to mark a class as an entity in Room?,"[""@DAO"",""@Database"",""@Entity"",""@Repository""]",2,"The @Entity annotation marks a class as an entity, defining a table schema in Room."
51,5,What does the @ColumnInfo annotation do?,"[""Defines a field as a primary key"",""Indicates a DAO method"",""Sets column names in database tables"",""Specifies table relationships""]",2,The @ColumnInfo annotation allows specifying custom names for columns in a Room entity.
51,6,What does the @Ignore annotation do in a Room entity class?,"[""Creates a new database table"",""Ignores a field during database operations"",""Marks a class as a Room database"",""Marks a field as the primary key""]",1,@Ignore is used to exclude fields from being persisted in the database.
51,7,What does the fallbackToDestructiveMigration() method do?,"[""Connects to remote databases"",""Forces data to be deleted if the database schema changes"",""Increases database performance"",""Prevents data loss during database migrations""]",1,fallbackToDestructiveMigration() deletes and recreates the database if a migration is required but not specified.
51,8,What happens if you try to run a database operation on the main thread?,"[""The app might crash due to UI thread blocking"",""The app will run faster"",""The database automatically optimizes the query"",""The database will not accept the request""]",0,Running database operations on the main thread can cause the app to freeze or crash due to potential UI blocking.
51,9,What is a primary key in the context of Room databases?,"[""A key used encrypt a database"",""A type of database index"",""A unique identifier for each row in a table"",""An attribute used identify individual tables elements""]",2,"A primary key uniquely identifies each row in a database table, allowing for specific rows to be accessed or modified."
51,10,What is an entity in the context of Room databases?,"[""A SQL statement"",""A SQLite database intance"",""A class defining a table schema"",""A database row""]",2,"Entities in Room represent classes that define the schema for a table within the database, including columns and primary keys."
51,11,What is the main benefit of using Room over plain SQLite in Android?,"[""It makes database queries faster"",""It provides better UI components"",""It reduces the amount of boilerplate code for database operations"",""It replaces the need for ViewModels""]",2,"Room simplifies database operations by reducing the need to write boilerplate code, making database management more efficient."
51,12,What is the main purpose of the Room persistence library?,"[""To handle all user interface components"",""To manage network operations in Android"",""To replace the SQLite database entirely"",""To simplify adding database storage to Android apps""]",3,The Room persistence library is designed to make it easier to add database storage support to Android apps while following the architecture guidelines.
51,13,What is the purpose of the @ForeignKey annotation in Room?,"[""To create indexes on columns"",""To create relationships between tables"",""To define LiveData methods"",""To mark a class as an entity""]",1,"@ForeignKey is used to establish relationships between different tables, such as linking a Purchase to a Customer entity."
51,14,What is the purpose of the RoomDatabase class?,"[""To create and return Room database instances"",""To design database schema"",""To execute SQL statements on a database"",""To fetch data from a database table""]",0,The RoomDatabase class is responsible for creating instances of the database and providing access to DAO instances.
51,15,What is the role of a Data Access Object (DAO) in Room?,"[""To define SQL queries and methods for database operations"",""To define the table schema"",""To generate tables from schema"",""To provide direct access to the database""]",0,"DAOs provide methods mapped to SQL queries, which are used to perform database operations such as inserting, updating, or retrieving data."
51,16,What is the role of a repository in the Room database architecture?,"[""To create UI components"",""To directly access SQLite database files"",""To manage data sources like databases or web services"",""To provide direct access to cloud database instances""]",2,"The repository module handles data sources like databases, avoiding the need for UI controllers and ViewModels to access these sources directly."
51,17,What should be done when a Room database schema changes?,"[""Reinstall the entire app"",""Restart the database server"",""Update the app UI"",""Use fallbackToDestructiveMigration()""]",3,"When a schema changes and no migration strategy is provided, fallbackToDestructiveMigration() can be used to automatically handle the change."
51,18,Which annotation is used for inserting records in Room?,"[""@Add"",""@Appennd"",""@Insert"",""@Update""]",2,@Insert is a convenience annotation that allows inserting records into a database without needing to write explicit SQL insert statements.
51,19,Which component provides the interface to the underlying SQLite database in Room?,"[""Data Access Object (DAO)"",""Repository"",""Room Database"",""ViewModel""]",2,The Room database object provides the interface to the SQLite database and is used to access DAO instances.
51,20,Which method is used to delete records from a Room database?,"[""@Delete"",""@Remove"",""@Unlink"",""@Update""]",0,@Delete is a convenience annotation in Room that allows for removing records from a database.
51,21,Which method is used to get an instance of Room Database?,"[""Room.connect()"",""Room.createDatabase()"",""Room.databaseBuilder()"",""Room.getInstance()""]",2,Room.databaseBuilder() is used to create or retrieve an instance of a Room Database in an Android application.
51,22,Which of the following is a convenience annotation in Room?,"[""@Dao"",""@Entity"",""@Insert"",""@Query""]",2,"Convenience annotations like @Insert allow Room to infer SQL statements, reducing the need for writing explicit SQL code."
51,23,Why is it important to use a single Room database instance?,"[""To enable multiple DAOs"",""To prevent multiple database connections"",""To reduce code complexity"",""To simplify user interface creation""]",1,"Using a single Room database instance ensures that multiple connections are not opened, which helps in managing resources and preventing errors."
52,0,How can changes to database records be automatically reflected in the UI?,"[""By directly accessing the database in the UI."",""By setting up manual refresh methods in the DAO."",""By storing data in SharedPreferences."",""By using 'LiveData' and observing it in the ViewModel.""]",3,LiveData allows the UI to observe changes and update automatically when data in the database changes.
52,1,How is a Room database instance created in the RoomDemo project?,"[""By creating a custom SQL engine."",""By directly instantiating the RoomDatabase class."",""By extending the RoomDatabase class and using 'Room.databaseBuilder'."",""By writing raw SQL queries.""]",2,A Room database instance is created by extending RoomDatabase and using the Room.databaseBuilder method.
52,2,What does the '@Insert' annotation in a DAO do?,"[""Deletes records from the database."",""Executes a custom SQL query."",""Inserts new records into the database."",""Updates existing records in the database.""]",2,The @Insert annotation is used to insert new records into the database using the Room persistence library.
52,3,What does the 'fallbackToDestructiveMigration()' method do in Room?,"[""Automatically updates the database schema without data loss."",""Backs up the database before migration."",""Deletes and recreates the database if a migration is not found."",""Prevents data loss during migrations.""]",2,The fallbackToDestructiveMigration() method deletes the existing database and creates a new one if a migration path is missing.
52,4,What is the purpose of the 'MainViewModelFactory' class?,"[""To create instances of the Room database."",""To define custom SQL queries."",""To manage database migrations."",""To provide a factory for creating 'MainViewModel' instances with an application context.""]",3,"The MainViewModelFactory is used to create MainViewModel instances, passing the application context needed for database operations."
52,5,What is the purpose of using 'MutableLiveData' in a repository?,"[""To create a backup of database data."",""To define database table schemas."",""To manage UI theme changes."",""To store search results for observed updates.""]",3,"MutableLiveData is used in the repository to store and observe changes to search results, allowing the UI to react to these changes."
52,6,What is the role of a Repository class when working with Room databases?,"[""To abstract data operations and interact with the DAO."",""To create UI components."",""To manage API calls."",""To provide direct access to the database.""]",0,Repositories abstract data operations and act as a middle layer between the ViewModel and the DAO.
52,7,What should be done to use the Database Inspector with a running Room database app?,"[""Connect to a physical device."",""Enable ProGuard settings."",""Enable a debug mode in Room configuration."",""Run the app on an emulator or connected device.""]",3,"The Database Inspector can be used when the app is running on an emulator or connected device, allowing inspection and modification of database content."
52,8,Which annotation is used to define a class as an entity in Room?,"[""@Dao"",""@Database"",""@Entity"",""@Table""]",2,The @Entity annotation is used to specify that a class represents a database entity (table) in Room.
52,9,Which component in Room is responsible for defining SQL queries?,"[""DAO"",""Entity"",""Repository"",""ViewModel""]",0,Data Access Objects (DAO) are interfaces that define SQL queries and methods for interacting with the Room database.
52,10,Which component is typically responsible for managing the UI state in the Room-based project?,"[""DAO"",""Database"",""Repository"",""ViewModel""]",3,The ViewModel manages the UI state and serves as a bridge between the repository and the UI.
52,11,Which function is used to prevent blocking the main thread during database operations?,"[""AsyncTask()"",""Thread.sleep()"",""launch() with Dispatchers.IO"",""runOnUiThread()""]",2,"Using launch() with Dispatchers.IO allows Room database operations to run on a background thread, preventing the main thread from being blocked."
52,12,Which library is required for handling asynchronous Room database queries?,"[""Coroutines"",""Dagger"",""Glide"",""Retrofit""]",0,Coroutines are used in the RoomDemo project for handling asynchronous database operations to avoid blocking the main thread.
52,13,Why is 'LiveData' used in Room database queries?,"[""To ensure queries are executed on the main thread."",""To handle database transactions."",""To improve database performance."",""To observe and automatically update the UI with database changes.""]",3,LiveData allows the UI to observe changes in the database and automatically update when the underlying data changes.
52,14,Why is it important to avoid performing database operations on the main thread?,"[""To enable debugging features."",""To ensure the app's UI remains responsive."",""To improve network performance."",""To reduce battery consumption.""]",1,Performing database operations on a background thread ensures that the UI does not become unresponsive due to long-running tasks.
52,15,Why might 'autoGenerate = true' be used with the '@PrimaryKey' annotation?,"[""To auto-generate primary key values for new records."",""To automatically create entity classes."",""To enable foreign key constraints."",""To manage schema migrations automatically.""]",0,Setting autoGenerate = true allows the Room database to automatically generate a unique ID for each new record in the table.
53,0,How do you navigate to a new destination?,"[""backStack.add()"",""backStack.moveTo()"",""backStack.navigateTo()"",""backStack.push()""]",0,The add() method pushes a new navigation key onto the back stack.
53,1,How is a navigation back stack typically created?,"[""NavBackStack.create()"",""NavigationStack()"",""new BackStack()"",""rememberNavBackStack()""]",3,This function creates and remembers a NavBackStack instance with proper state preservation.
53,2,How is navigation state preserved across configuration changes?,"[""Through automatic serialization of NavKeys"",""Using saved instance state"",""Via ViewModel persistence"",""With Room database storage""]",0,Serializable NavKeys allow the back stack to restore navigation state.
53,3,What determines the current visible destination?,"[""The entry with highest priority"",""The first entry in the back stack"",""The last added entry in the back stack"",""The most recently accessed entry""]",2,The top entry in the stack (most recently added) is always the current destination.
53,4,What happens if you try to use an empty back stack?,"[""A runtime exception occurs"",""The app closes"",""The app shows a blank screen"",""The home screen loads automatically""]",0,An empty back stack is invalid and will throw an exception.
53,5,What happens to the home destination when the app first launches?,"[""It's cached for quick access"",""It's loaded but not added to the stack"",""It's only shown after user interaction"",""It's pushed onto an empty stack""]",3,The home destination becomes the first entry in the back stack when the app starts.
53,6,What happens when you call backStack.removeLastOrNull()?,"[""Clears the entire back stack"",""Navigates forward to the next destination"",""Removes the current destination or returns null"",""Restarts the app""]",2,"This method pops the top destination from the stack, triggering backward navigation."
53,7,What is the primary purpose of the Navigation 3 library in Jetpack Compose?,"[""To handle network requests"",""To manage database operations"",""To optimize app performance"",""To simplify implementation of screen navigation""]",3,Navigation 3 provides a structured architecture for managing navigation between composable destinations in an Android app.
53,8,What is the purpose of the entryProvider in NavDisplay?,"[""To define available navigation destinations"",""To handle permission requests"",""To manage network connections"",""To optimize rendering performance""]",0,The entryProvider DSL block declares all possible navigation entries with their keys and content.
53,9,What is the purpose of the metadata property in NavEntry?,"[""To configure transition animations"",""To define accessibility labels"",""To pass additional data to destinations"",""To store analytics data""]",2,Metadata provides a way to send extra information to destinations via key-value pairs.
53,10,What is the visual difference between a navigation bar and rail?,"[""Bar has icons, rail has text"",""Bar is at top, rail is at bottom"",""Bar is for phones, rail is for wearables"",""Bar is horizontal, rail is vertical""]",3,"Navigation bars appear horizontally at the bottom, while rails appear vertically on the side."
53,11,What must navigation keys implement?,"[""NavKey interface"",""Parcelable interface"",""Route interface"",""Serializable interface""]",0,Navigation keys must conform to the NavKey interface and are typically serializable for state restoration.
53,12,What tracks the user's path through app destinations?,"[""NavHistory"",""Navigation back stack"",""PathTracker"",""RouteMapper""]",1,The back stack maintains the sequence of destinations as the user navigates through the app.
53,13,What type of parameter does NavDisplay's onBack callback receive?,"[""A boolean indicating success"",""Nothing (it's a parameterless lambda)"",""The current destination key"",""The previous destination key""]",1,The onBack callback is a simple lambda that handles backward navigation logic.
53,14,Where would you define the composable content for a destination?,"[""As a parameter to rememberNavBackStack()"",""In a separate NavigationContent class"",""In the NavKey declaration"",""Within an entry block in the entryProvider""]",3,Each entry associates a NavKey with its corresponding composable content.
53,15,Where would you typically place navigation logic in a Compose app?,"[""Directly in UI composables"",""In a ViewModel or state holder"",""In a navigation-specific service"",""In the Activity class""]",1,Navigation logic is usually managed in a ViewModel to separate concerns from UI.
53,16,Which annotation is typically used with navigation keys?,"[""@Destination"",""@NavigationKey"",""@Parcelize"",""@Serializable""]",3,Navigation keys should be serializable for state preservation.
53,17,Which composable is responsible for displaying the current navigation destination?,"[""NavDisplay"",""NavHost"",""NavRenderer"",""NavigationContainer""]",0,NavDisplay shows content based on the current top entry in the back stack.
53,18,Which type of navigation key would you use to pass data to a destination?,"[""data class"",""data object"",""enum class"",""sealed class""]",0,"Data classes can have constructor parameters to pass data, while data objects cannot."
54,0,How can you avoid pushing multiple instances of the same destination onto the back stack?,"[""Create a new instance of NavHostController each time."",""Disable recomposition in the destination composable."",""Set launchSingleTop to true in the navigate() method."",""Use the replaceTop() method of the navigation controller.""]",2,"Setting launchSingleTop to true ensures that only a single instance of a destination is kept at the top of the back stack, preventing duplicate instances."
54,1,How can you pass arguments between destinations in Compose navigation?,"[""By creating a new NavHost instance for each destination."",""By including the argument in the route definition and accessing it via the backStackEntry."",""By passing the argument directly in the destination composable function."",""By using a Bundle object only.""]",1,Arguments can be passed by adding them to the route definition in the navigation graph and accessing them through the backStackEntry when the destination is reached.
54,2,How do you ensure that back navigation returns to the start destination when using BottomNavigation?,"[""By creating a new instance of the NavHostController for each navigation."",""By disabling the back button functionality."",""By setting the navController to always start at the home route."",""By using the popUpTo() method with the findStartDestination() option.""]",3,"Using popUpTo() with findStartDestination() ensures that back navigation resets to the start destination, maintaining a consistent navigation flow."
54,3,How is a navigation graph defined in Compose?,"[""By adding destinations directly in the MainActivity class."",""By creating a new instance of NavGraphController."",""By listing routes in a configuration file."",""By using the NavHost and specifying destinations within it.""]",3,"A navigation graph in Compose is defined within the NavHost, where different routes and their corresponding destination composables are listed."
54,4,What does a NavHost represent in Compose navigation?,"[""A UI component that displays error messages."",""A component that stores the user's navigation history."",""A placeholder for the app's navigation destinations."",""A service that handles background updates.""]",2,"NavHost is a component that serves as a placeholder for different composables that act as navigation destinations, allowing the user to move between them."
54,5,What does the NavType enumeration help specify?,"[""The animation used during screen transitions."",""The size of the navigation back stack."",""The theme to be applied to the NavHost."",""The type of arguments passed between destinations.""]",3,"NavType is used to specify the data type of arguments passed between destinations, such as Int, String, or Boolean."
54,6,What is a common use case for using the popUpTo() method with the inclusive option?,"[""To create a new NavHost for the navigation."",""To include new animations during navigation."",""To navigate forward without adding to the back stack."",""To pop the specified destination off the stack as well as all destinations above it.""]",3,"The inclusive option with popUpTo() pops the specified destination and any destinations above it, which is useful for clearing the stack up to a certain point."
54,7,What is a destination in the context of Compose navigation?,"[""A UI component that manages user input."",""A function that initializes the navigation controller."",""A screen or composable that a user navigates to within the app."",""A service that runs in the background of an Android app.""]",2,"In Compose navigation, a destination refers to a screen or composable that users can navigate to, such as a home screen or a details screen."
54,8,What is the function of the popUpTo() method when used with the navigate() method?,"[""To change the theme of the destination composable."",""To pause the navigation controller."",""To refresh the content of the current composable."",""To remove all composables from the back stack until a specific destination is reached.""]",3,"The popUpTo() method allows you to clear the back stack up to a specified destination, ensuring a smoother back navigation experience."
54,9,What is the main benefit of using the launchSingleTop parameter in navigation?,"[""It ensures only a single instance of a destination is created at the top of the stack."",""It launches multiple instances of the destination at the top."",""It resets the entire back stack before navigating."",""It triggers animations between transitions.""]",0,"launchSingleTop prevents multiple instances of the same destination from being created on top of each other, ensuring a cleaner back stack."
54,10,What is the primary role of the NavHostController?,"[""To manage navigation actions and the back stack."",""To perform background data synchronization."",""To render the UI components of the app."",""To store user data securely.""]",0,"The NavHostController is responsible for managing navigation actions, handling the back stack, and determining the current destination."
54,11,What is the purpose of a sealed class in the context of defining routes?,"[""To define constants that represent the route strings."",""To handle network requests asynchronously."",""To manage UI themes and styles."",""To store user credentials securely.""]",0,"Using a sealed class allows developers to define routes as constants, providing a centralized and safer way to manage route strings and ensuring compile-time checking."
54,12,What is the purpose of saveState and restoreState options in navigation?,"[""To animate screen transitions during navigation."",""To automatically save and restore the state of destinations during navigation."",""To cache user data between app sessions."",""To enable or disable navigation gestures.""]",1,"These options help in preserving the state of back stack entries, ensuring that when users return to a destination, its state remains intact."
54,13,What is the purpose of using routes in a navigation graph?,"[""To define the data schema of a database."",""To manage background tasks and services."",""To style the UI components of the app."",""To uniquely identify each destination in the navigation graph.""]",3,"Routes are used to provide unique identifiers for each destination in a NavHost, allowing the navigation controller to reference destinations accurately."
54,14,What type of component is typically used for bottom navigation in Compose?,"[""BottomAppBar and NavDrawer"",""BottomNavigation and BottomNavigationItem"",""BottomSheet and NavGraph"",""NavBar and NavController""]",1,BottomNavigation and BottomNavigationItem are used to create and configure bottom navigation bars in Compose.
54,15,Which function is used to create a NavHostController?,"[""createNavController()"",""instantiateNavController()"",""rememberNavController()"",""rememberNavHost()""]",2,"The rememberNavController() function creates a NavHostController, ensuring that the state of the navigation back stack is preserved across recompositions."
54,16,Which method is used to get the current back stack entry in Compose?,"[""currentBackStack()"",""currentBackStackEntryAsState()"",""getBackStackEntry()"",""navController.getCurrentEntry()""]",1,"The currentBackStackEntryAsState() method returns the current back stack entry, allowing you to access details like the current route."
54,17,Which of the following best describes the NavHost?,"[""A UI component that manages multiple background services."",""A container that manages the navigation between different composables."",""A database management class."",""A state management tool for handling UI updates.""]",1,"NavHost serves as a container that manages the navigation between different composables within an app, making it a central part of the navigation architecture."
54,18,Why is it recommended to use a sealed class for routes?,"[""It automatically manages back stack operations."",""It enhances runtime performance of the app."",""It helps to centralize route strings and ensures compile-time safety."",""It is the only way to define routes in Compose.""]",2,"Using a sealed class for routes allows for better management of route strings in one place, reducing errors due to mistyped routes."
54,19,Why is the currentBackStackEntryAsState() method used in bottom navigation?,"[""To animate bottom bar transitions."",""To determine the currently selected navigation item."",""To fetch data from a remote server."",""To refresh the entire navigation stack.""]",1,"currentBackStackEntryAsState() is used to access the current route, allowing the app to highlight the selected item in the bottom navigation bar."
55,0,How are destination screens typically organized?,"[""As Fragments"",""As separate composable functions"",""In a navigation graph"",""In a sealed class hierarchy""]",1,Each destination is usually a standalone composable shown based on selection state.
55,1,How are navigation items typically defined in NavigationSuiteScaffold?,"[""In a separate XML resource file"",""Using a sealed class hierarchy"",""Via the item() function in navigationSuiteItems"",""With @NavigationItem annotations""]",2,"Items are created by calling item() within the navigationSuiteItems lambda, providing icon, label, and click handler."
55,2,How do you customize navigation item colors?,"[""Through XML color resources"",""Using NavigationSuiteDefaults.itemColors()"",""Via theme attributes"",""With @Style annotations""]",1,itemColors() configures colors for different states (selected/unselected) and layout types.
55,3,How is the selected navigation item visually indicated?,"[""All of the above"",""Automatically by the scaffold"",""Through the selected parameter"",""Via state-driven styling""]",0,Selection is managed through the selected parameter which triggers built-in highlighting.
55,4,What does the indicatorColor customize?,"[""Icon tint colors"",""Text label colors"",""The content background"",""The selection highlight""]",3,indicatorColor changes the visual marker for the selected item.
55,5,What enum typically represents navigation destinations?,"[""A data class hierarchy"",""A sealed class"",""An enum with icon/label properties"",""String constants""]",2,"An enum conveniently groups destination properties like labels, icons, and content descriptions."
55,6,What happens to the navigation rail when the screen is narrow?,"[""It converts to a bottom bar"",""It hides completely"",""It shows as an overlay"",""It shrinks to icon-only mode""]",0,The scaffold automatically switches between rail (wide) and bar (narrow) layouts.
55,7,What happens when a navigation item is clicked?,"[""It automatically navigates to the linked screen"",""It expands to show sub-items"",""It shows a context menu"",""Its onClick handler updates the selection state""]",3,The onClick handler typically updates a state variable that drives both selection highlighting and content display.
55,8,What is the primary purpose of NavigationSuiteScaffold?,"[""To handle network requests"",""To implement adaptable navigation bars/rails"",""To manage database operations"",""To optimize app performance""]",1,NavigationSuiteScaffold provides a framework for implementing navigation that automatically adapts between bar and rail layouts based on screen size.
55,9,What parameter forces a specific layout type regardless of screen size?,"[""forceLayout"",""layoutType"",""navigationMode"",""preferredStyle""]",1,"The layoutType parameter overrides adaptive behavior to use a specific NavigationSuiteType (Bar, Rail, or Drawer)."
55,10,What parameter would make all labels always visible?,"[""alwaysShowLabel"",""expandedText"",""persistentLabels"",""showLabels""]",0,Setting alwaysShowLabel to true prevents labels from hiding in compact modes.
55,11,What's the best way to test adaptive behavior?,"[""A resizable emulator"",""All of the above"",""Multiple device testing"",""Unit tests""]",0,A resizable emulator can dynamically show layout changes across form factors.
55,12,What's the purpose of rememberSaveable for the selection state?,"[""To enable undo functionality"",""To persist across configuration changes"",""To save to SharedPreferences"",""To sync with ViewModel""]",1,rememberSaveable preserves state during configuration changes like rotation.
55,13,Which component displays the actual icon for a navigation item?,"[""Image"",""NavigationIcon"",""The Icon composable"",""VectorAsset""]",2,The icon parameter wraps an Icon composable showing the vector asset.
55,14,Which component displays the content for the selected destination?,"[""DestinationPane"",""NavHost"",""NavigationContent"",""The content lambda in NavigationSuiteScaffold""]",3,The content parameters lambda shows different composables based on the current selection state.
55,15,Which layout does NavigationSuiteScaffold use by default on narrow screens?,"[""Floating action menu"",""Navigation bar"",""Navigation drawer"",""Navigation rail""]",1,"On narrow screens like phones in portrait, it defaults to a bottom navigation bar."
55,16,Which layout type is being phased out?,"[""Bottom app bar"",""Navigation bar"",""Navigation drawer"",""Navigation rail""]",2,The drawer style will be replaced by an expandable rail in future Material 3 updates.
55,17,Which library dependency is required for NavigationSuiteScaffold?,"[""androidx.compose.foundation"",""androidx.navigation.compose"",""material3-adaptive-navigation-suite"",""material3-window-size-class""]",2,This library provides the NavigationSuiteScaffold composable and related components.
55,18,Which parameter controls the background color of the content area?,"[""backgroundColor"",""containerColor"",""contentBackground"",""surfaceColor""]",1,containerColor sets the background color for the scaffolds content area.
55,19,Which property tracks the currently selected destination?,"[""A state variable"",""currentDestination"",""navController"",""selectedItem""]",0,A state variable (like rememberSaveable) tracks selection and triggers recomposition when changed.
56,0,How can you enable both horizontal and vertical scrolling for a composable?,"[""By combining verticalScroll() and horizontalScroll()"",""By using a nested scrollable() modifier"",""By using detectDragGestures()"",""By using scrollable() for each direction""]",0,"To enable both horizontal and vertical scrolling, you can apply verticalScroll() and horizontalScroll() with their respective states to a composable."
56,1,How can you simulate multi-touch gestures in an emulator?,"[""By double-clicking on the screen"",""By enabling developer options"",""By holding the Ctrl or Cmd key while dragging"",""By using a mouse with a scroll wheel""]",2,"In an emulator, you can simulate multi-touch gestures by holding the Ctrl (or Cmd on macOS) key while dragging with the mouse."
56,2,How is the scale state applied when using the transformable() modifier?,"[""By adding an offset to the composable"",""By adjusting the composable's size property"",""By changing the color of the composable"",""By updating the graphicsLayer properties""]",3,"In the transformable() modifier, scale changes are applied by adjusting the graphicsLayer properties like scaleX and scaleY."
56,3,What does the offset change parameter in rememberTransformableState represent?,"[""The angle of rotation"",""The distance the component has been scaled"",""The new background color"",""The x and y position adjustments from a translation""]",3,The offset change parameter in rememberTransformableState tracks the changes in the x and y positions when translating a composable.
56,4,What does the offset parameter in detectDragGestures() represent?,"[""The color of the dragged element"",""The current x and y offset values of a drag"",""The distance from the screen edge"",""The size of the composable""]",1,"In detectDragGestures(), the offset represents the distance the element has been dragged along the x and y axes."
56,5,What function should be used to preserve the state of a gesture across recompositions?,"[""mutableStateOf()"",""pointerInput()"",""remember()"",""rememberDraggableState()""]",2,"The remember() function is used to preserve the state of an object across recompositions, which is important for tracking gesture states."
56,6,What is required for detecting translation gestures using the transformable() modifier?,"[""Setting the rotation parameter"",""Tracking the offset change"",""Updating the background color"",""Using the draggable() modifier""]",1,"For translation detection, you must track offset changes using the transformable() modifier to adjust the position of a composable."
56,7,What is required to handle multi-directional drag gestures in Jetpack Compose?,"[""clickable()"",""detectDragGestures()"",""draggable()"",""scrollable()""]",1,detectDragGestures() allows handling drag gestures in multiple directions by providing access to both horizontal and vertical offset changes.
56,8,What is the purpose of the Modifier.clickable in Jetpack Compose?,"[""To detect multi-touch gestures"",""To detect pinch and zoom gestures"",""To detect simple click gestures"",""To detect swipes""]",2,The Modifier.clickable is used to detect simple click gestures or taps on composable elements.
56,9,What is the role of the TransformableState in the transformable() modifier?,"[""To detect single-tap gestures"",""To manage drag state"",""To store color changes"",""To track scale, rotation, and offset changes""]",3,"TransformableState is used to track changes in scale (zoom), rotation, and position when handling multi-touch gestures like pinch and rotate."
56,10,What parameter is used with scrollable() to determine the scroll direction?,"[""Axis"",""Direction"",""Orientation"",""Scale""]",2,The Orientation parameter in the scrollable() modifier determines whether the scrolling occurs vertically or horizontally.
56,11,Which function is used in Jetpack Compose to detect various tap gestures?,"[""clickable()"",""detectTapGestures()"",""onTap()"",""pointerInput()""]",1,"The detectTapGestures() function in the PointerInputScope allows detection of different tap gestures like onPress, onTap, onLongPress, and onDoubleTap."
56,12,Which gesture detection method allows continuous tracking of touch movements?,"[""clickable()"",""detectDragGestures()"",""scrollable()"",""transformable()""]",1,"detectDragGestures() provides continuous tracking of touch movements, making it suitable for gestures like dragging across the screen."
56,13,Which gesture detection method allows tracking both pinch and zoom gestures?,"[""clickable()"",""detectTapGestures()"",""draggable()"",""transformable()""]",3,"The transformable() modifier is used for detecting pinch, zoom, and rotation gestures in Jetpack Compose."
56,14,Which gesture detection method is not limited to a single orientation?,"[""detectDragGestures()"",""draggable()"",""scrollable()"",""verticalScroll()""]",0,"detectDragGestures() can handle both horizontal and vertical drag gestures, unlike scrollable(), which is limited to one direction."
56,15,Which gesture is commonly used for zooming in or out in a UI?,"[""Double-tap"",""Drag"",""Long press"",""Pinch""]",3,"Pinch gestures, which involve moving two fingers closer or apart, are commonly used to zoom in or out of content."
56,16,Which method is used to create a scroll state in Compose?,"[""rememberDraggableState()"",""rememberScrollState()"",""rememberScrollableState()"",""rememberTransformableState()""]",1,The rememberScrollState() function is used to create a scroll state that can be used with verticalScroll() and horizontalScroll() modifiers.
56,17,Which method is used to create a stateful object for detecting gestures like taps and swipes?,"[""mutableStateOf"",""remember"",""rememberDraggableState"",""rememberScrollableState""]",1,"The remember function is used to create stateful objects that preserve their state across recompositions, useful for managing gesture-related states."
56,18,Which modifier is typically used for implementing scrolling behavior in a vertical list?,"[""draggable()"",""pointerInput()"",""scrollable()"",""verticalScroll()""]",3,The verticalScroll() modifier is commonly used to implement scrolling behavior in vertical lists or layouts.
56,19,Which modifier is used to detect drag gestures in a specific direction in Jetpack Compose?,"[""clickable()"",""draggable()"",""pointerInput()"",""scrollable()""]",1,"The draggable() modifier detects drag gestures in either a horizontal or vertical direction, allowing users to drag elements along a specified axis."
56,20,Which modifier is used to make a component respond to user scrolling?,"[""clickable()"",""pointerInput()"",""scrollable()"",""scrolling()""]",2,The scrollable() modifier allows a composable to respond to user scrolling gestures in a specified orientation (horizontal or vertical).
56,21,Which property of graphicsLayer would you use to rotate a composable?,"[""angle"",""rotationX"",""rotationY"",""rotationZ""]",3,The rotationZ property in graphicsLayer is used to apply rotation to a composable around the Z-axis.
57,0,How does the buffer() operator improve efficiency in a flow?,"[""By allowing the producer to emit values without waiting for the consumer"",""By ensuring all values are collected in order"",""By limiting the number of collectors"",""By transforming the data into a list""]",0,"The buffer() operator allows the producer to continue emitting values while the consumer processes previously emitted values, improving the flows overall efficiency."
57,1,What are the three main components of a Kotlin Flow?,"[""Emitters, Collectors, Filters"",""Producers, Collectors, Intermediaries"",""Producers, Intermediaries, Consumers"",""Sources, Sinks, Processors""]",2,"In Kotlin Flows, producers emit values, intermediaries can transform or filter those values, and consumers collect the values emitted by the flow."
57,2,What does the collectAsState() function do when used with a flow in Jetpack Compose?,"[""Converts a flow to a LiveData instance"",""Converts a flow to a State that can be used in Compose"",""Initiates the flow's producer block"",""Transforms the flow's data before collection""]",1,"collectAsState() allows a flows data to be converted into a state object, making it easier to use within Jetpack Compose."
57,3,What does the flatMapConcat() operator do in a flow?,"[""Concatenates emissions from each flow synchronously"",""Filters out unwanted values"",""Merges all flows into a single stream"",""Transforms each emitted value into a different data type""]",0,"The flatMapConcat() operator collects emissions from multiple flows in sequence, ensuring each flows emissions are processed synchronously."
57,4,What does the map() operator do in a Kotlin Flow?,"[""It delays the emission of values."",""It filters out unwanted values."",""It merges multiple flows into one."",""It transforms each emitted value into a new value.""]",3,The map() operator allows you to transform each value emitted by the flow before it is collected.
57,5,What does the replay parameter in a MutableSharedFlow do?,"[""Controls the maximum duration for each flow."",""Determines how many values should be replayed to new subscribers."",""Sets the priority of flow emissions."",""Specifies the time between emissions.""]",1,The replay parameter defines how many previously emitted values should be sent to new collectors when they subscribe to the SharedFlow.
57,6,What happens when a flow is collected using the collect() function?,"[""It cancels the flow immediately."",""It converts the flow into a State object."",""It processes all emitted values from the flow."",""It transforms the flow into a LiveData object.""]",2,The collect() function initiates the flow collection process and processes each emitted value in the order it is received.
57,7,What is a key advantage of using the transform() operator over map()?,"[""It allows emitting multiple values for each input value."",""It automatically filters out null values."",""It is faster than map()."",""It is more readable.""]",0,"The transform() operator provides more flexibility, allowing you to emit multiple values for each input, whereas map() only transforms each value to a single new value."
57,8,What is a key limitation of suspend functions that Kotlin Flows address?,"[""They are only suitable for tasks that return no result or a single value."",""They block the main thread during execution."",""They can only be used with coroutines."",""They cannot perform tasks concurrently.""]",0,"Kotlin Flows are designed to handle situations where multiple sequential results need to be returned from a coroutine-based task, unlike suspend functions, which are limited to returning a single value."
57,9,What is the difference between StateFlow and SharedFlow?,"[""SharedFlow is lifecycle-aware, but StateFlow is not."",""StateFlow can replay values, but SharedFlow cannot."",""StateFlow requires an initial value, while SharedFlow does not."",""StateFlow supports multiple collectors, while SharedFlow does not.""]",2,"StateFlow needs an initial value because it is used for managing state changes, whereas SharedFlow can start without an initial value."
57,10,What is the primary purpose of the zip() operator in flows?,"[""To combine values from multiple flows by waiting for pairs"",""To concatenate values from multiple flows into one"",""To filter out values based on conditions"",""To map values to a new type""]",0,The zip() operator waits for values from both flows to be available before pairing them and emitting the combined result.
57,11,What is the purpose of the emit() function in Kotlin Flow?,"[""To collect data from the flow"",""To define the flow's lifecycle"",""To emit values from the producer to the flow"",""To transform the data emitted by the flow""]",2,The emit() function is used in the producer block to send values into the flow.
57,12,What type of flow is a SharedFlow considered?,"[""Cold flow"",""Hot flow"",""Stateful flow"",""Unidirectional flow""]",1,"SharedFlow is a hot flow, meaning it starts emitting values as soon as it is created, regardless of whether it has any subscribers."
57,13,Which flow builder is used to convert a fixed set of values into a flow?,"[""asFlow()"",""emit()"",""flow()"",""flowOf()""]",3,The flowOf() builder is used to create a flow from a fixed set of values.
57,14,Which flow operator should be used if you want to cancel ongoing collections when a new value arrives?,"[""collectLatest()"",""conflate()"",""fold()"",""zip()""]",0,"collectLatest() cancels ongoing work when a new value arrives, ensuring that only the latest data is processed."
57,15,Which function is used to convert a cold flow into a hot flow?,"[""asSharedFlow()"",""asStateFlow()"",""launchIn()"",""shareIn()""]",3,"The shareIn() function is used to convert a cold flow into a hot flow, allowing it to start emitting values even before any collectors subscribe."
57,16,Which of the following statements is true about Kotlin flows?,"[""They allow multiple values to be returned sequentially over time."",""They can only be used for synchronous tasks."",""They cannot be used with Jetpack Compose."",""They require multiple threads for execution.""]",0,"Kotlin Flows are designed to emit a sequence of values over time, making them suitable for asynchronous streams of data."
57,17,Which operator can be used to filter out values in a Kotlin Flow?,"[""asFlow()"",""collect()"",""filter()"",""map()""]",2,The filter() operator is used to include or exclude values based on a given condition.
57,18,Which operator would you use if you need to combine the latest values from two flows whenever either of them emits a new value?,"[""collectLatest()"",""combine()"",""flatMapConcat()"",""zip()""]",1,"The combine() operator merges values from two flows whenever either of them emits a new value, using the latest values from each."
57,19,Which terminal flow operator discards intermediate values if new ones arrive before the previous ones are processed?,"[""collect()"",""collectLatest()"",""conflate()"",""reduce()""]",1,"The collectLatest() operator cancels ongoing collection when a new value arrives, ensuring that only the latest value is processed."
58,0,How does SharedFlow handle multiple collectors?,"[""All collectors share the same data stream."",""Collectors receive the latest emitted value only."",""Each collector receives a different stream of data."",""Only one collector is allowed at a time.""]",0,"SharedFlow allows multiple collectors to share the same data stream, which means all active collectors will receive the same emitted values."
58,1,"How does an app handle configuration changes, such as device rotation, when using SharedFlow?","[""The ViewModel is cleared, and a new instance is created."",""The activity restarts but the flow is paused."",""The flow continues without restarting, retaining its state."",""The flow restarts and loses its state.""]",2,"Since the SharedFlow resides in the ViewModel, it retains its state and continues emitting values even after a configuration change, like device rotation."
58,2,What does the SharedFlow emit method do?,"[""Converts a SharedFlow into a StateFlow"",""Emits a new value into the SharedFlow"",""Starts the flow collection"",""Terminates the flow""]",1,"The emit method is used within a coroutine to send new values into the SharedFlow, which can then be collected by any subscribers."
58,3,What does the onBufferOverflow parameter in MutableSharedFlow control?,"[""How the flow handles new values when the buffer is full"",""The flow's emission delay"",""The initial value of the SharedFlow"",""The maximum number of collectors""]",0,"The onBufferOverflow parameter defines how a SharedFlow should behave when its buffer is full, such as discarding the oldest or latest value or suspending until space is available."
58,4,What happens if a new value is emitted while the SharedFlow collector is processing a previous value?,"[""The collection stops and restarts."",""The flow suspends until the previous value is processed."",""The new value is discarded."",""The new value waits in a buffer.""]",3,"SharedFlow supports buffering, which means new values can wait in a buffer until the collector is ready to process them."
58,5,What happens when the app is placed in the background without using repeatOnLifecycle?,"[""The ViewModel is destroyed."",""The collection continues even though the app is in the background."",""The flow restarts from the initial value when the app resumes."",""The flow stops emitting values.""]",1,"Without using repeatOnLifecycle, the flow collection continues even when the app is in the background, which can be inefficient as it updates a UI that is not visible."
58,6,What is the default replay behavior of SharedFlow if not configured otherwise?,"[""Does not replay any values"",""Replays all values"",""Replays only the first value"",""Replays the last emitted value""]",0,"By default, SharedFlow does not replay any values. Replay behavior must be explicitly configured using the replay parameter."
58,7,What is the key advantage of using repeatOnLifecycle for flow collection?,"[""It allows flow collection to continue indefinitely."",""It allows multiple collectors for a single flow."",""It makes the flow immutable."",""It starts and stops collection based on the lifecycle state.""]",3,"repeatOnLifecycle is used to automatically start and stop flow collection when the apps lifecycle state changes, such as when the app moves between foreground and background."
58,8,What is the primary purpose of using SharedFlow in the provided tutorial?,"[""To emit sequential integer values from a ViewModel and collect them in the UI"",""To handle lifecycle events in Android"",""To manage UI state in a Compose app"",""To replace LiveData in ViewModel""]",0,"The tutorial uses SharedFlow to emit integer values every two seconds from a ViewModel, which are then collected in the Main Activity to be displayed in a list."
58,9,What is the purpose of the viewModelScope in the tutorial?,"[""To handle configuration changes in the app"",""To launch coroutines that are tied to the lifecycle of the ViewModel"",""To manage navigation between screens"",""To manage the UI state within a composable function""]",1,viewModelScope is used to launch coroutines within a ViewModel. This ensures that coroutines are automatically canceled when the ViewModel is cleared.
58,10,Which function is used to create a SharedFlow instance that can be collected?,"[""MutableSharedFlow()"",""MutableStateFlow()"",""SharedFlow()"",""flowOf()""]",0,"MutableSharedFlow() is used to create a mutable instance that can emit values, which is then exposed as a SharedFlow using the asSharedFlow() method."
58,11,Which function is used to stop collecting values when the app is in the background?,"[""collect()"",""launchIn()"",""observeAsState()"",""repeatOnLifecycle()""]",3,"repeatOnLifecycle() is used to ensure that the flow collection starts when the app reaches a certain lifecycle state (e.g., STARTED) and stops when the lifecycle state changes (e.g., when the app is in the background)."
58,12,Which lifecycle state is used with repeatOnLifecycle to start collecting the SharedFlow?,"[""Lifecycle.State.CREATED"",""Lifecycle.State.INITIALIZED"",""Lifecycle.State.RESUMED"",""Lifecycle.State.STARTED""]",3,Lifecycle.State.STARTED is used with repeatOnLifecycle to start collecting the flow when the app is visible and stop collection when it moves to the background.
58,13,Why is LaunchedEffect used when collecting a SharedFlow?,"[""To convert the flow to LiveData"",""To ensure collection is tied to the composable lifecycle"",""To restart the flow when the screen rotates"",""To suspend the flow during collection""]",1,"LaunchedEffect ensures that the flow collection is managed within the lifecycle of the composable, starting and stopping collection as the composable enters and exits the composition."
58,14,Why is the asSharedFlow() function used?,"[""To convert a StateFlow into a SharedFlow"",""To expose a MutableSharedFlow as a read-only SharedFlow"",""To reset the SharedFlow"",""To start emitting values from a SharedFlow""]",1,"The asSharedFlow() function is used to convert a MutableSharedFlow into a read-only SharedFlow, ensuring that the flow can be observed without being modified externally."
59,0,How are generated images accessed from an ImagenGenerationResponse?,"[""As a list of ImagenInlineImage objects in the images property"",""By decoding a Base64 string in the response"",""Through a separate Firebase Storage download"",""Via the text property""]",0,The images property of ImagenGenerationResponse contains ImagenInlineImage instances representing generated images.
59,1,How can an Android app maintain context between multiple AI interactions?,"[""By caching responses locally and reusing them"",""By initiating a chat session with startChat()"",""By setting a context flag in the generativeModel() call"",""By using the same Content object for all requests""]",1,"Chat sessions (created via startChat()) retain context between messages, unlike standalone generateContent() calls."
59,2,What does the negativePrompt property in ImagenGenerationConfig do?,"[""Blocks inappropriate content more aggressively"",""Prevents the model from generating images with certain elements"",""Reverses the meaning of the primary prompt"",""Specifies a prompt to generate inverted-color images""]",1,"The negativePrompt property excludes specific elements (e.g., no dogs or cars) from generated images."
59,3,What happens if Imagen's personFilterLevel is set to BLOCK_ALL?,"[""Images of children are allowed, but adults are blocked"",""No images containing people of any age are generated"",""Only cartoon characters are allowed in generated images"",""The model refuses all image generation requests""]",1,"BLOCK_ALL prevents the generation of images containing people, regardless of age."
59,4,What is multi-modal input content in the context of Gemini AI?,"[""A single text string input"",""Content generated by multiple AI models simultaneously"",""Content that includes multiple languages"",""Input that combines different data types (e.g., text, images, video)""]",-1,Explanation:
59,5,What is the key difference between generateContent() and generateContentStream()?,"[""generateContent() is free, while generateContentStream() requires billing"",""generateContent() supports multi-modal inputs, while generateContentStream() does not"",""generateContentStream() only works with the Vertex AI API"",""generateContentStream() returns responses incrementally as a stream, while generateContent() returns a single response""]",3,"The generateContentStream() method provides a stream of responses, useful for displaying early results while processing continues."
59,6,What is the main advantage of using Gemini Flash over Gemini Pro?,"[""It can generate videos from text inputs"",""It is more cost-efficient for generating text results"",""It provides live interaction capabilities"",""It supports more input types than Gemini Pro""]",1,Gemini Flash is a cost-efficient model for generating text results in response to various inputs.
59,7,What is the primary function of the Imagen model?,"[""Creating images from text descriptions"",""Generating text responses to complex queries"",""Providing live interaction with AI"",""Transcribing audio and video inputs""]",0,The Imagen model generates images based on text prompts.
59,8,What is the primary purpose of integrating AI into Android apps using Google's tools?,"[""To enhance app capabilities with AI features like text, image, and video generation"",""To make apps independent of internet connectivity"",""To reduce app development costs without adding functionality"",""To replace human developers entirely""]",0,"Google provides tools and APIs to integrate AI into apps, enabling features such as text generation, video analysis, and image generation."
59,9,Which Gemini model is best suited for solving complex problems involving large data volumes?,"[""Gemini Flash"",""Gemini Flash Live"",""Gemini Pro"",""Imagen""]",2,Gemini Pro is the most powerful model for generating fast and accurate responses to complex problems or large data volumes.
59,10,Which ImagenSafetyFilterLevel setting applies the strictest optional content filters?,"[""BLOCK_ALL"",""BLOCK_LOW_AND_ABOVE"",""BLOCK_MEDIUM_AND_ABOVE"",""BLOCK_ONLY_HIGH""]",1,"BLOCK_LOW_AND_ABOVE enforces strict filtering, blocking more requests but minimizing objectionable content."
59,11,Which Kotlin construct is recommended for efficiently creating a Content object with multiple inputs?,"[""A Kotlin DSL builder (content {} block)"",""A sealed class hierarchy"",""A traditional Java-style builder pattern"",""Direct constructor initialization""]",0,The Kotlin DSL builder (content {}) as a more efficient way to create Content objects with multiple inputs.
59,12,Which method converts an ImagenInlineImage to a usable bitmap format?,"[""asBitmap()"",""decodeImage()"",""renderBitmap()"",""toBitmap()""]",0,Calling asBitmap() on an ImagenInlineImage instance converts it to a bitmap for use in the app.
59,13,Which method is used to create a generative model instance in Kotlin?,"[""generateContent()"",""generativeModel()"",""sendMessage()"",""startChat()""]",1,The generativeModel() method is called to create a GenerativeModel instance with the specified model name.
59,14,Which method is used to send a message in an ongoing chat session?,"[""continueChat()"",""generateContent()"",""postMessage()"",""sendMessage()""]",3,The Chat objects sendMessage() method is used to send input content while maintaining conversation context.
59,15,Which model is specifically designed for generating images from text descriptions?,"[""Gemini Flash Live"",""Gemini Pro"",""Imagen"",""Veo""]",2,The Imagen model is designed to generate images based on text descriptions.
59,16,Why should content generation calls be performed in a coroutine?,"[""Because Gemini AI only works with Kotlin coroutines"",""Because coroutines are required for all Firebase operations"",""To avoid using the main thread for any app functionality"",""To ensure UI responsiveness while waiting for AI responses""]",3,"Content generation can take time, so using coroutines (with Dispatchers.IO) prevents blocking the main thread and keeps the UI responsive."
60,0,What file needs to be added to the Android Studio project after registering the app with Firebase?,"[""ai-credentials.dat"",""firebase-keys.xml"",""gemini-config.json"",""google-services.json""]",3,The google-services.json file containing the project ID and API keys must be added to the project.
60,1,What is the first step in preparing a Gemini Firebase AI Logic project?,"[""Adding library dependencies"",""Creating a Google Cloud account"",""Generating an API key in AI Studio"",""Registering the app with Firebase""]",1,"Gemini AI projects are stored and managed in a Google Cloud account, which must be created first before proceeding with other setup steps."
60,2,Where is the API key for Gemini APIs generated?,"[""Android Studio"",""Firebase Console"",""Google AI Studio"",""Google Cloud Dashboard""]",2,API keys must be generated using Google AI Studio by accessing the AI Studio dashboard.
60,3,Where should the google-services.json file be placed in the Android Studio project?,"[""In the Gradle scripts folder"",""In the app folder"",""In the app/src/main/res folder"",""In the root project directory""]",1,The google-services.json file must be placed into the app folder in the Project tool window.
60,4,Which plugin needs to be added to the module and project-level build.gradle.kts files?,"[""androidx.navigation"",""com.google.ai"",""com.google.firebase"",""com.google.gms.google-services""]",3,The com.google.gms.google-service plugin is required to read the google-services.json file.
63,0,How are generated images converted for display in Compose?,"[""Through decodeBitmap()"",""Using asImageBitmap()"",""Via toComposeImage()"",""With renderBitmap()""]",1,The ImagenInlineImages asBitmap() creates a bitmap thats then converted to ImageBitmap for Compose.
63,1,What does the personFilterLevel setting control?,"[""API request frequency"",""Image resolution quality"",""User authentication levels"",""Whether generated images can contain people""]",3,This safety setting determines if generated images may include adult or child figures.
63,2,What happens when image generation violates safety filters?,"[""A default image is shown"",""An error message appears in the Text component"",""The app crashes"",""The request is automatically retried""]",1,Safety violations result in error messages being displayed through the stateFlow mechanism.
63,3,What is the primary purpose of the Imagen model in the GeminiDemo project?,"[""To analyze existing images"",""To convert images to different formats"",""To enhance image quality"",""To generate images from text descriptions""]",3,The Imagen model specializes in creating visual content based on textual prompts provided by users.
63,4,What is the purpose of the ImagenGenerationConfig in the model initialization?,"[""To configure image output characteristics"",""To define API rate limits"",""To manage network timeouts"",""To set user authentication parameters""]",0,"This configuration determines aspects like image count, aspect ratio, and format for generated images."
63,5,What is the purpose of the safetyFilterLevel setting?,"[""To adjust color saturation"",""To control image compression"",""To manage content appropriateness filters"",""To set privacy levels""]",2,This configuration determines how strictly optional content filters are enforced.
63,6,Which Firebase plan is required for image generation with Imagen?,"[""Blaze plan"",""Flame plan"",""Free tier"",""Spark plan""]",0,Image generation requires upgrading to the pay-as-you-go Blaze plan linked to a Google Cloud Billing account.
64,0,How are interactive actions such as button clicks handled in a Glance widget?,"[""By implementing onTouchEvent()"",""By overriding the onClick() method"",""By using the clickable() modifier"",""By using the handleClick() method""]",2,"Interactive actions in Glance widgets are handled using the clickable() modifier, which can be applied to any composable."
64,1,How is a Glance widget's broadcast receiver registered?,"[""In the app's main activity"",""Through the build.gradle file"",""Using a Java file"",""Within the AndroidManifest.xml file""]",3,The broadcast receiver for a Glance widget must be registered in the AndroidManifest.xml file to handle lifecycle events properly.
64,2,In which method can you override to handle the widget being disabled?,"[""onDelete()"",""onDisabled()"",""onEnabled()"",""onReceive()""]",1,The onDisabled() method is overridden to handle tasks that need to occur when a widget is disabled.
64,3,What is a 'cell' in the context of a Glance widget on Android 12?,"[""A layout component for organizing elements"",""A pixel on the screen"",""A unit of background color"",""The space occupied by a single app icon""]",3,"On Android 12, a cell refers to the space that a single app icon occupies on the home screen, used to define widget dimensions."
64,4,What is required to create a responsive Glance widget layout?,"[""Defining multiple size modes with SizeMode.Responsive"",""Overriding the onResize() method"",""Setting sizeMode to Single"",""Using the GlanceModifier for styling""]",0,A responsive Glance widget layout uses SizeMode.Responsive to define multiple size modes and adjust the content based on available space.
64,5,What is required to ensure a Glance widget remains up-to-date with the latest data?,"[""Adding all data to the provideGlance() method"",""Manually refreshing the widget every time"",""Scheduling updates with updateAll()"",""Using a static XML layout""]",2,"Glance widgets should use updateAll() to ensure they remain up-to-date with the latest information, especially for time-sensitive data."
64,6,What is the primary purpose of Glance in Jetpack Compose?,"[""To add widgets to apps"",""To create custom themes"",""To improve app performance"",""To manage complex animations""]",0,"Glance is a framework in Jetpack Compose that allows developers to add widgets to their apps, offering users a way to interact with app content directly from their devices home screen."
64,7,What is the purpose of the 'android:resizeMode' attribute in a widget's XML configuration?,"[""To adjust the widget's layout alignment"",""To control the resizing direction of the widget"",""To define the background color of the widget"",""To set the widget's update interval""]",1,"The android:resizeMode attribute specifies whether a widget can be resized horizontally, vertically, or both."
64,8,What is the purpose of the 'targetCellWidth' attribute in a widget XML file?,"[""To control the widget's update"",""To define the minimum size of the widget"",""To set the number of home screen cells the widget occupies"",""To specify the pixel width of the widget""]",2,The targetCellWidth attribute defines how many cells (icon-sized spaces) the widget occupies on the home screen.
64,9,What is the role of 'GlanceModifier' in Glance widgets?,"[""To apply styling and layout modifications"",""To handle background updates"",""To manage widget lifecycle events"",""To provide theme colors""]",0,"GlanceModifier is used in Glance widgets to apply layout and styling modifications to widget components, similar to the Modifier in Jetpack Compose."
64,10,What is the role of a Broadcast Receiver in a Glance widget?,"[""To create animations for widgets"",""To handle user inputs"",""To listen for system messages and lifecycle events"",""To update the widget layout""]",2,A Broadcast Receiver in a Glance widget listens for system messages and lifecycle events like enabling or disabling the widget.
64,11,What should be the top-level component in a Glance widget layout?,"[""Box"",""Column"",""GlanceModifier"",""GlanceTheme""]",3,"The top-level component in a Glance widget should be GlanceTheme, which defines the widgets color scheme and can be customized."
64,12,Which attribute in the appwidget-provider XML controls the widget's resizing behavior?,"[""android:initialLayout"",""android:layoutGravity"",""android:minWidth"",""android:resizeMode""]",3,"The android:resizeMode attribute controls whether a widget can be resized and in which directions (horizontal, vertical, or both)."
64,13,Which component converts Glance composables into views that can be displayed outside the app's process?,"[""BroadcastReceiver"",""GlanceAppWidget"",""GlanceModifier"",""RemoteViews""]",3,"Glance uses RemoteViews to display composables outside the apps process, such as on the devices home screen."
64,14,Which component is used to display text in a Glance widget?,"[""GlanceModifier"",""GlanceText"",""Text"",""TextView""]",2,"Glance widgets use the Text composable from the Glance framework to display text, similar to Jetpack Compose."
64,15,Which function is used to initiate widget updates in Glance?,"[""refreshAll()"",""refreshGlance()"",""updateAll()"",""updateWidget()""]",2,The updateAll() function is used to initiate updates for a Glance widget and must be called within a coroutine.
64,16,Which method must be overridden when creating a custom Glance widget?,"[""onCreate()"",""onResume()"",""provideContent()"",""provideGlance()""]",3,"To create a custom Glance widget, you need to subclass GlanceAppWidget and override the provideGlance() method to define the widgets content."
64,17,Which method should be used to respond to a widget's size change in Glance?,"[""LocalSize.current"",""handleSizeChange()"",""onResize()"",""provideSize()""]",0,LocalSize.current is used within a composable to identify the current size of the widget and adjust the layout accordingly.
64,18,Which of the following Glance actions is used to start background tasks?,"[""actionBackgroundTask()"",""actionSendBroadcast()"",""actionStartActivity()"",""actionStartService()""]",3,"The actionStartService() function is used to launch services, which can handle long-running background tasks."
64,19,Which of the following Glance components allows launching activities?,"[""GlanceModifier"",""actionSendBroadcast()"",""actionStartActivity()"",""actionStartService()""]",2,The actionStartActivity() function is used within a Glance widget to launch activities from the widget.
65,0,What is required to make a Glance widget responsive to size changes?,"[""Setting minHeight and minWidth only"",""Setting the layout to fixed"",""Using SizeMode.Responsive with specified sizes"",""Using only a single layout""]",2,Using SizeMode.Responsive with defined sizes allows the widget to adapt its layout based on different dimensions.
65,1,What is the purpose of the .clickable modifier in Glance widgets?,"[""To change text color"",""To handle user interactions"",""To refresh the layout"",""To set background images""]",1,The .clickable modifier is used to define actions that occur when a user interacts with a widget element.
65,2,Which Gradle dependency is necessary for using Glance in a project?,"[""androidx.compose.material3"",""androidx.glance.appwidget"",""androidx.lifecycle.viewmodel.compose"",""kotlinx.coroutines.core""]",1,The androidx.glance.appwidget library is required for creating Glance widgets.
65,3,Which component in the Glance widget layout displays text?,"[""GlanceText"",""GlanceTheme"",""MaterialText"",""Text""]",3,The Text component from the Glance library is used to display text in Glance widgets.
65,4,Which file specifies the configuration settings like size and preview image for the widget?,"[""appwidget-config.xml"",""build.gradle"",""stock_app_widget_info.xml"",""widget-settings.json""]",2,"The stock_app_widget_info.xml file contains configuration settings for the widget, such as size and preview image."
65,5,Which function is called to update a Glance widget manually?,"[""refreshAll()"",""refreshWidget()"",""updateAll()"",""updateContent()""]",2,The updateAll() function is used to refresh the content of a Glance widget manually.
65,6,Which method is used to define the content of a Glance widget?,"[""composeContent()"",""glanceContent()"",""provideContent()"",""setContent()""]",2,The provideContent() method is used within the GlanceAppWidget to define the layout and content of the Glance widget.
66,0,How is the initial fingerprint data enrolled on a physical Android device?,"[""By adding it through the app's settings."",""By uploading it to Google Play Services."",""Through the device's Security & privacy settings."",""Using a third-party biometric scanner.""]",2,"Fingerprint enrollment is done through the devices Security & privacy settings, where users can register their fingerprints."
66,1,"In the context of biometric authentication, what is a 'singleton' object in Kotlin?","[""A class that manages biometric data."",""A class used for user interface components."",""An object that can be instantiated multiple times."",""An object that has only one instance throughout the app.""]",3,"A singleton in Kotlin is a type of object that has a single instance, making it ideal for managing shared data like biometric state."
66,2,What does the BiometricPrompt class do?,"[""It checks if the device supports biometric authentication."",""It displays a custom authentication screen."",""It displays a standard dialog for user authentication and reports the results."",""It manages user settings for biometric authentication.""]",2,"BiometricPrompt handles displaying the authentication dialog, guiding users through the process, and returning the result to the app."
66,3,What happens when too many failed biometric authentication attempts occur?,"[""The app is automatically closed."",""The app requests the user to register a new biometric."",""The device is locked permanently."",""The user must authenticate through the lock screen.""]",3,"After multiple failed attempts, BiometricPrompt enforces a timeout and requires the user to use the device lock screen to try again."
66,4,What is required to initiate fingerprint authentication on a device?,"[""A device with a built-in face scanner."",""A third-party biometric library."",""An API level of 21 or above."",""At least one enrolled fingerprint and a secure lock screen.""]",3,"To use fingerprint authentication, the device must have at least one registered fingerprint and a secure method for unlocking the screen."
66,5,What is the primary purpose of the BiometricManager class in Android biometric authentication?,"[""To display a dialog for user authentication."",""To manage user interactions with biometric sensors."",""To store fingerprint data on the device."",""To verify hardware support for biometric authentication and check user settings.""]",3,"The BiometricManager class ensures that the device supports biometric authentication and that the user has enabled the required settings, like fingerprint or face recognition."
66,6,What is the purpose of the setNegativeButtonText() method in the BiometricPrompt.Builder?,"[""To define a message displayed on successful authentication."",""To define the text displayed on the cancel button of the prompt."",""To set the message for failed authentication attempts."",""To specify the retry interval for biometric authentication.""]",1,"setNegativeButtonText() sets the text for the negative button, providing the user with an option to cancel the authentication process."
66,7,What is the role of the BiometricPrompt.PromptInfo.Builder class?,"[""It checks hardware compatibility for biometric authentication."",""It creates a configuration for the biometric prompt, including title and button text."",""It handles the registration of biometric data."",""It manages user authentication callbacks.""]",1,"The Builder class configures the prompt dialog, allowing developers to set the title, description, and cancel button text."
66,8,What role does BiometricPrompt.AuthenticationCallback play in biometric authentication?,"[""It displays the user interface for biometric authentication."",""It is used to update the app's biometric settings."",""It manages the storage of fingerprint data."",""It provides methods to handle authentication results.""]",3,"BiometricPrompt.AuthenticationCallback is used to define what actions the app should take when authentication succeeds, fails, or encounters an error."
66,9,Which Android API level is required as a minimum for the BiometricDemo project?,"[""API 21 (Lollipop)"",""API 23 (Marshmallow)"",""API 26 (Oreo)"",""API 29 (Q)""]",3,"The BiometricDemo project is configured to support a minimum API level of 29, as this version includes enhanced biometric features."
66,10,Which biometric permission is required in the AndroidManifest.xml file to support both fingerprint and face authentication?,"[""android.permission.AUTHENTICATE_BIOMETRIC"",""android.permission.CAMERA"",""android.permission.READ_BIOMETRIC_DATA"",""android.permission.USE_BIOMETRIC""]",3,The USE_BIOMETRIC permission allows the app to access biometric authentication capabilities like fingerprint and face recognition.
66,11,Which method in BiometricPrompt is used to handle errors during authentication?,"[""onAuthenticationError"",""onAuthenticationFailed"",""onAuthenticationSucceeded"",""onBiometricCanceled""]",0,"The onAuthenticationError method handles errors that occur during the authentication process, such as too many failed attempts."
66,12,Which method is used to check if biometric authentication is available and enabled on a device?,"[""BiometricManager.canAuthenticate()"",""BiometricManager.checkAuthentication()"",""BiometricPrompt.authenticate()"",""BiometricPrompt.isAvailable()""]",0,The canAuthenticate() method of BiometricManager is used to determine if biometric authentication is available and properly set up on the device.
66,13,Why is it important to check if the device supports biometric authentication before initiating the process?,"[""To avoid displaying a biometric prompt on unsupported devices."",""To ensure that the app displays the correct language."",""To save battery life during authentication."",""To verify that the device has a compatible display.""]",0,Checking if biometric support is available prevents the app from showing a prompt that users cannot interact with if the device does not support biometric features.
66,14,Why is it necessary to use FragmentActivity instead of ComponentActivity when working with BiometricPrompt in Jetpack Compose?,"[""Because BiometricPrompt requires a context from FragmentActivity."",""Because ComponentActivity does not support Compose UI."",""Because FragmentActivity is more secure."",""Because it simplifies the UI structure.""]",0,"BiometricPrompt is designed to work with FragmentActivitys context, making it incompatible with ComponentActivity."
66,15,Why is the BiometricPrompt.authenticate() method called?,"[""To check for previously stored fingerprint data."",""To initiate the user authentication process."",""To update user biometric preferences."",""To verify that the device supports biometrics.""]",1,"The authenticate() method starts the biometric prompt dialog, allowing the user to authenticate using their biometric data."
66,16,Why is the biometric prompt dialog necessary in the authentication process?,"[""To collect user feedback on the app."",""To guide the user through biometric authentication."",""To provide access to the device's camera."",""To store user credentials.""]",1,"The prompt dialog helps the user understand how to complete the biometric authentication process, such as placing a finger on the sensor."
66,17,Why is the mainExecutor used when creating a BiometricPrompt instance?,"[""To ensure authentication callbacks are handled on the main thread."",""To handle hardware interactions with the fingerprint sensor."",""To manage background biometric processes."",""To register new biometric data.""]",0,"Using the mainExecutor ensures that the authentication results are processed on the main thread, which is necessary for UI updates."
67,0,How does Material Design 3 improve upon the user experience with dynamic colors?,"[""By allowing apps to automatically match the user's wallpaper colors"",""By enabling high-resolution graphics"",""By reducing memory consumption"",""By requiring users to manually adjust color settings""]",0,"Material Design 3s dynamic color feature adjusts app colors to align with the users wallpaper, providing a more cohesive and personalized user experience."
67,1,How many color slots are available for use in Material Design 3?,"[""16"",""24"",""32"",""8""]",1,"Material Design 3 provides a total of 24 color slots for developers to define various aspects of their apps color scheme, allowing for extensive customization."
67,2,What aspect of an app can be customized using the Material Theme Builder?,"[""App permissions"",""Code structure"",""Color palettes and fonts"",""Database schemas""]",2,"The Material Theme Builder allows developers to customize the color schemes and typography of their apps, helping to ensure that the apps visual style matches the desired brand identity."
67,3,What does the 'primary' color slot typically influence in a Material Design theme?,"[""The background color of Material Buttons"",""The background color of all screens"",""The color of the status bar"",""The default font color""]",0,"The primary color slot in Material Design is commonly used as the background color for Material components like buttons, giving them a distinct look based on the apps theme."
67,4,What does the Material Theme Builder help developers to design?,"[""App navigation structure"",""Custom color and font themes"",""Database schemas"",""Dynamic animations""]",1,"The Material Theme Builder is a tool that helps developers design custom color schemes and font styles, making it easier to create cohesive themes for their apps."
67,5,What feature of Material Design 3 allows apps to adapt theme elements to user preferences?,"[""Adaptive Layouts"",""Dynamic Typography"",""Material You"",""Theming Constraints""]",2,"Material Design 3 introduces Material You, a feature that enables apps to adjust their appearance based on user preferences, such as wallpaper, to create a more personalized experience."
67,6,What file in an Android Studio Compose project contains the color definitions for a theme?,"[""Color.kt"",""Theme.kt"",""Typography.kt"",""color.xml""]",0,"The Color.kt file in a Compose project is used to define the colors that are part of the apps theme, which are then used in various UI elements."
67,7,What function is used in Material Design 3 to create color schemes that match the user's settings on Android 12 or later?,"[""adaptiveThemeScheme()"",""autoColorAdjust()"",""dynamicColorScheme()"",""dynamicLightColorScheme() and dynamicDarkColorScheme()""]",3,"The functions dynamicLightColorScheme() and dynamicDarkColorScheme() generate color schemes that adapt to the users system preferences, such as wallpaper, and are used when dynamic colors are enabled."
67,8,What is the default behavior for shape theming in Material Design 3?,"[""Shape theming is automatically applied based on device size"",""Shape theming is not supported yet"",""Shape theming is only available for buttons"",""Shape theming must be manually configured in every component""]",1,"As of now, shape theming is not supported by Material Design 3, although color and typography theming are fully functional."
67,9,What is the primary purpose of Material Design guidelines in Android development?,"[""To enforce strict design rules across all Android apps"",""To mandate the use of Google's default color schemes"",""To provide design consistency while allowing for branding flexibility"",""To restrict the use of custom fonts in apps""]",2,"Material Design provides guidelines to ensure a consistent appearance across different apps while allowing developers to customize colors, typography, and shapes to align with their branding."
67,10,What is the purpose of using the slot API in the MyAppTheme function?,"[""To automatically adjust screen resolution"",""To create new UI elements dynamically"",""To optimize memory usage"",""To pass content into a theme composable""]",3,"The slot API is used in Compose to pass content into a themed container, ensuring that the content respects the themes colors and typography."
67,11,What is the role of the MaterialTheme composable in a Compose project?,"[""To apply color, typography, and shape theming to components"",""To create new UI elements"",""To define the structure of an app"",""To handle user input""]",0,"MaterialTheme is used in Compose to apply theming elements such as colors, typography, and shapes across an apps UI components."
67,12,What tool helps developers create complementary color palettes for their Android app themes?,"[""Android Studio Layout Editor"",""ColorPicker"",""Compose Designer"",""Material Theme Builder""]",3,"The Material Theme Builder is designed to assist developers in selecting harmonious color palettes and typography for their app themes, simplifying the customization process."
67,13,Where can the complete list of Material Design 3 color slot names be found?,"[""At the official Android developer website"",""In the Android Studio documentation"",""In the MainActivity.kt file"",""In the MaterialTheme file""]",0,"The full list of Material Design 3 color slots can be found on the official Android developer website, providing developers with a reference for all available color slots."
67,14,Which file should be edited to change the default font sizes used in a Material Design 3 theme?,"[""Font.kt"",""Theme.kt"",""Typography.kt"",""type.xml""]",2,"Typography.kt defines the font sizes, styles, and families used in a Material Design theme, allowing developers to customize how text appears throughout their app."
67,15,Which function is used to wrap a content composable with a theme in Android Studio?,"[""MaterialTheme()"",""Scaffold()"",""Theme()"",""setContent()""]",0,"MaterialTheme() is used to wrap the content of a composable with the apps color, typography, and shape theming, applying the theme consistently throughout the app."
67,16,Which method is used to check if a device is in dark mode in a Compose project?,"[""isDarkTheme()"",""isDeviceInDarkMode()"",""isSystemDarkMode()"",""isSystemInDarkTheme()""]",3,"The isSystemInDarkTheme() method is used in Compose to determine if the device is currently using dark mode, allowing the app to adjust its theme accordingly."
67,17,Which of the following is a recommended practice when using the Material Theme Builder?,"[""Download and directly replace existing Color.kt and Theme.kt files"",""Manually edit every color slot"",""Only use predefined themes"",""Use the default colors without any adjustments""]",0,"After designing a custom theme using the Material Theme Builder, developers can export the theme files and replace the existing Color.kt and Theme.kt files in their project for consistency."
67,18,Which type of colors does dynamicLightColorScheme() function use?,"[""Colors that match user preferences and system themes"",""High-contrast colors"",""Predefined color palettes"",""Randomly generated colors""]",0,"The dynamicLightColorScheme() function adjusts colors to match user-selected themes, providing a personalized look that aligns with the users system preferences."
67,19,Why is it recommended to include defensive code for dynamic colors in themes?,"[""Because dynamic colors are available on all Android versions"",""To ensure colors remain static"",""To handle devices running older versions of Android"",""To prevent the app from changing colors""]",2,Dynamic colors are only supported on Android 12 and above. Including defensive code ensures that the theme falls back to predefined colors on devices with older Android versions.
68,0,What is the default name of the compressed theme file generated by the Material Theme Builder?,"[""custom_theme.zip"",""material-theme.zip"",""material_theme.zip"",""theme-export.zip""]",1,The theme is saved as a compressed file named material-theme.zip when exported from the Material Theme Builder.
68,1,What is the purpose of the Export theme button in the Material Theme Builder?,"[""To create a zip file containing the theme files"",""To export database files"",""To export the app's codebase"",""To generate a new project structure""]",0,"The Export theme button in the Material Theme Builder generates a zip file containing the theme files like Color.kt, Theme.kt, and Type.kt."
68,2,What is the purpose of the Material Theme Builder tool in Android development?,"[""To build APK files for Android apps"",""To create new Android projects"",""To debug errors in Android apps"",""To design custom themes with specific colors and fonts""]",3,The Material Theme Builder tool is used for designing custom themes by allowing developers to select colors and fonts for their apps.
68,3,What is the purpose of the dynamic color feature in Material Design 3?,"[""To allow apps to automatically adjust colors based on user settings"",""To disable dark mode in Android apps"",""To enable debugging in dark mode"",""To provide default themes for Android apps""]",0,Dynamic color support in Material Design 3 allows the apps theme colors to adapt to user settings like the chosen wallpaper.
68,4,What should be done after replacing the default theme files with custom theme files in an Android project?,"[""Change the project's API level"",""Delete the MainActivity.kt file"",""Rebuild the app from scratch"",""Update the package declarations in the custom files""]",3,"After copying custom theme files into an Android project, the package declarations in the files should be updated to match the projects package name."
68,5,What should be done to test dynamic colors in an Android app?,"[""Change the device's wallpaper and check the app's response"",""Modify the build.gradle file"",""Run the app on an Android device with API level 21"",""Update the app to the latest version""]",0,"Dynamic colors in the ThemeDemo app can be tested by changing the devices wallpaper, which triggers the app to adapt to the new colors."
68,6,What type of color adjustment does Material You's dynamic color feature provide?,"[""Automatic adjustments based on user settings"",""Default color schemes only"",""Manual color changes"",""Only light and dark themes""]",0,Material Yous dynamic color feature adjusts colors automatically based on user settings like wallpaper preferences.
68,7,Where should the custom font_certs.xml file be placed in an Android project?,"[""build folder"",""libs folder"",""res/values"",""ui.theme folder""]",2,The custom font_certs.xml file is placed in the res/values folder to support custom fonts in the theme.
68,8,Which file needs to be modified to integrate Google font libraries into a Compose project?,"[""AndroidManifest.xml"",""MainActivity.kt"",""build.gradle.kts (Module: app)"",""strings.xml""]",2,"To integrate Google font libraries, dependencies are added to the build.gradle.kts (Module: app) file."
68,9,Which function is used in Compose to define the theme for the app?,"[""MaterialTheme()"",""Scaffold()"",""applyTheme()"",""setContent()""]",0,"The MaterialTheme() function is used in Compose to apply the theme to the app, including colors, typography, and shapes."
