章节序号,题目序号,问题,选项,正确选项序号,解释
3,0,“新建项目” 向导中的 “帮助我选择” 链接有什么帮助？,"[""选择正确的软件包名称"",""配置build.gradle文件"",""选择正确的活动模板"",""设置适当的最低SDK级别""]",3,“帮助我选择” 链接通过提供支持该应用的设备百分比的数据，帮助用户确定要定位的API级别。
3,1,'MainActivity.kt' 文件中的包声明表示什么？,"[""项目使用的API级别"",""文件在应用程序目录结构中的位置"",""文件中的类和函数的命名空间"",""项目的依赖管理""]",2,包声明为MainActivity.kt文件中的类和函数定义命名空间。
3,2,在 “libs.versions.Toml” 文件中更改BOM版本时会发生什么情况？,"[""它会更改应用程序的包名称"",""它修改用户界面布局"",""它设置项目的最低SDK级别"",""它会更新项目中使用的撰写库的版本""]",3,BOM版本指定Jetpack合成库的版本，以确保与指定版本的兼容性。
3,3,如果尚未生成项目，预览面板中会显示什么？,"[""“Hello world” 消息"",""详细的错误日志"",""生成和刷新的提示"",""Android模拟器的图像""]",2,如果尚未生成项目，则预览面板将显示生成和刷新提示以显示当前用户界面。
3,4,在Jetpack Compose中可组合的 “脚手架” 的目的是什么？,"[""在应用程序中配置动画"",""处理网络请求"",""管理应用程序的数据库"",""为材质设计后的应用程序屏幕提供基本结构""]",3,Scaffold是一种布局结构，支持材质设计组件，可以更轻松地构建一致的UI屏幕。
3,5,'enableEdgeToEdge' 方法在 'onCreate' 函数中的作用是什么？,"[""允许应用程序与较旧的Android版本兼容"",""创建数据库连接"",""为应用程序启用全屏模式"",""管理应用程序的主题""]",2,enableEdgeToEdge用于使应用程序UI扩展到屏幕的边缘，从而创建无缝的全屏体验。
3,6,MainActivity.kt文件中 “setcontent” 方法的作用是什么？,"[""定义应用程序的主题"",""初始化数据库"",""管理屏幕之间的导航"",""在活动中设置基于撰写的UI""]",3,setContent方法用于使用Jetpack Compose中的可组合函数定义活动的UI。
3,7,Jetpack Compose中 @ Composable注释的意义是什么？,"[""它将一个函数指定为定义UI组件的函数"",""它可以在函数内实现网络访问"",""它指示应在后台线程上运行的函数"",""它标记处理数据库查询的函数""]",0,@ Composable注释用于指示函数在Jetpack Compose中创建UI组件。
3,8,什么模式允许您在Android Studio中并排查看代码和UI预览？,"[""代码模式"",""设计模式"",""预览模式"",""分割模式""]",3,拆分模式在预览面板旁边显示代码，以便更轻松地实时查看更改。
3,9,如果预览面板显示 “out of date” 消息，该怎么办？,"[""更改Kotlin版本"",""单击 “构建和刷新” 链接"",""删除 'MainActivity.kt' 文件"",""重新启动Android Studio""]",1,单击 “生成并刷新” 将更新预览面板，以反映最近在代码中所做的更改。
3,10,在哪里可以找到项目中使用的Jetpack Compose版本？,"[""在AndroidManifest.xml文件中"",""在MainActivity.kt文件中"",""在libs.versions.toml文件中"",""在res文件夹中""]",2,libs.versions.toml文件包含BOM版本信息，该信息指定正在使用的Jetpack Compose的版本。
3,11,ComposeDemo项目使用哪种构建配置语言？,"[""Groovy (build.gradle)"",""Java"",""Kotlin DSL (build.gradle.kts)"",""XML""]",2,Kotlin DSL用作项目的构建配置语言，使Gradle设置对Kotlin更加地道。
3,12,哪个文件用于定义应用程序用户界面的颜色、字体和形状？,"[""AndroidManifest.xml"",""MainActivity.kt"",""主题.kt"",""build.gradle.kts""]",2,Theme.kt文件负责定义ComposeDemo应用程序用户界面的可视元素。
3,13,为什么预览面板在代码更改后无法更新？,"[""Kotlin版本已经过时"",""该应用程序缺少基本权限"",""该应用程序未安装在设备上"",""更改需要生成和刷新""]",3,对代码的重大更改可能需要手动构建和刷新以更新预览。
5,0,AVD创建后如何修改？,"[""通过从头开始创建一个新的AVD。"",""重新安装Android Studio。"",""通过在设备管理器中选择AVD并单击铅笔图标。"",""通过使用Gradle控制台。""]",2,设备管理器中的铅笔图标允许开发人员编辑现有的AVD配置，例如更改屏幕大小或硬件规格。
5,1,一个应用程序如何同时在多个avd上运行？,"[""通过在设备管理器中创建重复的avd。"",""通过打开Android Studio的多个实例。"",""通过手动选择每个AVD中的运行选项。"",""通过从 “运行目标” 菜单中选择要在多个设备上运行的选项。""]",3,“运行目标” 菜单允许开发人员选择多个avd或设备同时运行应用程序，从而更轻松地跨不同配置测试应用程序。
5,2,在AVD上运行应用程序时，开发人员如何解决问题？,"[""关闭并重新打开设备管理器。"",""重新安装AVD Manager。"",""重新启动Android Studio IDE。"",""使用 “运行工具” 窗口中的诊断输出。""]",3,“运行工具” 窗口显示有关应用启动和运行时行为的详细信息，帮助开发人员识别和修复问题。
5,3,如何改变AVD的启动方向？,"[""通过更改AndroidManifest.xml文件中的方向。"",""通过重新启动AVD管理器。"",""通过旋转模拟器窗口。"",""通过设备管理器中的AVD设置。""]",3,可以通过设备管理器中的AVD设置来设置启动方向，从而允许仿真器以纵向或横向模式启动。
5,4,在Android Studio中实时编辑功能不能做什么？,"[""将更改应用于现有函数的主体。"",""自动应用更改，而无需重新生成项目。"",""处理添加或删除新功能。"",""更新正在运行的应用程序的外观。""]",2,实时编辑仅限于现有函数中的更改，并且不支持在不重新生成项目的情况下添加或删除函数。
5,5,AVD创建对话框中的 “x86图像” 选项卡提供了什么？,"[""只能访问基于ARM的系统映像。"",""与旧的Android设备的兼容性。"",""屏幕分辨率的配置。"",""在仿真中支持基于Intel的处理器。""]",3,“x86映像” 选项卡提供针对英特尔处理器优化的系统映像，允许在兼容硬件上更快地进行仿真。
5,6,在AVD上测试应用程序时，“运行工具” 窗口的常见用途是什么？,"[""更改AVD显示大小。"",""配置系统映像。"",""在应用程序启动过程中显示诊断信息。"",""来编辑AndroidManifest.xml文件。""]",2,“运行工具” 窗口提供有关应用程序启动过程的重要信息，帮助开发人员解决测试期间可能出现的问题。
5,7,在单独的窗口中运行AVD而不是嵌入在Android Studio中的优势是什么？,"[""它允许更好的性能和更少的内存使用。"",""它会自动更新AVD配置。"",""它可以独立移动，在管理屏幕空间方面提供更大的灵活性。"",""它提供了对更多仿真功能的访问。""]",2,在单独的窗口中运行模拟器可以使开发人员更好地管理工作区，尤其是在处理多个屏幕或应用程序时。
5,8,创建Android虚拟设备 (AVD) 的主要目的是什么？,"[""允许在没有物理设备的情况下测试Android应用程序。"",""自动更新Android SDK。"",""在Android Studio中管理用户帐户。"",""以取代Android Studio中编码的需求。""]",0,AVDs模拟Android设备，使开发人员能够在受控环境中测试应用程序，而无需使用物理设备。
5,9,在Android Studio中实时编辑的目的是什么？,"[""自动创建AVD。"",""配置AVD系统映像。"",""启用在模拟器中运行的应用程序的实时更新，而无需重新生成。"",""管理多个模拟器。""]",2,实时编辑允许开发人员实时查看代码更改的影响，而无需重新启动或重建整个应用程序，从而使测试更加高效。
5,10,必须在虚拟设备配置对话框中选择什么才能为特定设备型号创建新的AVD？,"[""设备类别"",""Gradle版本"",""Java版本"",""系统映像""]",0,在虚拟设备配置对话框中，必须选择设备类别 (例如，电话) 以选择用于创建AVD的适当模板。
5,11,如果所需的系统映像在AVD创建期间不可用，应该怎么做？,"[""更改项目的Android版本。"",""通过AVD Manager中提供的链接下载系统映像。"",""安装Android Studio更新。"",""重新启动设备管理器。""]",1,如果未安装所需的系统映像，则AVD管理器提供下载链接以在继续AVD创建之前直接获取它。
5,12,哪个选项允许AVD仿真器在没有设备帧的情况下显示？,"[""禁用模拟器设置中的 “显示帧” 选项。"",""在Android Studio中启用黑暗模式。"",""修改AndroidManifest.xml文件。"",""使用不同的设备配置文件重新安装AVD。""]",0,可以在AVD设置中关闭启用设备框架选项，以显示没有设备视觉框架的仿真器，从而创建更简单的视图。
5,13,哪个工具用于在Android Studio中创建和管理AVDs？,"[""Android SDK管理器"",""Android Studio IDE"",""设备管理器"",""Gradle控制台""]",2,Android Studio中的设备管理器允许开发人员创建、配置和管理Android虚拟设备 (avd)。
5,14,创建新的AVD时应选择哪个版本的Android？,"[""任何版本，因为它不影响测试。"",""最新版本的Android。"",""最旧的可用版本的兼容性。"",""与Android SDK版本匹配的版本。""]",1,使用最新版本的Android可确保AVD具有最新的功能和API级别，使其适合测试新应用程序。
5,15,为什么在AVD设置期间，系统映像旁边可能会出现 “下载” 链接？,"[""访问Android SDK文档。"",""下载最新版本的Android Studio。"",""安装尚未下载以在AVD中使用的系统映像。"",""更新Android Studio设置。""]",2,如果缺少所需的系统映像，则下载链接允许开发人员下载并安装它以在虚拟设备中使用。
6,0,开发人员如何更改仿真设备的方向？,"[""通过拖动模拟器窗口的角落。"",""通过调整模拟器窗口的大小。"",""通过扩展控制面板中的 “显示” 设置。"",""使用工具栏中的 “向左/向右旋转” 按钮。""]",3,旋转左/右按钮允许开发人员在纵向和横向模式之间快速切换模拟器的方向。
6,1,开发人员如何在AVD模拟器中模拟不同的网络条件？,"[""通过调整 “连接” 设置。"",""通过更改模拟器分辨率。"",""通过使用扩展控制面板中的 “蜂窝” 设置。"",""通过 “网络” 设置。""]",2,蜂窝设置允许开发人员模拟各种网络条件，包括不同的连接类型和漫游等场景。
6,2,如何调整AVD仿真器窗口大小？,"[""通过拖动模拟器窗口的角或边。"",""通过使用新的大小设置重新启动模拟器。"",""通过选择不同的设备配置文件。"",""通过选择菜单中的调整大小选项。""]",0,可以通过单击并拖动其边缘来调整模拟器窗口的大小，从而使开发人员可以根据需要调整显示器的大小。
6,3,“扩展控件” 面板在AVD仿真器中提供了什么？,"[""仿真器的高级配置选项，如位置、蜂窝设置和虚拟传感器。"",""物理设备的设备管理工具。"",""设置以更改IDE布局。"",""能够在不同的Android版本之间切换。""]",0,AVD仿真器中的扩展控件面板提供了详细的配置选项，允许开发人员在虚拟设备中模拟不同的条件和行为。
6,4,AVD模拟器工具栏中的 “截图” 选项做什么？,"[""捕获所有打开的Android Studio窗口的屏幕截图。"",""捕获当前开发环境的屏幕截图。"",""将当前仿真器显示的屏幕截图保存到指定位置。"",""向连接的物理设备发送屏幕截图。""]",2,“截屏” 选项捕获当前仿真器显示的图像，并将其保存到设置中定义的位置。
6,5,AVD模拟器中的 “缩放模式” 功能允许您做什么？,"[""调整模拟器的屏幕分辨率。"",""更改AVD窗口的大小。"",""放大仿真器显示的特定区域。"",""放大和缩小Android Studio界面。""]",2,缩放模式允许开发人员放大模拟器显示的特定部分，从而更容易在测试过程中关注小细节。
6,6,在AVD仿真器中使用指纹仿真之前需要什么？,"[""配置备份屏幕解锁方法，如PIN。"",""在AVD上启用开发人员模式。"",""安装其他指纹驱动程序。"",""在指纹模式下重新启动模拟器。""]",0,在启用指纹安全之前，必须配置PIN等备份方法，以反映物理Android设备的行为。
6,7,在AVD仿真器中使用快速启动快照的优势是什么？,"[""它们允许访问更多设备型号。"",""他们会自动更新Android版本。"",""提高屏幕分辨率。"",""它们减少了启动模拟器所需的时间。""]",3,快速启动快照允许仿真器从其最后状态恢复，而不是执行冷启动，从而大大减少了启动时间。
6,8,在AVD模拟器中使用 “记录和播放” 功能有什么好处？,"[""它调整模拟器的屏幕分辨率。"",""它允许测试不同的Android版本。"",""它可以自动更新到仿真器软件。"",""它记录用于调试或创建教程的模拟器屏幕和音频。""]",3,记录和回放功能使开发人员能够捕获模拟器会话，这对于查看应用行为或创建演示非常有用。
6,9,AVD模拟器中 “快照” 功能的功能是什么？,"[""创建新的设备配置文件。"",""启用Google Play服务。"",""保存和恢复模拟器的状态。"",""以获取当前屏幕的屏幕截图。""]",2,快照允许开发人员保存仿真器的确切状态，从而可以将仿真器快速恢复到特定的时间点。
6,10,模拟器工具栏中的 “电源” 按钮的目的是什么？,"[""关闭模拟器窗口。"",""启用或禁用模拟器的音频输出。"",""重新启动AVD仿真器会话。"",""模拟Android设备上的物理电源按钮。""]",3,电源按钮模仿真实Android设备的物理电源按钮，允许锁定屏幕或启动断电序列等操作。
6,11,Android Studio AVD模拟器的目的是什么？,"[""创建新的Android设备型号。"",""管理物理设备上的Android SDK版本。"",""完全取代对物理Android设备的需求。"",""模拟不同的Android设备和测试应用程序，而不需要物理设备。""]",3,Android Studio中的AVD模拟器允许开发人员模拟各种设备配置以进行测试，这在物理设备不可用时特别有用。
6,12,哪个模拟器功能对于测试响应物理运动的应用程序很有用？,"[""显示模式"",""位置设置"",""快照"",""虚拟传感器""]",3,虚拟传感器选项允许开发人员模拟物理运动，如旋转和倾斜，使其对于测试对设备运动做出反应的应用程序非常有用。
6,13,哪个功能允许开发人员使用AVD模拟器测试可折叠设备的应用程序？,"[""显示模式"",""折叠装置"",""左/右分割"",""缩放模式""]",1,AVD仿真器中的折叠设备选项专门用于模拟可折叠设备的行为，使开发人员可以测试其应用程序在不同折叠状态下的功能。
6,14,哪个功能允许您在AVD模拟器中模拟不同的电池状态？,"[""蓄电池"",""能源"",""电源"",""快照""]",0,扩展控件面板中的电池选项允许开发人员模拟不同的电池电量，充电状态和健康状况，从而更轻松地测试应用程序如何响应各种电池状况。
6,15,AVD仿真器中的哪个功能允许测试双屏设备？,"[""显示器"",""折叠装置"",""快照"",""缩放模式""]",0,“显示” 功能允许在同一模拟器会话中添加其他屏幕，从而可以测试双屏设备的应用程序。
6,16,哪些文件格式可用于在AVD仿真器中模拟设备运动？,"[""CSV和TXT"",""GPX和KML"",""HTML和CSS"",""XML和JSON""]",1,GPX (GPS交换) 和KML (锁孔标记语言) 文件可用于提供位置数据，模拟仿真器内的设备移动。
6,17,以下哪项允许您使用单个AVD模拟器测试不同屏幕尺寸的应用程序？,"[""显示设置"",""Google Play选项"",""可调整大小的仿真器"",""快照""]",2,可调整大小的仿真器允许开发人员在不同的屏幕尺寸之间切换，从而更轻松地测试应用程序如何适应各种设备形状因素。
7,0,如何在Android Studio中更改主题？,"[""通过修改build.gradle文件"",""通过从欢迎屏幕中选择主题"",""通过设备管理器"",""使用 “外观和行为” 下的 “设置” 对话框""]",3,可以在 “外观和行为” 下的 “设置” 对话框中更改主题，从而允许用户从 “暗”，“亮” 和 “暗” 等选项中进行选择。
7,1,如何访问Android Studio键盘快捷键的PDF？,"[""通过打开 “项目工具” 窗口"",""通过右键单击导航栏"",""通过选择帮助-> 键盘快捷键PDF菜单选项"",""通过设备管理器""]",2,用户可以通过Android Studio中的 “帮助” 菜单查看和打印所有可用键盘快捷键的PDF列表。
7,2,如何在Android Studio主窗口中自定义工具栏？,"[""通过更改项目的生成设置"",""通过编辑AndroidManifest.xml文件"",""通过右键单击工具栏并选择自定义工具栏"",""通过使用设备管理器""]",2,右键单击工具栏允许用户自定义其布局，并添加或删除常用操作的快捷方式。
7,3,如何在Android Studio中隐藏或显示工具窗口？,"[""通过更改AndroidManifest.xml"",""通过单击工具窗口栏中的相应按钮"",""通过关闭并重新打开项目"",""通过选择不同的主题""]",1,单击工具栏中的工具窗口按钮将显示或隐藏相应的窗口，例如项目工具窗口或Logcat。
7,4,什么是Logcat工具窗口显示？,"[""可用的avd列表"",""最近的项目列表"",""代码中的错误和警告"",""正在运行的应用程序的日志输出""]",3,Logcat工具窗口显示来自正在运行的应用程序的日志，这对于调试和跟踪应用程序行为很有用。
7,5,“版本控制工具” 窗口提供对哪些内容的访问？,"[""配置Android Studio主题"",""编辑应用布局"",""与Git存储库交互并查看代码更改"",""管理AVD实例""]",2,版本控制窗口用于管理源代码控制任务，例如与Git存储库交互和查看提交历史记录。
7,6,“终端工具” 窗口提供什么功能？,"[""用于与系统交互的命令行界面"",""所有最近文件的列表"",""应用程序的UI的可视化表示"",""访问AVD Manager""]",0,终端窗口允许开发人员直接在Android Studio中执行命令行命令，例如git命令或shell脚本。
7,7,Android Studio中的状态栏提供了哪些信息？,"[""最近文件的历史记录"",""所有已安装插件的列表"",""有关项目和IDE活动的信息性消息"",""当前编辑的类的结构""]",2,状态栏显示有关项目状态和IDE活动的消息，并允许进行交互以获取更详细的信息。
7,8,Android Studio中项目工具窗口的默认视图模式是什么？,"[""Android视图"",""文件视图"",""Java视图"",""XML视图""]",0,Android视图模式是默认设置，它将项目文件组织为针对Android开发优化的结构。
7,9,Android Studio中导航栏的功能是什么？,"[""更改IDE的主题"",""显示诊断消息"",""在项目中的文件和类之间导航"",""在打开的项目之间切换""]",2,导航栏提供了一种在文件和类之间移动的快速方法，显示项目结构的分层视图。
7,10,Android Studio欢迎屏幕的目的是什么？,"[""显示编码教程"",""安装Android SDK更新"",""管理设备连接"",""提供用于打开、创建和管理项目的选项""]",3,欢迎屏幕允许用户创建新项目、打开现有项目、管理版本控制项目以及自定义IDE设置。
7,11,“设备管理器工具” 窗口的用途是什么？,"[""访问Android SDK更新"",""添加、删除和管理物理和虚拟Android设备"",""配置Gradle设置"",""管理项目中的文件""]",1,设备管理器允许用户管理用于测试和调试目的的avd和物理设备连接。
7,12,Android Studio中的App Quality Insights工具窗口的作用是什么？,"[""访问Firebase崩溃和性能数据"",""调试Android虚拟设备"",""设计应用布局"",""管理应用程序生成配置""]",0,App Quality Insights提供对Firebase崩溃和性能分析的访问，帮助开发人员提高app质量。
7,13,Android Studio欢迎屏幕何时出现？,"[""安装新的Android SDK版本后"",""每次Android Studio发布"",""仅在创建新项目后"",""当Android Studio在没有打开项目的情况下启动时""]",3,未打开任何项目时，将显示欢迎屏幕。如果在上一个会话中打开了某个项目，Android Studio将跳过此屏幕并重新打开上一个项目。
7,14,Android Studio界面的哪个组件提供对最近项目和版本控制的访问？,"[""主窗口"",""菜单栏"",""“项目工具” 窗口"",""欢迎屏幕""]",3,欢迎屏幕列出了最近的项目，并提供了用于访问版本控制下的项目的选项。
7,15,哪个键盘快捷键在Android Studio中打开切换器？,"[""Ctrl-E"",""Ctrl-R"",""Ctrl-S"",""Ctrl-Tab""]",3,可以使用ctrl-tab快捷方式访问切换器，使用户可以在打开的文件和工具窗口之间快速导航。
7,16,Android Studio界面的哪个部分显示当前正在编辑的文件的内容？,"[""编辑器窗口"",""导航栏"",""“项目工具” 窗口"",""状态栏""]",0,编辑器窗口是显示和编辑当前打开文件的内容的地方。它支持多个选项卡同时处理不同的文件。
7,17,哪个工具窗口允许您在应用程序运行时检查和修改应用程序的数据库？,"[""App检查"",""Gradle"",""布局检查器"",""Logcat""]",0,应用程序检查工具窗口包含一个数据库检查器，允许开发人员在运行时检查、查询和修改应用程序数据库。
7,18,哪个工具窗口提供了用于查看项目生成警告和错误的中心位置？,"[""设备文件资源管理器"",""Logcat"",""问题"",""“运行工具” 窗口""]",2,“问题” 工具窗口合并了项目中检测到的所有警告和错误，从而更容易从单个位置解决这些问题。
7,19,在Android Studio的构建过程中，哪个窗口提供实时更新？,"[""“生成工具” 窗口"",""Logcat"",""“运行工具” 窗口"",""终端""]",0,“生成工具” 窗口显示生成过程的进度，包括编译项目所涉及的各个步骤。
8,0,什么命令列出了使用ADB连接的AVD或物理设备？,"[""adb connect-设备"",""adb设备"",""adb列表-设备"",""adb show-设备""]",1,adb设备命令列出所有当前连接的设备，同时显示avd和物理Android设备。
8,1,如果需要在Windows上重新启动ADB服务器，应该运行什么命令？,"[""adb kill-服务器 & & adb start-服务器"",""adb重启-服务器"",""adb启动"",""adb启动-服务器""]",0,运行adb kill-server，然后运行adb start-server将停止任何现有的ADB服务器并启动一个新的服务器。
8,2,Android设备上的 “允许USB调试” 对话框是什么？,"[""它允许开发系统访问设备数据。"",""它允许设备连接到任何Wi-Fi网络。"",""它使设备能够扎根。"",""它授予开发系统在设备上部署和调试应用程序的权限。""]",3,允许USB调试使开发系统可以在连接的Android设备上部署和调试应用程序。
8,3,如果ADB无法在macOS上检测到设备，常见的故障排除步骤是什么？,"[""注销并返回macOS桌面。"",""重新安装macOS。"",""将Android设备重置为出厂设置。"",""卸载并重新安装Android Studio。""]",0,注销并重新登录可以帮助重置系统级权限，这可能会干扰ADBs检测连接设备的能力。
8,4,在Android设备上进行无线调试需要什么？,"[""将设备连接到LAN电缆。"",""仅启用USB调试。"",""在开发人员选项中启用无线调试。"",""生根的Android设备。""]",2,必须通过开发人员选项启用无线调试，允许没有USB电缆的ADB连接。
8,5,ADB用于通信的默认端口是什么？,"[""5000"",""5037"",""5554"",""8080""]",1,ADB默认使用端口5037在开发系统和连接的设备之间进行通信。
8,6,“Adb设备” 命令的功能是什么？,"[""它在连接的设备上安装应用程序。"",""它列出了所有可用的Android sdk。"",""它重新启动ADB服务器。"",""它显示了连接的AVD和物理设备的列表。""]",3,adb devices命令显示当前连接的所有模拟器和ADB识别的物理Android设备的列表。
8,7,Android调试桥 (ADB) 的主要目的是什么？,"[""创建Android设备数据的备份。"",""促进Android Studio与AVD仿真器和Android设备之间的交互，以运行和调试应用程序。"",""直接在Android设备上安装应用程序。"",""管理Android设备上的用户帐户。""]",1,ADB是Android Studio等开发环境和Android设备之间的桥梁，允许开发人员在模拟器和物理设备上测试、运行和调试应用程序。
8,8,如果将Android设备连接到macOS系统后将其列为 “离线”，该怎么办？,"[""检查设备的USB调试权限对话框并允许它。"",""断开并重新连接USB电缆。"",""重新启动Android设备。"",""重新安装Android Studio。""]",0,如果设备显示为脱机，则通常意味着尚未在Android设备上授予允许USB调试的权限。
8,9,如果您的设备在ADB设备列表中被列为 “未经授权”，该怎么办？,"[""检查设备上的对话框以授权USB调试。"",""再次启用开发人员模式。"",""重新安装ADB驱动程序。"",""重新启动Android设备。""]",0,未经授权的状态意味着需要确认Android设备上用于USB调试的权限对话框。
8,10,哪个Android Studio功能允许您在IDE中查看物理设备的显示？,"[""设备仿真器"",""设备镜像"",""器件仿真"",""屏幕截图""]",1,通过设备镜像，您可以在运行 “设备” 工具窗口的Android Studios中查看物理设备的屏幕。
8,11,哪个命令用于重启ADB服务器？,"[""adb kill-服务器 & & adb start-服务器"",""adb重置-服务器"",""亚行重启"",""adb启动-服务器""]",0,要重新启动ADB服务器，命令序列首先使用ADB kill-server停止任何正在运行的adb服务器，然后使用adb start-server再次启动它。
8,12,Ubuntu用户使用ADB需要哪个组成员身份？,"[""adbuser"",""plugdev"",""根"",""sudo""]",1,plugdev组中的成员身份允许Ubuntu用户访问USB设备以进行ADB通信。
8,13,在Windows系统上配置ADB时，以下哪一项不是必需的步骤？,"[""执行 “android更新adb” 命令。"",""在PATH环境变量中包含Android SDK平台工具。"",""安装适当的USB驱动程序。"",""重新启动Android设备。""]",3,重新启动Android设备不是设置ADB的标准要求，尽管如果出现连接问题可能会有用。
8,14,在ADB可以通过USB连接连接到Android设备之前，需要以下哪一项？,"[""开发系统必须使用Linux。"",""设备必须处于恢复模式。"",""该设备必须是根设备。"",""设备必须启用USB调试。""]",3,USB调试允许Android设备与ADB通信，从而可以从开发环境部署和调试应用程序。
8,15,要使用Wi-Fi配对Android设备，应在 “运行目标” 菜单中选择哪个选项？,"[""设备同步"",""启用AVD配对"",""使用WiFi配对设备"",""设备连接故障排除""]",2,通过 “运行目标” 菜单中的此选项，开发人员可以将物理Android设备与Android Studio配对以进行无线调试。
8,16,必须在Ubuntu Linux上安装哪个软件包才能使ADB在物理设备上进行测试？,"[""android-studio-adb"",""android-工具-adb"",""linux-工具-adb"",""ubuntu-adb-工具""]",1,在Ubuntu Linux上，android-tools-adb包提供了与android设备通信所需的ADB工具。
8,17,与仅使用AVD相比，为什么在物理设备上进行测试很重要？,"[""Avd不支持调试。"",""在所有情况下，物理设备都比avd快。"",""物理设备具有更好的显示分辨率。"",""某些Android功能仅在物理设备上可用。""]",3,某些特定于硬件的功能和行为只能在物理设备上进行测试，因此在真实环境中测试应用程序至关重要。
8,18,为什么用户在ADB配置期间需要重新启动系统？,"[""应用对系统设置 (如组成员身份或驱动程序安装) 所做的更改。"",""清除所有ADB连接。"",""重置Android设备。"",""更新Android Studio。""]",0,重新启动系统可以确保所做的任何更改 (如新的驱动程序安装或组成员身份更新) 生效。
8,19,为什么可能需要在Windows上安装制造商特定的ADB驱动程序？,"[""因为通用驱动程序不支持所有设备的ADB功能。"",""访问设备的引导加载程序。"",""允许无线调试。"",""以实现更快的应用程序部署。""]",0,不同的Android设备制造商可能需要特定的USB驱动程序，以便ADB在Windows系统上识别其设备。
9,0,用户如何从Android Studio主窗口中分离编辑器面板？,"[""单击工具栏中的 “拆卸” 按钮"",""将选项卡拖动到桌面的不同部分"",""右键单击并选择 “分离面板”"",""使用Ctrl D键盘快捷键""]",1,将选项卡拖到主窗口之外允许用户分离面板并将其放在单独的窗口中。
9,1,用户如何在Android Studio编辑器中启用或禁用行号？,"[""通过调整代码完成设置"",""在装订线中单击鼠标右键，然后选择 “显示行号”"",""通过查看菜单"",""使用键盘快捷键Ctrl L""]",1,用户可以通过在编辑器装订线区域中单击鼠标右键并选择 “显示行号” 选项来启用或禁用行号。
9,2,用户如何在Android Studio中修改参数名称提示的行为？,"[""调整验证和标记侧边栏"",""通过更改语言设置"",""在编辑器-> 镶嵌提示下的设置对话框中"",""使用参数向导工具""]",2,可以通过导航到 “设置” 对话框的 “嵌体提示” 部分来调整参数名称提示设置，从而控制其显示。
9,3,如何在Android Studio中自定义代码完成行为？,"[""通过调整边栏设置"",""在编辑器-> 常规-> 代码完成下的设置对话框"",""通过查看菜单"",""使用自定义插件""]",1,可以通过 “设置” 对话框自定义代码完成设置，从而允许用户根据自己的喜好调整建议和行为。
9,4,如何在拆分后将编辑器窗口返回到单个面板？,"[""单击 “合并” 按钮"",""将面板拖回到主窗口"",""右键单击任何选项卡，然后选择 “不拆分”"",""使用Ctrl U键盘快捷键""]",2,要恢复为单个面板，请右键单击拆分面板中的选项卡，然后从上下文菜单中选择 “取消拆分”。
9,5,如何在Android Studio中查看方法的参数信息？,"[""通过将悬停在方法名称上"",""单击边栏中的参数名称"",""右键单击并选择 “视图参数”"",""使用Ctrl P键盘顺序""]",3,Ctrl P显示方法的参数信息，显示可以传递给方法的参数。
9,6,Android Studio中使用的实时模板是什么？,"[""显示方法参数提示"",""折叠和展开代码块"",""快速插入常用代码片段"",""将代码组织到多个文件中""]",2,实时模板允许开发人员通过键入快捷方式，然后按Tab键，快速插入常见的代码模式。
9,7,验证和标记侧边栏显示什么？,"[""断点和书签"",""当前文件名和状态"",""打开的文件列表"",""实时分析代码中的警告和错误""]",3,验证和标记侧栏提供有关代码问题的实时反馈，在编写代码时突出显示错误和警告。
9,8,验证和标记侧边栏中的绿色复选标记表示什么？,"[""所有测试均已通过"",""文件已成功保存"",""项目已准备好部署"",""代码中没有错误或警告""]",3,绿色复选标记表示代码当前没有检测到警告或错误，表示已准备好进行编译。
9,9,什么功能允许在Android Studio中折叠和展开代码块？,"[""代码完成"",""代码折叠"",""代码生成"",""文档选项卡""]",1,代码折叠使用户能够折叠和扩展代码块，通过专注于相关部分来帮助管理大型代码文件。
9,10,Android Studio中的什么功能允许自动生成代码存根，如覆盖方法？,"[""代码完成"",""代码折叠"",""代码生成"",""实时模板""]",2,代码生成允许开发人员使用Alt Insert等快捷方式快速创建代码结构，例如覆盖方法。
9,11,Android Studio编辑器的哪些功能有助于通过建议语句的完成来最大程度地减少键入工作？,"[""代码完成"",""代码折叠"",""文档选项卡"",""参数信息""]",0,代码完成在键入代码时提供建议，通过基于上下文提供可能的完成来减少手动键入的需要。
9,12,Android Studio中的 “查找示例代码” 功能提供什么功能？,"[""显示选定类或方法的示例代码"",""生成随机代码样本"",""突出显示代码错误"",""提供代码模板""]",0,查找示例代码功能显示与所选类或方法相关的示例代码，帮助开发人员了解它们的用法。
9,13,Android Studio中编辑器天沟区域的目的是什么？,"[""显示代码结构"",""显示信息图标，如断点和书签"",""管理代码完成设置"",""在不同文件之间导航""]",1,编辑器装订线区域提供用于调试的图标、代码折叠控件、行号和其他标记，使管理和导航代码更加容易。
9,14,哪个功能允许用户在Android Studio中自动完成方法的括号和大括号？,"[""代码折叠"",""代码生成"",""实时模板"",""语句完成""]",3,语句完成会自动填写括号、大括号和其他常见语法元素，以节省编码时间。
9,15,Android Studio中的哪个功能允许用户将编辑器窗口拆分为多个面板？,"[""代码折叠"",""编辑天沟面积"",""实时模板"",""分离器""]",3,拆分器允许用户将编辑器窗口拆分为多个窗格，从而可以同时处理不同文件或同一文件的不同部分。
9,16,在Android Studio中使用哪种键盘快捷键来调用智能完成？,"[""Alt插入"",""Ctrl空格键"",""Shift Ctrl Enter键"",""Shift Ctrl空格键""]",3,使用Shift Ctrl空格键键盘快捷方式触发智能完成，根据代码上下文提供更具体的建议。
9,17,以下哪一项是Android Studio中代码结构位置栏的目的？,"[""显示行号"",""显示参数提示"",""指示光标在代码结构中的位置"",""在打开的文件中导航""]",2,代码结构位置栏显示光标在代码整体结构中的当前位置，有助于导航。
9,18,哪个快捷方式可用于访问Android Studio中的类或方法的文档？,"[""Ctrl P"",""Ctrl Q"",""Ctrl空格键"",""Shift Ctrl Enter键""]",1,按Ctrl Q可显示所选类或方法的上下文相关文档，以便更轻松地了解其功能。
9,19,在Android Studio中使用哪种快捷方式重新格式化代码？,"[""Alt插入"",""Ctrl Alt L"",""Ctrl Q"",""Shift Ctrl空格键""]",1,Ctrl Alt L是根据Android Studio中定义的样式设置自动重新格式化代码的快捷方式。
10,0,Android提供的本机应用程序叫什么？,"[""内置应用程序"",""框架应用程序"",""本机应用程序"",""标准Android库""]",2,本机应用程序是随Android提供的内置应用程序，例如web浏览器和电子邮件应用程序。
10,1,ART在Android中代表什么？,"[""先进的渲染技术"",""Android资源工具包"",""Android运行时"",""应用程序资源跟踪器""]",2,ART代表Android运行时，它负责将DEX字节码转换为本机指令。
10,2,Native Development Kit (NDK) 允许开发人员做什么？,"[""从Java代码访问低级C/C库"",""将Java字节码编译为本机代码"",""管理应用生命周期"",""仅使用Java编写应用程序""]",0,NDK允许开发人员从Java或Kotlin代码调用C/C方法，从而可以直接访问低级库。
10,3,Android应用程序框架中的通知管理器做什么？,"[""向用户显示警报和通知"",""管理应用程序数据共享"",""管理应用程序安装和更新"",""提供对系统资源的访问""]",0,通知管理器允许Android应用程序向用户显示警报和通知。
10,4,在Android开发的背景下，DEX是什么？,"[""一个Java库"",""硬件组件"",""本机代码格式"",""中间字节码格式""]",3,DEX (Dalvik可执行文件) 是Android使用的中间字节码格式，允许应用程序在任何具有DEX兼容运行时的设备上运行。
10,5,Android软件堆栈的基础层是什么？,"[""Android运行时"",""应用程序框架"",""硬件抽象层"",""Linux内核""]",3,Linux内核是Android软件堆栈的基础层，提供设备硬件和堆栈上层之间的抽象级别。
10,6,AOT (Ahead-of-Time) 在艺术中的作用是什么？,"[""在应用程序安装时编译字节码"",""促进应用程序之间的内容共享"",""在应用程序执行期间解释代码"",""管理应用生命周期""]",0,AOT编译在应用程序安装过程中将DEX字节码转换为机器代码，从而可以更快地执行应用程序并提高电池性能。
10,7,应用程序框架中包管理器的主要功能是什么？,"[""显示警报和通知"",""查找有关已安装应用的信息"",""管理应用程序之间的内容共享"",""提供对非代码资源的访问""]",1,包管理器允许应用程序查找有关当前安装在设备上的其他应用程序的信息。
10,8,应用程序框架中资源管理器的主要功能是什么？,"[""促进进程间通信"",""处理应用程序生命周期"",""管理应用程序通知"",""提供对非代码嵌入式资源的访问""]",3,资源管理器提供对嵌入式资源 (如字符串、颜色和UI布局) 的访问，这对于应用程序自定义至关重要。
10,9,Android应用程序框架的主要目的是什么？,"[""将Java代码转换为本机代码"",""执行DEX字节码"",""管理Linux内核"",""为应用程序提供系统级服务""]",3,应用程序框架提供基本的系统级服务，用于管理应用程序如何运行以及如何与设备交互。
10,10,Android中硬件抽象层 (HAL) 的目的是什么？,"[""将DEX字节码转换为机器代码"",""与设备硬件组件连接"",""管理应用程序生命周期"",""提供一组标准Java库""]",1,HAL允许Android与相机和麦克风等硬件组件进行通信，使系统适应各种硬件配置。
10,11,android开发中的Android.content库的目的是什么？,"[""促进内容访问和消息传递"",""处理2D图形绘制"",""管理应用程序生命周期"",""提供对硬件组件的访问""]",0,android.content库方便了应用程序和组件之间的内容访问、发布和消息传递。
10,12,内容提供商在Android应用程序框架中的作用是什么？,"[""允许应用发布和共享数据"",""处理网络通信"",""管理应用程序通知"",""管理应用程序资源""]",0,内容提供商允许Android应用程序发布数据并与其他应用程序共享数据。
10,13,与Dalvik相比，ART解决了什么问题？,"[""更好地支持第三方库"",""增强的安全措施"",""改进的图形渲染"",""降低功耗和更快的应用程序性能""]",3,ART通过提前将DEX字节码转换为本机机器代码 (AOT) 来解决性能和电池寿命问题，这与Dalviks即时 (JIT) 编译不同。
10,14,Linux内核在Android软件栈中扮演什么角色？,"[""执行Java字节码"",""便于用户界面构建"",""管理应用程序生命周期"",""提供低级别的系统服务""]",3,Linux内核提供核心系统服务，如内存、进程和电源管理，以及网络堆栈和设备驱动程序。
10,15,android.opengl库在Android开发中扮演什么角色？,"[""启用3D图形渲染"",""方便网络访问"",""处理文件操作任务"",""提供对操作系统服务的访问""]",0,android.opengl库为OpenGL ES API提供了一个Java接口，支持在Android应用中进行3D图形渲染。
10,16,ART在提前编译过程中会生成什么类型的文件？,"[""APK文件"",""DEX文件"",""ELF文件"",""JAR文件""]",2,ART生成一个可执行和可链接格式 (ELF) 文件，其中包含在linux内核上运行的本机机器代码。
10,17,Android中的C/C库通常处理什么类型的任务？,"[""应用程序之间的内容共享"",""高级Java任务"",""针对性能和效率的低级操作"",""用户界面构建""]",2,C/C库处理紧凑，快速和高效的低级任务，例如图形管理和音频处理。
10,18,哪个Android库专门用于2D图形绘制？,"[""android.graphics"",""android.opengl"",""android.os"",""android.webkit""]",0,android.graphics库提供了一个低级别的2D图形绘制API，包括颜色、点和矩形等功能。
10,19,哪个Android库用于网络访问？,"[""android.content"",""android.硬件"",""android.media"",""android.net""]",3,该e android.net库提供了访问网络堆栈的api，包括WiFi和其他网络组件。
10,20,哪个Android库提供了硬件访问的api，如加速度计？,"[""android.graphics"",""android.硬件"",""android.media"",""android.os""]",1,android.hardware库提供api来访问硬件组件，如加速度计和光传感器。
10,21,哪个Android库提供对应用程序模型的访问，并构成所有Android应用程序的基石？,"[""android.app"",""android.content"",""android.media"",""android.opengl""]",0,android.app库提供对应用程序模型的访问，并且是所有Android应用程序的基础。
10,22,您将使用哪个Android库向应用程序添加web浏览功能？,"[""android.media"",""android.net"",""android.os"",""android.webkit""]",3,android.webkit库提供了将web浏览功能集成到Android应用程序中的类。
10,23,哪些Android服务为应用程序提供位置更新？,"[""活动经理"",""内容提供商"",""位置经理"",""电话管理器""]",2,位置管理器提供对位置服务的访问，从而允许应用程序接收有关位置更改的更新。
10,24,Android堆栈的哪个组件提供了用于构建用户界面的API？,"[""android.net"",""android.opengl"",""android.text"",""android.widget""]",3,android.widget库提供了丰富的预构建用户界面组件集合，如按钮和布局管理器。
10,25,Android架构的哪一层负责管理应用程序生命周期？,"[""Android运行时"",""应用程序框架"",""硬件抽象层"",""Linux内核""]",1,应用程序框架通过活动管理器管理应用程序生命周期，并提供其他基本服务。
10,26,Android堆栈的哪一层包含用于构建Android运行时的库？,"[""Android运行时"",""应用程序框架"",""C/C库"",""Linux内核""]",2,C/C库层包含支持Android运行时和堆栈的其他关键组件的低级库。
10,27,应用程序框架中的哪个服务控制应用程序生命周期的所有方面？,"[""活动经理"",""内容提供商"",""位置经理"",""资源管理器""]",0,活动管理器控制应用程序生命周期和活动堆栈的所有方面。
10,28,哪些技术取代了Dalvik作为Android的运行时系统？,"[""AOT"",""艺术"",""JIT"",""NDK""]",1,ART (Android运行时) 取代了Dalvik，并使用提前 (AOT) 编译将DEX字节码转换为机器代码，从而提高了应用程序性能。
12,0,Kotlin数据类型与其他语言中的原始数据类型有何不同？,"[""它们都是具有功能和属性的对象"",""它们执行起来更快"",""它们不能强制转换为其他类型"",""他们使用更少的内存""]",0,在Kotlin中，所有数据类型都是对象，这意味着它们带有可以使用点表示法访问的内置函数和属性。
12,1,在Kotlin内部如何表示字符？,"[""作为16位Unicode字素群集"",""作为ASCII值"",""作为浮点数"",""作为单字节值""]",0,Kotlin将字符表示为16位Unicode字素簇，允许ASCII集之外的各种字符。
12,2,如何在Kotlin中安全地将对象转换为另一种类型？,"[""使用 “as” 关键字"",""使用强制转换运算符 “->”"",""使用安全强制转换运算符 “as？”"",""使用类型运算符 “::”""]",2,The as?运算符用于Kotlin中的安全强制转换，如果强制转换失败，则返回null，而不是引发异常。
12,3,Kotlin中的字符串插值允许你做什么？,"[""更改字符串的长度"",""将字符串转换为整数"",""创建不可变字符串"",""在字符串中嵌入变量和表达式""]",3,Kotlin中的字符串插值允许开发人员将变量、常量和表达式直接嵌入字符串中，使它们动态且更易于构造。
12,4,当与可为nullable类型一起使用时，Kotlin “let” 函数做什么？,"[""它允许可空变量像lambda中的非空变量一样使用"",""它改变变量的类型"",""它检查变量是否为null"",""它将变量初始化为零""]",0,let函数通过在lambda范围内将可以为null的类型转换为非null，从而可以在lambda表达式中安全地使用这些类型。
12,5,当未提供类型注释时，Kotlin编译器使用什么来确定变量的类型？,"[""类型注释"",""类型铸造"",""类型检查"",""类型推断""]",3,Kotlin使用类型推断来确定未显式声明的变量的类型，基于在初始化期间分配给它的值。
12,6,not-null断言操作符 (!) 在Kotlin中有什么作用？,"[""将可以为null的类型安全地转换为非null类型"",""将数字转换为字符串"",""防止运行时异常"",""从可以为nullable的类型中删除所有编译器限制""]",3,not-null断言运算符 (!!) 消除了对可为null的类型的限制，允许它们像非null类型一样使用，但如果使用不当，则有导致运行时异常的风险。
12,7,如果您尝试使用具有空值的非空变量编译Kotlin代码，会发生什么情况？,"[""代码将编译，但在运行时崩溃"",""代码将编译一个警告"",""代码将无法编译"",""null值将被忽略""]",2,Kotlin强制执行严格的null安全性，因此不能为非null变量分配null值; 这将导致编译错误。
12,8,Kotlin中使用的布尔数据类型是什么？,"[""处理true或false条件"",""管理大型数据集"",""存储字符"",""存储数值""]",0,Kotlin中的Boolean数据类型专门用于存储表示二进制条件的true或false值。
12,9,Kotlin中的可变变量是什么？,"[""可以更改其值的变量"",""只能分配一次的变量"",""只读的变量"",""仅存储字符串值的变量""]",0,用var声明的Kotlin中的可变变量允许在初始化后更改其值。
12,10,Kotlin中的猫王运算符是什么？,"[""检查null值并提供默认值"",""在数据类型之间进行转换"",""声明变量"",""对字符串中的特殊字符进行转义""]",0,Elvis运算符 (？:) 检查null值，如果左侧的表达式为null，则提供默认值。
12,11,Kotlin中类型注释的主要功能是什么？,"[""自动转换数据类型"",""显式声明变量的类型"",""指定变量的内存大小"",""加速代码执行""]",1,类型注释显式声明变量的数据类型，确保使用正确的类型并防止与类型相关的错误。
12,12,Kotlin中Float和Double数据类型的主要区别是什么？,"[""Float可以存储小数位，而Double不能"",""Float具有32位精度，Double具有64位精度"",""Float用于64位精度，Double用于32位精度"",""Float用于较小的数字，Double用于较大的数字""]",1,Float用于32位浮点数，而Double提供64位精度，允许它存储更大和更精确的十进制值。
12,13,Kotlin中数据类型的主要用途是什么？,"[""允许CPU理解指令"",""更快地编译代码"",""使程序员能够以人类可读的格式处理数据"",""提高代码的性能""]",2,数据类型允许程序员以人类可以理解的格式定义和处理数据，然后将其编译为可由CPU执行的机器代码。
12,14,Kotlin中 “var” 关键字的作用是什么？,"[""声明常量"",""声明函数"",""声明可变变量"",""声明非null变量""]",2,var关键字用于在Kotlin中声明可变变量，这意味着它们的值可以在初始化后更改。
12,15,转义字符 '\' 在Kotlin中的作用是什么？,"[""声明字符串变量"",""指示行尾的步骤"",""表示字符串中的特殊字符"",""启动新语句""]",2,Kotlin中的转义符 \ 用于表示特殊字符，如换行符、制表符或在字符串中包含引号。
12,16,Kotlin中的类型推断是什么？,"[""类型错误的调试工具"",""编译器自动分配变量类型"",""运行时数据类型的转换"",""手动定义变量类型的过程""]",1,Kotlin中的类型推断允许编译器根据分配的值自动确定变量的类型。
12,17,什么关键字用于声明稍后将在Kotlin中初始化的变量？,"[""延期"",""lateinit"",""val"",""var""]",1,Kotlin中的lateinit修饰符允许您声明一个稍后将初始化的非null变量，从而绕过在声明时初始化的需要。
12,18,在Kotlin中使用什么关键字来声明不可变变量？,"[""const"",""让"",""val"",""var""]",2,Kotlin中的不可变变量是使用val关键字声明的，这意味着它们的值一旦分配就不能更改。
12,19,您将使用哪种Kotlin数据类型来存储单个字母或符号？,"[""布尔型"",""字符"",""智力"",""字符串""]",1,Kotlin中的Char数据类型用于使用16位Unicode编码存储单个字符，例如字母或符号。
12,20,哪些Kotlin功能有助于避免空指针异常？,"[""延迟初始化"",""可空类型和安全调用"",""原始数据类型"",""静态类型""]",1,Kotlin的可空类型和安全调用运算符通过强制执行空检查和安全访问来帮助防止空指针异常。
12,21,哪个Kotlin操作符检查对象是否符合特定类型？,"[""= ="",""作为？"",""是"",""typeOf""]",2,Kotlin中的is运算符用于检查对象是否符合特定类型，从而允许类型安全操作。
12,22,以下哪个不是Kotlin中的特殊字符？,"[""\\ & quot-双引号"",""\\ e-错误字符"",""\\ n-新行"",""\\ t-水平制表符""]",1,"\ e在Kotlin中不是可识别的转义序列。可识别的特殊字符包括换行符 () 、tab () 和引号 (\ ""或 \)。"
12,23,以下哪一项是检查 'lateinit' 变量是否已初始化的正确方法？,"[""铸造变量"",""检查 “isinitialized” 属性"",""使用try-catch块"",""使用if-else语句""]",1,可以通过使用:: 运算符访问isInitialized属性来检查lateinit变量是否已初始化。
12,24,以下哪一项是Kotlin整数数据类型的示例？,"[""布尔型"",""双"",""智力"",""字符串""]",2,Kotlin中的Int数据类型用于存储没有小数位的32位整数 (整数)。
12,25,以下哪一项是在Kotlin中声明可为nullable变量的正确方法？,"[""val名称: String!"",""val名称: 字符串？"",""val名称？: 字符串"",""瓦尔？名称: 字符串""]",1,在Kotlin中，在类型后附加问号 (？) 表示变量可以为null，并且可以存储null值。
12,26,哪个运算符用于在Kotlin中安全地访问属性或调用可为nullable类型的函数？,"[""!!"",""::"",""?!!"",""？。""]",3,安全电话接线员？。允许在可以为null的类型上访问属性和函数，从而防止null指针异常。
12,27,在Kotlin中使用哪种语法声明多行字符串？,"[""使用大括号"",""使用双引号"",""使用单引号"",""使用三重引号""]",3,三引号在Kotlin中用于声明多行字符串，允许跨多行的字符串内容。
12,28,为什么在Kotlin中不可变变量比可变变量更受欢迎？,"[""所有Kotlin程序都需要"",""他们有更好的表现"",""它们占用的内存更少"",""它们降低了错误的风险，使代码更易于阅读""]",3,不可变变量通过防止意外更改值来帮助减少错误，并使代码更易于理解和维护。
13,0,按位右移shr() 操作如何影响一个数字？,"[""它比较两个值"",""它的价值加倍"",""它反转位"",""它向右移动位，有效地将值减半""]",3,'shr()'操作将位向右移位，有效地将每个移位的值减半一个位置。
13,1,Kotlin基本表达式的主要组成部分是什么？,"[""函数调用、操作数和赋值"",""循环、函数调用和运算符"",""运算符、循环和条件语句"",""一个运算符、两个操作数和一个赋值""]",3,Kotlin中的基本表达式由一个运算符、两个操作数和一个赋值组成，如示例 “val myresult = 1 2” 所示。
13,2,做什么!运算符应用于布尔变量时做什么？,"[""反转布尔值"",""将布尔值相乘"",""将值设置为false"",""将值设置为true""]",0,那个!运算符是逻辑非运算符，它反转当前布尔值，将true变为false，反之亦然。
13,3,赋值运算符 “=” 在Kotlin中做什么？,"[""它为变量赋值"",""它比较两个值"",""它增加一个变量"",""它将两个值相乘""]",0,Kotlin中的赋值运算符 = 将表达式的结果分配给变量，例如 'x = 10'。
13,4,增广赋值运算符 “=” 做什么？,"[""将两个值相加并将结果分配给不同的变量"",""将两个值相加并将结果存储在第一个变量中"",""将两个值相乘并分配结果"",""减去两个值并存储结果""]",1,= 运算符将右操作数与左操作数相加，并将结果分配给左操作数，例如 'x = y'。
13,5,增广赋值运算符x -= y做什么？,"[""将y添加到x并将结果存储在x中"",""将x除以y并将结果存储在x中"",""将x乘以y并将结果存储在x中"",""从x中减去y并将结果存储在x中""]",3,“x -= y” 运算符从x中减去y的值，并将结果分配回x。
13,6,按位OR操作在Kotlin中做什么？,"[""比较两个数字并返回较大的值"",""反转数字的位"",""执行逐位或比较"",""返回两个数字的总和""]",2,“OR ()” 操作执行按位或，如果操作数中的至少一个对应位为1，则在结果中放置1。
13,7,按位左移操作shl() 做什么？,"[""比较两个二进制数"",""反转数字的位"",""向左移位位，有效地将值加倍"",""向右移位位，有效地将值减半""]",2,'shl()'操作将位向左移位指定数量的位置，使每个移位的值加倍一个位置。
13,8,逻辑AND (&&) 运算符的作用是什么？,"[""比较两个数字"",""反转布尔值"",""如果两个操作数均为true，则返回true"",""如果一个操作数为true，则返回true""]",2,只有当两个操作数的计算结果均为true时，& & 运算符才返回true; 否则返回false。
13,9,Kotlin操作符和表达式的主要用途是什么？,"[""声明变量"",""定义数据类型"",""管理程序流"",""操作和评估变量和常量""]",3,Kotlin中的运算符和表达式用于操作和评估变量和常量，构成了变量交互的核心。
13,10,如果x = 171和y = 3，表达式x.xor(y) 的输出是什么？,"[""168"",""171"",""174"",""3""]",0,'xor()'运算对操作数的每个位位置执行异或，当应用于171和3时产生168。
13,11,Kotlin中的范围运算符 “..” 的目的是什么？,"[""比较两个值"",""创建数组"",""声明一个值序列"",""执行按位运算""]",2,该 ..Kotlin中的运算符创建一个值范围，例如 '5 .. 8'，表示序列5，6，7，8。
13,12,Kotlin中的一元运算符 “-” 的作用是什么？,"[""添加两个值"",""递增一个值"",""将两个值相乘"",""否定一个值""]",3,一元运算符用于否定一个值，改变它的符号，例如，'-10' 使正数为负。
13,13,如果x从9开始，表达式val y = x的结果是什么？,"[""x在分配之前递减"",""x在赋值后递增"",""x在赋值前递增"",""y被赋值为8""]",2,在 'val y = x' 中，变量 'x' 在赋值之前递增，因此 'y' 得到 'x' 的递增值，即10。
13,14,x是什么类型的运算符!= y在Kotlin？,"[""按位运算符"",""相等运算符"",""逻辑运算符"",""范围运算符""]",1,“!=” 运算符是检查两个操作数是否不相等的相等运算符。
13,15,如果x = 171，按位右移操作x.shr(1) 的结果是什么？,"[""171"",""3"",""342"",""85""]",3,'shr(1)'操作将171的位向右移动一个位置，得到85。
13,16,Kotlin中的表达式x .. y的结果是什么？,"[""检查x和y之间的相等性"",""声明从x到y的范围"",""执行逻辑比较"",""执行x和y的加法""]",1,'x .. y' 表达式声明了从x开始到y结束的数字范围，包括两个端点。
13,17,哪个Kotlin运算符用于减法？,"[""*"","" "",""-"",""/""]",2,-运算符用于减法，取两个操作数并从第一个操作数中减去第二个，例如 “x-5”。
13,18,哪个Kotlin运算符用于执行模运算？,"[""%"",""*"","" "",""-""]",0,Kotlin中的 % 运算符用于计算除法运算的余数，称为模。
13,19,你会使用哪个Kotlin操作符通过移位它的位来加倍一个数字？,"[""和 ()"",""shl()"",""shr()"",""xor()""]",1,'shl()'操作将位向左移位，有效地使数字的值加倍。
13,20,您将使用哪个按位操作来逐位比较两个数字，并仅在两个位均为1时将位设置为1？,"[""和 ()"",""或 ()"",""shl()"",""xor()""]",0,'and()'操作执行逐位比较，并且仅当比较的数字中两个位均为1时才将每个位设置为1。
13,21,哪个按位运算符用于在Kotlin中执行AND运算？,"[""和 ()"",""inv()"",""或 ()"",""xor()""]",0,'and()'操作执行按位AND，比较两个数字的每个位位置，仅当两个位均为1时才返回1。
13,22,如果至少有一个操作数为true，哪个逻辑运算符返回true？,"[""!"",""& &"",""= ="",""| |""]",3,“| |” 运算符是逻辑OR运算符，如果至少有一个操作数为true，则返回true。
13,23,以下哪个操作会反转数字中的所有位？,"[""和 ()"",""inv()"",""或 ()"",""xor()""]",1,'inv()'操作将数字中的所有位反转，将0转换为1，将1转换为0。
13,24,如果两个值相等，以下哪个运算符返回true？,"[""!="",""<="",""= ="",""> =""]",2,= = 运算符检查两个操作数之间是否相等，如果它们相等，则返回true。
13,25,Kotlin中的哪个运算符用于将值递增1？,"["" "",""  "",""="",""--""]",1,运算符将变量递增1，使其成为 “x = x 1” 的简写。
13,26,在Kotlin中使用哪个运算符将值递减1？,"[""="",""--"",""-="",""= =""]",1,-运算符用于将变量递减1，使其成为 “x = x-1” 的简写。
13,27,Kotlin中使用哪个运算符将两个值相乘？,"[""*"","" "",""-"",""/""]",0,* 运算符用于在Kotlin中的两个操作数之间执行乘法。
13,28,你会使用哪个运算符来执行按位反转？,"[""和 ()"",""inv()"",""或 ()"",""xor()""]",1,“Inv ()” 操作执行按位反转，将数字的每个位从0翻转到1，反之亦然。
14,0,“When” 语句与其他编程语言中的 “switch” 语句有何不同？,"[""它可以处理复杂的表达式作为条件"",""它不能有默认的情况"",""区分大小写"",""它只适用于整数""]",0,Kotlin中的语句可以将更复杂的表达式作为条件处理，这与其他语言中更简单的switch语句不同，后者仅限于基本匹配。
14,1,do...while循环与while循环有何不同？,"[""它不重复循环"",""它在循环体之前执行条件"",""它在检查条件之前执行循环体"",""它只适用于数组""]",2,do...while循环在评估条件之前至少执行一次循环体内的代码，确保循环体至少运行一次。
14,2,Kotlin if表达式与其他语言中的传统if语句有何不同？,"[""它不能在循环中使用"",""它不允许嵌套条件"",""它需要花括号的所有条件"",""它返回一个结果，可以在表达式中使用""]",3,与传统的if语句不同，Kotlin if表达式返回一个结果，允许它在其他表达式中使用，类似于其他语言中的三元运算符。
14,3,在when语句中，'else' 分支的作用是什么？,"[""它结束时语句"",""如果没有其他条件匹配，则执行"",""它重复了第一种情况"",""它抛出一个错误""]",1,当指定的条件都不匹配时，将在语句中的else分支作为默认情况执行。
14,4,'continue' 语句在循环中做什么？,"[""立即退出循环"",""暂停循环执行"",""从头开始重复循环"",""跳过当前迭代中的剩余代码""]",3,continue语句跳过当前循环迭代中的剩余代码，并继续进行下一次迭代。
14,5,'if...else if...else' 构造允许你做什么？,"[""按顺序检查多个条件"",""创建一个封闭的数字范围"",""创建无限循环"",""执行按位运算""]",0,if...else构造允许按顺序检查多个条件，并根据首先满足的条件执行不同的代码。
14,6,'Untile' 函数在Kotlin for循环中做什么？,"[""从最大值开始递减计数"",""创建一个无限循环"",""迭代到但不包括指定的终结点"",""将每个循环值相乘""]",2,Kotlin中的直到函数创建一个半封闭的范围，这意味着它从起始值迭代到指定的端点，但不包括指定的端点。
14,7,做什么... while循环确保？,"[""循环至少执行一次"",""循环仅在条件为true时执行"",""循环以相反的顺序运行"",""循环在设定的迭代次数后停止""]",0,do...while循环在执行循环体后检查其条件，确保循环内的代码至少运行一次，而不管条件如何。
14,8,如果在没有标签的嵌套循环中使用break语句会发生什么？,"[""它会导致语法错误"",""它继续到下一次迭代"",""它退出所有循环"",""它退出当前循环""]",3,如果没有标签，break语句只退出当前使用它的循环，而不影响外部循环。
14,9,Kotlin中的标签是用来做什么的？,"[""定义常量"",""启动新功能"",""将特定循环或表达式标记为中断或继续"",""在控制台中打印值""]",2,Kotlin中的标签用于标记特定的循环或表达式，允许使用break和continue语句进行目标控制，尤其是在嵌套循环中。
14,10,编程中的控制流是什么？,"[""指示哪些代码被执行和哪些被绕过的逻辑"",""编写代码的顺序"",""编译代码的过程"",""以可读的方式编写代码的风格""]",0,控制流是指确定代码如何执行的逻辑，包括决定哪些代码运行、运行频率以及何时跳过。
14,11,for循环中的 “step'” 关键字的功能是什么？,"[""它定义了每次迭代的增量"",""它反转循环范围"",""它无限期地重复循环"",""它在一次迭代后停止循环""]",0,step关键字指定for循环中迭代之间的增量，允许自定义的步长值，如每隔一个或第十个值。
14,12,在嵌套循环中使用标记的break和continue语句的主要优点是什么？,"[""它们允许直接中断或继续特定的循环"",""他们避免语法错误"",""它们使代码运行得更快"",""他们取代所有条件""]",0,带标签的break和continue语句使您可以直接控制要中断或继续的循环，从而使嵌套循环更易于管理。
14,13,以下Kotlin代码的输出是什么？,"[""0、1、2、3、4"",""1, 2, 3, 4, 5"",""1、3、5"",""5, 4, 3, 2, 1""]",1,代码使用for-in循环，封闭范围从1到5，从1到5按顺序打印每个值。
14,14,Kotlin中何时语句的主要目的是什么？,"[""创建无限循环"",""处理代码中的错误"",""比if语句更干净地处理多个条件分支"",""执行算术运算""]",2,与链接多个if...else语句相比，当语句允许对多个条件分支进行更清晰、更可读的处理。
14,15,循环中 “break” 语句的目的是什么？,"[""立即退出循环"",""重复最后一次迭代"",""重新启动循环"",""跳过当前迭代""]",0,Kotlin中的break语句用于立即退出循环，而不考虑循环的完成条件。
14,16,Kotlin for循环中 “downto” 函数的作用是什么？,"[""通过范围向后计数"",""向前迭代通过范围"",""无限期地重复循环"",""跳过循环中的值""]",0,downTo函数使for循环从较高的值开始向后迭代到指定的较低值。
14,17,Kotlin中的 'until' 函数创建了什么类型的范围？,"[""关闭范围"",""半封闭范围"",""无限范围"",""开放范围""]",1,直到函数创建一个半封闭的范围，其中包括起始值，但不包括结束值，迭代到但不包括指定的端点。
14,18,在Kotlin中，while循环何时优先于for循环？,"[""当循环需要遍历范围时"",""当迭代次数已知时"",""当迭代次数未知时"",""使用阵列时""]",2,当迭代次数事先未知并且循环需要重复直到满足特定条件时，使用while循环。
14,19,哪个Kotlin构造为多个if...else语句提供了更清洁的替代方案？,"[""goto语句"",""switch语句"",""当语句"",""while语句""]",2,Kotlin中的 “当” 语句类似于其他语言中的switch语句，它为链接多个if...else语句提供了更清晰的替代方法。
14,20,哪个Kotlin控制流语句仅在布尔表达式为true时执行代码？,"[""for循环"",""if语句"",""switch语句"",""当语句""]",1,Kotlin中的if语句仅在关联的布尔表达式计算结果为true时才执行代码，从而控制条件代码流。
14,21,哪个Kotlin循环最适合迭代已知的项目序列？,"[""do...while循环"",""for-in循环"",""无限循环"",""while循环""]",1,for-in循环非常适合迭代已知的序列，如范围，集合或数组，提供了一种清晰，简洁的方式来处理迭代。
14,22,哪个Kotlin循环用于迭代项目序列？,"[""do...while循环"",""for-in循环"",""重复循环"",""while循环""]",1,Kotlin中的for-in循环用于迭代一系列项目，例如集合或数字范围。
14,23,Kotlin中的哪个控制流语句用于根据一个或多个标准做出决策？,"[""继续"",""如果"",""回路"",""开关""]",1,if表达式用于在Kotlin中做出决策，根据布尔表达式的求值执行不同的代码块。
14,24,哪个函数用于更改Kotlin for循环的增量值？,"[""添加"",""增量"",""跳转"",""步骤""]",3,在Kotlin for循环中使用step函数来指定增量值，允许循环根据定义的步长跳过值。
14,25,哪个循环保证它里面的代码将至少执行一次？,"[""do...while循环"",""for循环"",""重复循环"",""while循环""]",0,do...while循环保证其主体至少执行一次，因为它在执行循环主体后检查循环条件。
14,26,Kotlin中使用哪一种语句来提供打破嵌套循环的标签？,"[""与标签断开"",""goto"",""已标记"",""命名为""]",0,Kotlin允许将标签分配给循环，break语句可以使用这些标签来指定要退出的循环，尤其是在嵌套循环场景中。
15,0,如何声明函数接受lambda作为参数？,"[""fun myFunc(lambda: () -> 单位)"",""fun myFunc(lambda: Lambda)"",""fun myFunc(lambda: fun -> Unit)"",""fun myFunc(lambda: function())""]",0,为了接受lambda，使用函数类型表示法声明函数参数，例如 () -> Unit。
15,1,如何在Kotlin中直接执行lambda？,"[""通过在函数中定义它"",""通过在带有任何必需参数的表达式末尾放置括号"",""通过使用call关键字"",""通过使用execute关键字""]",1,lambda可以通过在表达式的末尾放置括号来直接执行，并传入任何必要的参数。
15,2,如何直接执行lambda而不将其分配给变量？,"[""乐趣 (x: Int) -> x 1"",""lambda { x: Int -> x 1}"",""lambda(x: Int) = x 1"",""{x: Int -> x 1 }(5)""]",3,lambda可以通过内联定义它并立即使用所需的参数调用它来直接执行。
15,3,如何声明一个返回函数作为其结果的函数？,"[""fun myFunc -> fun()"",""fun myFunc() -> fun"",""fun myFunc() :() -> 单位"",""fun myFunc: fun = 返回""]",2,在Kotlin中，返回另一个函数的函数使用函数类型语法指定其返回类型，例如 () -> Unit。
15,4,如何处理Kotlin函数的返回值？,"[""通过调用带有参数的函数"",""通过在函数内打印结果"",""通过使用赋值运算符将结果存储在变量中"",""使用return关键字""]",2,函数的返回值可以通过使用赋值运算符将返回的结果存储在变量中来处理。
15,5,如何声明一个返回lambda的函数？,"[""fun myFunc() -> lambda"",""fun myFunc() { Int -> String}"",""fun myFunc(): (Int) -> String"",""fun myFunc(): { Int -> String}""]",2,要声明返回lambda的函数，请将lambdas函数类型指定为返回类型。
15,6,vararg关键字允许你在Kotlin中做什么？,"[""接受相同类型的可变数量的参数"",""将函数声明为私有"",""使参数可选"",""返回多个值""]",0,vararg关键字允许函数接受作为数组传入的指定类型的可变数量的参数。
15,7,当你在lambda表达式后面放置括号时会发生什么？,"[""它将lambda转换为函数"",""它定义了lambda"",""它执行lambda"",""它将参数传递给lambda，但不执行它""]",2,在lambda表达式后放置括号会立即执行它，如果需要，可以传递参数。
15,8,什么是Kotlin函数？,"[""定义数据类型的方法"",""执行特定任务的命名代码块"",""用于存储数据的变量"",""表达式中使用的运算符""]",1,函数是一个命名的代码块，可以调用它来执行特定的任务。它可以接受参数并返回结果。
15,9,什么是Kotlin中的lambda表达式？,"[""函数中的私有方法"",""可以作为变量传递的自包含代码块"",""一类"",""错误处理机制""]",1,lambda表达式是可以独立定义、传递和执行的代码块，允许函数作为参数传递。
15,10,Kotlin中的本地函数是什么？,"[""在另一个函数中声明的函数"",""只能在主文件中使用的函数"",""不能返回值的函数"",""私有函数""]",0,局部函数是在另一个函数内部声明的函数，允许它访问封闭函数的变量和参数。
15,11,Kotlin中的单表达式函数是什么？,"[""包含单个表达式的函数，可以用更简洁的形式编写"",""没有返回类型的函数"",""只接受字符串参数的函数"",""使用多行代码的函数""]",0,单个表达式函数仅包含一个表达式，并且可以使用 = 符号后跟表达式来简洁地编写。
15,12,在函数的上下文中，参数和参数之间有什么区别？,"[""参数和参数完全相同"",""参数在函数声明中定义，参数是调用函数时传递的实际值"",""参数是数据类型，参数是值"",""参数是调用函数时传递的值，参数是在函数内部定义的""]",1,参数在函数声明中定义，以指定函数可以接受的数据类型，而参数是在调用函数时传递给这些参数的实际值。
15,13,在Kotlin中使用高阶函数的主要优势是什么？,"[""它们允许函数或lambdas作为参数传递或作为结果返回"",""它们会自动处理异常"",""它们不需要参数"",""它们比常规函数运行得更快""]",0,高阶函数功能强大，因为它们可以接收其他函数或lambdas作为参数并将其作为结果返回，从而使代码更加灵活。
15,14,Kotlin函数中默认参数的作用是什么？,"[""声明具有相同名称的多个参数"",""使参数可选并在未传递参数时使用默认值"",""使函数私有"",""指定参数的数据类型""]",1,默认参数允许函数具有可选参数，在未显式传递参数时提供默认值。
15,15,调用一个名为sayHello的函数的语法是什么，它不带参数，也不返回值？,"[""呼叫sayHello()"",""有趣的sayHello()"",""sayHello()"",""sayHello{}""]",2,通过写它们的名字后跟括号来调用函数。在这种情况下，sayHello() 调用名为sayHello的函数。
15,16,什么关键字用于指定函数可以接受可变数量的参数？,"[""默认"",""多品种"",""可选"",""瓦尔格""]",3,Kotlin中使用vararg关键字来允许函数接受指定类型的可变数量的参数。
15,17,以下代码的输出是什么？,"[""12"",""3、4"",""7"",""错误""]",0,lambda将传递给它的两个整数 (3和4) 相乘，结果输出为12。
15,18,哪个Kotlin代码正确地显示了分配给变量的lambda？,"[""趣味乘法 {x: Int，y: Int}"",""lambda乘法 = (x，y) -> x * y"",""val乘法 = (x，y) => x * y"",""val乘法 = { x: Int，y: Int -> x * y}""]",3,使用 {} 符号将Lambdas分配给变量，并在箭头-> 之前定义参数，在正文之后定义参数。
15,19,哪个代码段正确地演示了将函数引用作为参数传递？,"[""outputConversion(::myFunction，10.0)"",""outputConversion(myFunction()，10.0)"",""outputConversion(myFunction，10.0)"",""outputConversion(myFunction ::, 10.0)""]",0,在函数名之前使用:: 语法传递函数引用，而不用括号调用它。
15,20,哪种函数类型表示接受Int并返回字符串的函数？,"[""(Int) -> 字符串"",""(Int, String)"",""(字符串) -> Int"",""(String, Int) -> String""]",0,函数type (Int) -> String指定接受整数参数并返回字符串的函数。
15,21,在Kotlin中使用哪个关键字声明函数？,"[""声明"",""防御"",""好玩"",""功能""]",2,关键字fun用于在Kotlin中声明函数，后跟函数名称、参数和返回类型。
15,22,哪个关键字用于指定Kotlin函数参数是可选的？,"[""默认"",""内联"",""可选"",""瓦尔格""]",0,函数参数的默认值可以直接在函数签名中指定，允许参数是可选的。
15,23,下列哪一项是正确的单表达式函数，将两个数相乘？,"[""有趣的乘法 = (x，y) -> x * y"",""有趣的乘x: Int y: Int -> x * y"",""趣味乘法 (x: Int，y: Int) = x * y"",""fun multiply(x: Int, y: Int): Int { return x * y}""]",2,这是Kotlin中函数的正确单表达式形式，其中返回类型可以由编译器推断。
15,24,以下哪一项是单表达式函数的示例？,"[""add = { x: Int, y: Int -> x y}"",""有趣的添加 = x y"",""趣味添加 (x: Int，y: Int) = x y"",""fun add(x: Int, y: Int): Int { return x y}""]",2,此示例显示了一个单表达式函数，其中推断了返回类型，并且代码紧凑简洁。
15,25,以下哪一项是字符串参数数量可变的函数的正确语法？,"[""有趣的显示 (字符串: vararg)"",""有趣的显示 (strings...: String)"",""有趣的显示 (字符串: 字符串 *)"",""有趣的显示 (vararg字符串: 字符串)""]",3,正确的语法在参数类型之前使用vararg关键字来指示函数可以接受该类型的多个参数。
15,26,关于Kotlin lambda表达式的哪句话是正确的？,"[""Lambdas可以有参数和返回值"",""Lambdas只能在循环中使用"",""Lambdas不能分配给变量"",""Lambdas必须有return语句""]",0,Kotlin lambdas可以接受参数、执行代码和返回结果，就像常规函数一样。
15,27,哪种语法将函数引用分配给Kotlin中的变量？,"[""val myVar = ::myFunction"",""val myVar = fun myFunction"",""val myVar = myFunction"",""val myVar = myFunction()""]",0,在函数名之前使用:: 将函数本身而不是其返回值分配给变量，从而创建函数引用。
16,0,如何在Kotlin中访问类实例的属性？,"[""classInstance->propertyName"",""classInstance.propertyName"",""classInstance::propertyName"",""classInstance:propertyName""]",1,在Kotlin中，点表示法用于访问实例的属性，例如classInstance.propertyName。
16,1,如何在Kotlin中声明类？,"[""类MyClass: ParentClass"",""类MyClass扩展ParentClass"",""声明MyClass()"",""定义MyClass""]",0,在Kotlin中声明类的正确语法是class ClassName: ParentClass。冒号表示从父类继承。
16,2,如何在Kotlin中为属性声明自定义getter？,"[""fun get()"",""获取propertyName()"",""val propertyName: 类型get()"",""var propertyName: 类型get""]",2,Kotlin中的自定义getter是使用val propertyName: Type get() 定义的，其中getter包含自定义逻辑以返回属性值。
16,3,一个Kotlin类可以有多少个主构造函数？,"[""尽可能多的需要。"",""无。"",""一。"",""两个。""]",2,Kotlin类只能有一个主构造函数，但可以有多个辅助构造函数。
16,4,在Kotlin中，如何调用类实例的方法？,"[""调用classInstance.methodName"",""classInstance.methodName()"",""classInstance::methodName()"",""methodName(classInstance)""]",1,点表示法用于调用Kotlin中的类实例的方法，例如classInstance.methodName()。
16,5,在Kotlin中，使用哪个关键字来引用类中的当前类实例？,"[""电流"",""自我"",""超级"",""这个""]",3,Kotlin中的此关键字用于引用类的当前实例。
16,6,Kotlin中的嵌套类是什么？,"[""在函数中定义的类。"",""在另一个类中定义的类。"",""扩展另一个类的类。"",""实现接口的类。""]",1,嵌套类在另一个类中定义，通常用于将相关类组合在一起。
16,7,Kotlin的主要构造函数是什么？,"[""在类头中声明的构造函数。"",""在类体外部声明的构造函数。"",""只能使用一次的构造函数。"",""使用默认值初始化类的构造函数。""]",0,Kotlin中的主构造函数在类头中声明，用于直接初始化属性。
16,8,Kotlin中的对象是什么？,"[""包含函数的Kotlin文件。"",""用于创建类的蓝图。"",""所有Kotlin类的父类。"",""一个独立的功能模块。""]",3,Kotlin中的对象是自包含的功能模块，包括属性 (数据) 和方法 (函数)。它们可以作为应用程序的构建块使用和重复使用。
16,9,下面的代码片段的输出是什么？,"[""0"",""10"",""5"",""发生错误""]",1,init块打印x * 2，当使用值5创建实例时，结果为10。
16,10,Kotlin中初始化块的目的是什么？,"[""定义属性的默认值。"",""在主构造函数之前执行代码。"",""重写超类中的方法。"",""在构造函数之后执行初始化任务。""]",3,Kotlin中的初始化块用于执行在主构造函数之后执行的初始化任务。
16,11,面向对象编程中数据封装的目的是什么？,"[""以允许直接访问类属性。"",""创建具有相同属性的多个类。"",""隐藏类中的数据并通过方法访问它。"",""将数据存储在类之外以便于访问。""]",2,数据封装是面向对象编程中的一个关键概念，其中数据隐藏在类中，只能通过定义的方法访问或修改。
16,12,Kotlin类中的 “同伴对象” 的目的是什么？,"[""创建类层次结构。"",""创建必须重写的方法。"",""定义内部类。"",""保存跨实例共享的属性和方法。""]",3,伴随对象允许创建可访问的属性和方法，而无需创建类的实例。
16,13,主构造函数参数中的 “var” 关键字的目的是什么？,"[""分配默认值。"",""创建不可变属性。"",""使参数可选。"",""使属性可变。""]",1,在主构造函数中使用val会为该参数创建一个只读 (不可变) 属性。
16,14,什么关键字用于声明可以访问外部类的属性的嵌套类？,"[""类"",""内部"",""嵌套"",""静态""]",1,inner关键字用于在Kotlin中声明一个嵌套类，该类可以访问其外部类的属性。
16,15,如果Kotlin中的类同时具有主构造函数和辅助构造函数，会发生什么？,"[""两个构造函数必须初始化相同的属性。"",""主构造函数必须委托给辅助构造函数。"",""辅助构造函数必须委托给主构造函数。"",""辅助构造函数重写主构造函数。""]",2,在Kotlin中，如果类同时具有主构造函数和辅助构造函数，则辅助构造函数必须使用this关键字委托给主构造函数。
16,16,什么时候应该在Kotlin中使用自定义访问器？,"[""直接访问属性值。"",""对其他类隐藏属性。"",""初始化类属性。"",""在返回属性之前执行计算或逻辑。""]",3,自定义访问器允许开发人员在返回或设置属性值之前执行计算或其他逻辑。
16,17,在Kotlin中创建实例时，使用哪个关键字来初始化具有特定值的属性？,"[""构造函数"",""init"",""这个"",""val""]",1,init关键字用于定义在类实例创建期间运行代码的初始化块。
16,18,以下哪个Kotlin代码段对于添加辅助构造函数是正确的？,"[""类MyClass构造函数 (编号: Int) {}"",""类MyClass {constructor(number: Int) : this()}"",""类MyClass {fun constructor(number: Int) {}}"",""类MyClass(number: Int) { constructor()}""]",1,辅助构造函数使用constructor关键字声明，并且必须委托给主构造函数 (如果存在)，使用this()。
16,19,以下哪一项最好地定义了Kotlin中的类？,"[""类是用于创建对象的蓝图。"",""类是Kotlin中的一个函数。"",""类是可重用代码的模块。"",""类用于存储用户输入。""]",0,在Kotlin中，类充当蓝图，用于定义对象在创建时的外观，包括其属性和方法。
16,20,以下哪个代码段正确创建了名为Customer的类的实例？,"[""创建客户客户"",""客户客户 ()"",""val客户 = 新客户 ()"",""var客户 = 客户 ()""]",3,在Kotlin中，使用var或val创建类的实例，后跟变量名称和Customer() 调用类构造函数。
16,21,以下哪个代码片段使用辅助构造函数创建类的实例？,"[""创建实例MyClass(123)"",""val实例 = MyClass()"",""val实例 = MyClass(123)"",""var instance = MyClass.newInstance(123)""]",2,要使用辅助构造函数创建实例，请直接使用所需参数调用构造函数。
16,22,关于Kotlin中的同伴对象，哪句话是正确的？,"[""每个实例都有自己的伴随对象。"",""只能通过实例访问它们。"",""它们可以包含所有实例共享的属性和方法。"",""必须声明为 “静态”。""]",2,Kotlin中的伴随对象用于保存在类的所有实例之间共享的属性和方法，并且可以在类级别访问。
17,0,如何从Kotlin中的重写方法调用超类方法？,"[""methodName()"",""parent.methodName()"",""super.methodName()"",""此.methodName()""]",2,要从Kotlin中的重写方法中的超类调用方法，请使用super.methodName()。
17,1,如何覆盖Kotlin中的方法？,"[""将该方法声明为 “open”"",""在方法前加上 “super”"",""使用 “extends” 关键字"",""使用 'override' 关键字""]",3,在Kotlin中，需要使用override关键字来重写父类中的方法，以确保方法被重写的清晰度。
17,2,如果您尝试重写父类中未声明为 “open” 的方法，会发生什么情况？,"[""将发生运行时错误。"",""代码将编译，但该方法不会被重写。"",""代码将无法编译。"",""该方法将被覆盖而没有问题。""]",2,如果父类中的方法未声明为open，则尝试在子类中重写它将导致编译错误。
17,3,什么是类层次结构？,"[""接口的集合。"",""类彼此派生的关系。"",""一组具有相同名称的类。"",""类不相关的结构。""]",1,类层次结构是一种结构，其中类彼此派生，具有父类和子类关系。
17,4,什么是Kotlin继承？,"[""从另一个类继承特征的类。"",""具有相同名称但不同参数的方法。"",""一种创建不相关的类层次结构的方法。"",""创建没有任何关系的新类。""]",0,继承允许类从父类派生特征 (属性和方法)，从而创建层次关系。
17,5,创建具有带参数的构造函数的子类时需要什么？,"[""您必须使用 “super” 调用父级的构造函数。"",""您必须使用 “this” 初始化父类。"",""你必须使子类 “开放”。"",""必须提供默认值。""]",0,当使用具有参数的构造函数创建子类时，您需要使用super关键字调用父构造函数并传递必要的参数。
17,6,Kotlin中的单继承是什么？,"[""从单个直接父类继承的类。"",""从多个父类继承的类。"",""无法继承的类。"",""重写另一个方法的方法。""]",0,在Kotlin中，单继承意味着一个类只能从一个直接的父类继承，直接防止多继承。
17,7,Kotlin中所有类最终派生的基类是什么？,"[""任何"",""底座"",""对象"",""超级""]",0,在Kotlin中，所有类最终都派生自Any类，它是类层次结构的根，并提供基本方法。
17,8,在子类中使用辅助构造函数的好处是什么？,"[""它允许初始化其他属性。"",""它允许多重继承。"",""它可以防止子类化。"",""它简化了方法重载。""]",0,子类中的辅助构造函数允许初始化子类独有的其他属性。
17,9,Kotlin中的 “开放” 和 “覆盖” 有什么区别？,"[""'open' 允许继承，'override' 修改继承的方法。"",""“Open” 和 “override'” 具有相同的功能。"",""“Open” 用于方法，“override” 用于类。"",""'open' 将方法标记为final，'override' 将其标记为abstract。""]",0,open用于使方法或类可继承，而override用于为子类中的方法提供新的实现。
17,10,子类化的目的是什么？,"[""创建一个没有任何方法的类。"",""扩展父类的功能。"",""限制对类成员的访问。"",""以防止类被继承。""]",1,子类化允许类从父类继承属性和方法，并根据需要添加或自定义功能。
17,11,派生子类的类的术语是什么？,"[""子类"",""派生类"",""根类"",""超级班""]",3,超类是从中派生子类的类。它提供了子类可以继承的方法和属性。
17,12,Kotlin中使用了什么关键字来允许类被子类化？,"[""扩展"",""继承"",""打开"",""超级""]",2,在Kotlin中，open关键字用于将类标记为开放继承，允许其他类对其进行子类化。
17,13,如果父类有辅助构造函数，子类中必须包含什么？,"[""对 'init' 块的函数调用。"",""子类中的主构造函数。"",""具有相同参数的辅助构造函数。"",""抽象方法。""]",2,如果父类具有辅助构造函数，则子类必须定义一个辅助构造函数，该构造函数使用super关键字调用父类的构造函数。
17,14,哪个关键字用于访问Kotlin中的父类的属性或方法？,"[""底座"",""父母"",""超级"",""这个""]",2,super关键字在Kotlin中用于从子类中访问父类的属性或方法。
17,15,子类中的哪个方法允许从父类调用具有相同名称的方法？,"[""重写.methodName()"",""parent.methodName()"",""super.methodName()"",""此.methodName()""]",2,要在Kotlin的父类中调用在子类中被覆盖的方法，请使用super.methodName()。
17,16,以下哪项正确地在子类中创建了一个辅助构造函数？,"[""构造函数 () { }"",""构造函数 (number: Int) : super(number)"",""打开构造函数 (编号: Int)"",""辅助构造函数 ()""]",1,子类中的辅助构造函数使用super() 调用父类的构造函数，并匹配参数签名。
17,17,以下哪项正确定义了Kotlin中的子类？,"[""class子类: ParentClass() { }"",""类子类扩展ParentClass() {}"",""类子类 () { }"",""子类子类: ParentClass() { }""]",0,要在Kotlin中创建子类，请使用语法类subclass: ParentClass()，其中父类在冒号后指定。
17,18,关于Kotlin中的 “超级” 关键字，以下哪一项是正确的？,"[""它只能在构造函数中使用。"",""它用于从父类访问方法和属性。"",""它用于从子类访问方法和属性。"",""它必须在每个子类方法中使用。""]",1,super关键字用于访问父类中的属性和方法，提供了一种扩展或自定义子类中的功能的方法。
17,19,为什么在函数之前需要 'open' 关键字来允许它被覆盖？,"[""以允许其他类修改该函数。"",""以允许在子类中重写函数。"",""以指示该函数是私有的。"",""以防止函数被继承。""]",1,在Kotlin中，函数必须用open关键字标记，以指示它们可以被子类覆盖。
17,20,为什么要重写子类中的方法？,"[""创建具有相同名称的新方法。"",""以防止方法被继承。"",""为该方法提供不同的实现。"",""限制对方法的访问。""]",2,重写允许子类提供从其父类继承的方法的自定义实现。
19,0,Android开发如何在Jetpack Compose之前处理UI更新？,"[""UI中的更改由Android模拟器处理。"",""必须编写代码以根据数据更改手动检查和更新UI。"",""开发人员使用Kotlin函数进行UI更新。"",""UI更新是自动的，没有额外的代码。""]",1,在编写之前，开发人员通常需要编写额外的代码，以确保UI反映数据的更改，例如通过手动刷新或频繁检查。
19,1,Jetpack Compose与以前Android中基于XML的布局设计有何不同？,"[""Compose允许使用Kotlin代码而不是XML定义UI。"",""Compose不支持数据驱动的用户界面。"",""合成需要手动处理屏幕约束。"",""Compose使用XML文件进行布局设计。""]",0,Compose使用用Kotlin编写的声明性语法来定义UI布局，从而取代了对基于XML的布局文件的需求。
19,2,Jetpack Compose如何帮助处理不同的设备屏幕尺寸和方向？,"[""依靠第三方插件。"",""通过要求每个屏幕大小的自定义XML文件。"",""通过使用Kotlin代码定义具有布局管理器 (如列和行) 的自适应布局。"",""通过使用不适应屏幕大小的固定布局。""]",2,Compose使用布局管理器 (如Kotlin代码中的列和行) 创建自适应布局，根据屏幕大小和方向进行调整，与管理多个XML布局相比，简化了流程。
19,3,在Jetpack Compose中，当UI组件使用的状态发生变化时会发生什么？,"[""更改将被忽略，直到手动刷新。"",""重新组合组件以反映更新后的状态。"",""使用状态的组件保持不变。"",""整个应用程序重新启动。""]",1,当Jetpack Compose中的状态发生更改时，依赖于该状态的组件会自动重新组合，确保UI始终与当前数据同步。
19,4,什么是Jetpack Compose中的 “可组合”？,"[""一种用于数据库访问的Java方法。"",""一个定义UI的函数。"",""一种特殊类型的XML布局文件。"",""Android中的一种活动类型。""]",1,在Jetpack Compose中，composable是一个用 @ Composable注释的函数，它定义了UI的一部分，可以重用并与其他composable组合。
19,5,Compose的声明性语法的优势是什么？,"[""它允许UI组件的精确手动定位。"",""它只适用于简单的布局。"",""它需要更多的代码行。"",""它简化了描述UI布局和外观的过程。""]",3,Compose的声明性语法允许开发人员定义UI应该是什么样子，而Compose处理呈现布局的底层复杂性。
19,6,Jetpack Compose的主要目标是什么？,"[""增强基于XML的ui设计。"",""使app开发更加复杂。"",""用新的IDE替换Android Studio。"",""简化应用程序开发并减少错误。""]",3,Jetpack Compose旨在通过提供一种构建用户界面的新方法，使应用程序开发更容易，更快，更不容易出现常见错误。
19,7,在Jetpack Compose中使用修饰符的目的是什么？,"[""访问设备的硬件。"",""在应用程序中定义活动。"",""修改XML布局文件。"",""设置UI组件的属性。""]",3,Jetpack Compose中的修饰符用于自定义UI组件的外观和行为，例如调整大小、填充、颜色和对齐方式。
19,8,“状态” 在Jetpack Compose中扮演什么角色？,"[""它确定应用程序的初始主题。"",""它处理用户身份验证。"",""它仅用于屏幕之间的导航。"",""它跟踪数据更改并自动更新UI。""]",3,Compose中的状态可确保对数据的任何更改都会自动触发UI更新，从而使用户界面对更改做出反应，而无需其他代码。
19,9,Android Studio的哪些功能有助于可视化撰写布局，因为他们是写的？,"[""约束布局设计器"",""数据绑定"",""实时预览"",""XML布局编辑器""]",2,Android Studio中的实时预览功能使开发人员可以实时查看其撰写的UI更改，从而简化了设计和测试过程。
19,10,Jetpack Compose的哪个功能允许开发人员在构建UI布局时实时查看更改？,"[""交互式预览"",""Kotlin编译器"",""现场模拟器"",""XML预览""]",0,Android Studio中的交互式预览允许开发人员查看其撰写UI更改的实时视图，而无需在模拟器或设备上构建和运行应用程序。
19,11,以下哪一项最好地描述了Jetpack Compose中的术语 “重组”？,"[""在屏幕上手动定位UI组件。"",""重新运行整个应用程序以反映更改。"",""在基础状态更改时重建UI的各个部分。"",""调试布局中的错误的过程。""]",2,重组是Compose中的一个过程，每当它所依赖的数据发生变化时，都会重建UI，确保界面始终反映当前状态。
19,12,以下哪一项不是Jetpack Compose的特征？,"[""Composables"",""数据驱动的更新"",""声明性语法"",""基于XML的布局设计""]",3,Jetpack Compose用Kotlin编写的声明式方法取代了传统的基于XML的布局设计，使构建和管理UI变得更加容易。
19,13,以下哪一项是Compose中的布局管理器示例？,"[""色谱柱"",""ConstraintLayout"",""ListView"",""RecyclerView""]",0,Compose使用列、行和框等布局管理器来排列UI组件，与基于XML的布局 (如ConstraintLayout) 相比，提供了一种更简单的布局结构方式。
19,14,关于Jetpack Compose的数据驱动特性，以下哪项陈述是正确的？,"[""除非单击 “刷新” 按钮，否则将忽略数据更改。"",""UI元素根据用户输入手动更新。"",""UI会根据基础数据的更改自动更新。"",""用户交互不会影响UI更新。""]",2,当底层数据 (状态) 发生变化时，Jetpack Compose会自动更新UI，使其具有反应性并减少手动更新的需要。
19,15,为什么Jetpack Compose被认为比传统的XML方法更有效地进行UI开发？,"[""它消除了对单独的XML文件的需求，并允许在Kotlin中以编程方式定义UI。"",""它只适用于特定的Android设备。"",""它需要更少的内存。"",""它只使用Java进行开发。""]",0,Composes编程方法使开发人员能够直接在Kotlin中定义UI，从而简化流程并减少管理单独的XML文件的需求。
20,0,如何使用版本目录将新的库依赖项添加到Android项目？,"[""将其直接添加到项目级Gradle构建文件中。"",""为库创建新模块。"",""在 'libs.versions.toml' 中声明该库，并在模块的构建文件中引用它。"",""将其包含在 “重新” 文件夹中。""]",2,要添加新库，首先在libs.versions.toml的 [libraries] 部分声明它，然后在模块构建文件的dependencies部分引用它。
20,1,如何使用版本目录在模块级Gradle构建文件中引用库？,"[""将库添加到 “res' 文件夹。"",""直接使用版本号。"",""在库名称前加上 “libs”。"",""引用没有任何前缀的库。""]",2,要引用版本目录中定义的库，请使用libs。前缀后跟在libs.versions.toml的 [libraries] 部分中指定的名称。
20,2,Android Studio如何通知您版本目录中的库的可用更新？,"[""它会自动更新库。"",""它在启动项目时显示弹出消息。"",""它突出显示目录文件中的版本号。"",""它发送电子邮件通知。""]",2,当有较新版本的库可用时，Android Studio会突出显示libs.versions.toml文件中的版本号，从而允许开发人员手动更新它。
20,3,'alias' 关键字在Gradle构建文件中做什么？,"[""它创建插件的副本。"",""它指的是在版本目录中定义的插件。"",""它重命名插件更容易参考。"",""它设置插件的默认配置。""]",1,Gradle构建文件的插件部分中的alias关键字用于引用已在版本目录中定义的插件。
20,4,什么是Gradle上下文中的版本目录？,"[""管理库版本号和依赖关系的集中文件。"",""项目中所有文件的列表。"",""所有Gradle构建错误的日志。"",""已弃用的库的存储库。""]",0,版本目录是一个名为libs.versions.toml的文件，它集中了库版本的管理，允许跨模块的一致版本控制。
20,5,'libs.versions.toml' 中的版本引用示例是什么？,"[""alias = \""1.12.0\"""",""androidx-core-ktx = \""1.12.0\"""",""coreKtx = \""1.12.0\"""",""实施 = \""1.12.0\""""]",2,在 [版本] 部分，版本号被分配给像coreKtx这样的变量，然后可以在 [库] 部分和Gradle构建文件中引用。
20,6,什么是 'libs.versions.toml' 文件用于？,"[""创建用户界面布局。"",""处理数据库配置。"",""管理库和插件的版本号和依赖项。"",""存储项目元数据。""]",2,libs.versions.toml文件是版本目录系统的一部分，用于集中管理库和插件的版本号和依赖关系。
20,7,Gradle在Android Studio项目中的目的是什么？,"[""要编译代码，请解析依赖项并创建可安装的包。"",""调试项目代码。"",""设计用户界面。"",""管理Android模拟器。""]",0,Gradle是Android Studio用来编译源代码、解析库依赖关系以及创建最终可安装应用程序包的构建系统。
20,8,版本目录文件中的 [版本] 部分的用途是什么？,"[""定义插件属性。"",""列出所有模块名称。"",""指定库版本号。"",""存储用户首选项。""]",2,libs.versions.toml中的 [versions] 部分用于定义库的版本号，然后可以在目录的其他部分中引用该版本号。
20,9,模块的Gradle构建文件中的 “依赖项” 部分的作用是什么？,"[""定义用户界面组件。"",""列出模块成功构建所需的库。"",""设置应用程序版本名称和代码。"",""指定Android SDK版本。""]",1,模块Gradle构建文件中的依赖项部分列出了该模块正确编译和运行所需的库和插件。
20,10,项目级Gradle构建文件在Android Studio项目中的位置在哪里？,"[""在 “res' 目录中。"",""在 “src” 文件夹中。"",""在 “gradle脚本”-> “build.gradle.kts ()” 下。"",""在 “libs” 目录下。""]",2,项目级Gradle构建文件可以在Gradle脚本部分找到，它定义了用于构建整个项目的插件。
20,11,以下哪一项是在Gradle构建文件中添加库依赖项的示例？,"[""实现 (libs.androidx.core.ktx)"",""导入 (libs.androidx.core.ktx)"",""包括 (libs.androidx.core.ktx)"",""useLibrary(libs.androidx.core.ktx)""]",0,在Gradle中，实现用于将库依赖项添加到构建中，并且在使用版本目录时，使用libs. prefix引用库。
20,12,为什么在大型项目中使用版本目录很重要？,"[""自动解决库之间的冲突。"",""以增加使用的库的数量。"",""保持跨多个模块的库版本的一致性。"",""更有效地跟踪文件更改。""]",2,使用版本目录有助于确保项目中的所有模块都使用相同版本的库，从而减少构建期间的不一致和潜在冲突。
21,0,可组合函数通常如何在代码中区分？,"[""从关键字 'compose' 开始"",""通过使用 'fun' 关键字"",""通过使用 @ Composable注释"",""通过使用 @ UIFunction注释""]",2,可组合函数用 @ Composable注释标记，以指示它们可以在Jetpack Compose中发出UI元素。
21,1,有状态可组合函数与无状态函数的区别是什么？,"[""有状态可组合不接受参数"",""有状态组合存储状态值，而无状态组合不存储状态值"",""无状态组合始终是内置函数"",""无法预览无状态可组合""]",1,有状态的可组合使用像remember和mutableStateOf这样的构造来存储状态值，而无状态的可组合依赖于外部状态，但不维护自己的状态。
21,2,可组合函数发出什么？,"[""数据模型"",""网络请求"",""文本字符串"",""用于呈现的UI元素""]",3,可组合函数发出组成运行时系统呈现的UI元素，以创建应用程序用户界面。
21,3,'remember' 关键字在composable中做什么？,"[""它创建一个新的可组合"",""它发出一个UI元素"",""它将数据保存到数据库"",""它存储一个在重组中持续存在的值""]",3,remember用于在可组合函数中存储需要跨重组记住的值。
21,4,Jetpack Compose中的可组合函数是什么？,"[""用于Android UI开发的Java函数"",""用于在Android应用中管理UI组件的类"",""一个用 @ Composable注释的特殊Kotlin函数，用于创建UI元素"",""处理用户交互的标准Kotlin函数""]",2,Jetpack Compose中的可组合函数是标记有 @ Composable注释的特殊Kotlin函数。它们将数据转换为用户界面元素，而不像传统函数那样返回值。
21,5,Compose中材料设计组件的主要目的是什么？,"[""创建自定义主题"",""确保UI与Google的材料指南保持一致"",""处理网络操作"",""管理应用程序状态""]",1,材料设计组件遵循google材料准则，以确保使用Compose的Android应用中的ui设计保持一致。
21,6,@ Preview注释的作用是什么？,"[""将可组合转换为材质组件"",""在IDE中显示可组合的预览"",""使可组合函数无状态"",""存储可组合的状态""]",1,@ Preview注释允许开发人员在IDE中查看composables外观，而无需运行完整的应用程序。
21,7,哪个组件提供了一种定义元素如何相对于彼此定位的方法？,"[""数据库"",""基础"",""布局"",""材料""]",2,Compose中的布局组件确定元素的排列方式以及彼此之间的关系。
21,8,您将使用哪个组件在垂直列表中排列UI元素？,"[""框"",""色谱柱"",""ModalDrawer"",""行""]",1,列composable将其子元素排列在垂直列表中，使其适合垂直堆叠项目。
21,9,哪个composable允许您显示具有可滚动行为的列表？,"[""框"",""LazyColumn"",""ModalDrawer"",""行""]",1,LazyColumn是一个可组合的，它显示具有滚动功能的项目列表，使其适合显示大型列表。
21,10,您将使用哪个composable来创建一个简单的文本输入字段？,"[""BaseTextField"",""文本框"",""文本输入"",""用户输入""]",0,BaseTextField是一个基础组件，用于在Compose中创建可定制的文本输入字段。
21,11,您将使用哪个函数在可组合的周围添加填充？,"[""修饰符.padding"",""addPadding"",""setPadding"",""wrapContent""]",0,在Jetpack Compose中使用Modifier.padding函数在可组合元素周围添加填充。
21,12,哪个关键字用于在可组合函数中存储状态？,"[""记住"",""saveState"",""有状态"",""商店""]",0,在可组合函数中使用remember关键字来存储跨重组持续存在的状态值。
21,13,以下哪一项不是内置组合的类别？,"[""数据绑定"",""基础"",""布局"",""材料设计""]",0,数据绑定不是Jetpack Compose中的可组合类。类别包括布局、基础和材料设计。
21,14,以下哪一项是Jetpack Compose中的基础组件？,"[""AlertDialog"",""按钮"",""脚手架"",""文本""]",3,文本是基础组件的一部分，这些组件提供基本的UI功能，而不遵循特定的样式或主题。
21,15,以下哪一项是有状态可组合的？,"[""显示文本的函数"",""格式化日期字符串的函数"",""从数据库中读取值的函数"",""使用 'remember' 存储滑块位置的函数""]",3,存储状态的函数，如使用remember的滑块位置，被认为是有状态的，因为它在整个重组过程中保持状态。
21,16,以下哪一项是状态值的示例？,"[""复选框的当前设置"",""硬编码的字符串值"",""文本的背景颜色"",""可组合函数的名称""]",0,checkboxs当前设置是一个状态值，因为它可以在应用程序执行期间更改并影响UI。
21,17,关于在composables中调用函数，以下哪项陈述是正确的？,"[""composable可以直接调用任何Java方法。"",""可组合对象只能调用其他可组合对象。"",""Composables不能接受参数。"",""标准Kotlin函数不能调用composables。""]",3,虽然可组合对象可以调用其他可组合对象和标准Kotlin函数，但标准Kotlin函数不能直接调用可组合函数。
22,0,如何使状态可访问多个子组合？,"[""通过直接在每个子级中声明状态"",""通过将状态提升到最近的共同祖先"",""通过忽略子组件中的重组"",""通过在每个子级中使用多个状态变量""]",1,将状态提升到公共祖先允许将该状态向下传递给多个子可组合对象，从而实现对状态的共享访问。
22,1,mutableStateOf做什么？,"[""创建无法更改的状态变量"",""创建在更新时触发重组的状态变量"",""创建一个无法观察到的变量"",""创建仅更改一次的变量""]",1,mutableStateOf创建一个状态变量，观察其变化，触发读取状态的函数的重组。
22,2,Membersavable函数有什么作用？,"[""确保仅在初始运行期间记住状态"",""防止在重组期间更改状态"",""每次重组后重新初始化状态"",""在重组和配置更改期间保留状态""]",3,Remembersavable函数不仅通过重组，而且通过像屏幕旋转这样的配置更改来保留状态。
22,3,如果您忘记在撰写中使用具有可变状态的remember，会发生什么？,"[""将通过配置更改保留状态"",""该状态将在每次重组时重新初始化"",""该州将在重组中保留"",""国家将触发重组""]",1,如果不使用remember，则每次重新组合函数时都会重置状态，因为在调用之间不会保留状态。
22,4,在Compose中发生配置更改时会发生什么情况？,"[""仅重新组合受影响的可组合函数"",""状态值会自动保留"",""该活动被销毁并使用新的状态值重新创建"",""该应用程序继续没有任何变化""]",2,配置更改 (如设备旋转) 会导致活动的破坏和重新创建，除非使用membersavable进行管理，否则会重置状态。
22,5,在Compose的上下文中，什么是重组？,"[""创建新的可组合函数"",""在新项目中初始化变量"",""状态更改时再次调用可组合函数的过程"",""通过配置更改保存状态的过程""]",2,当Compose检测到状态更改时，会发生重组，从而导致受该状态更改影响的可组合功能的重新执行。
22,6,Compose中的状态是什么？,"[""在执行期间更改的标准变量"",""可以随时间变化并在重组过程中被记住的值"",""仅在应用程序初始化期间更改的值"",""在整个应用生命周期中保持不变的值""]",1,在Compose中，状态是指可以随时间变化并且需要在重组期间记住的值，这与每次重新初始化的标准变量不同。
22,7,使用无状态组合的优势是什么？,"[""它不能在应用程序的其他部分重复使用"",""它直接操纵状态，而不需要事件处理程序"",""它更简单，更容易测试"",""它与它的父级紧密耦合""]",2,无状态组合更容易测试和重用，因为它们本身不管理状态，而是依赖于从父函数传递的状态。
22,8,国家吊装的好处是什么？,"[""直接从子函数操作状态"",""将状态保持在单个可组合函数的本地"",""使可组合函数无状态且更易于重用"",""防止在子可组合对象中重新组合""]",2,状态提升涉及将状态移动到父可组合，使子可组合无状态，因此更易于重用和管理。
22,9,在Compose中使用by关键字和状态变量的主要目的是什么？,"[""使用默认值初始化状态变量"",""使代码在访问状态值时更简洁"",""防止状态变量更改"",""在配置更改期间保存状态""]",1,by关键字允许在Kotlin中使用属性委托，通过消除直接引用值属性的需要，使代码更加简洁。
22,10,onTextChange函数在TextField中的作用是什么？,"[""使用默认文本初始化TextField"",""防止修改TextField"",""保存配置更改中的文本输入"",""在文本更改时更新状态值""]",3,onTextChange函数用作事件处理程序，每当用户修改TextField中的文本时，该处理程序都会更新状态值。
22,11,什么是Compose中的单向数据流？,"[""一种防止复合的方法"",""子组合可以直接修改父状态的技术"",""一种在配置更改期间保存状态的方法"",""状态向下流动，事件向上流动的一种方法""]",3,在单向数据流中，状态向下传递给子可组合体，而对状态的更改通过事件处理程序向上传递。
22,12,什么时候应该考虑使用rememberSaveable而不是remember？,"[""使用默认值初始化变量时"",""何时应防止重组"",""当需要通过设备旋转保持状态时"",""当状态不应该在配置更改中保持时""]",2,当状态必须通过配置更改 (如设备旋转) 保持时，使用remembersavable，而remembersavable仅在重组期间保留状态。
22,13,哪个功能最适合在配置更改 (如屏幕旋转) 期间保存状态？,"[""mutableStateOf"",""记住"",""rememberSaveable"",""statefulCompose""]",2,Remembersavable函数专门设计用于通过配置更改保留状态，使其成为跨事件 (如屏幕旋转) 保存值的理想选择。
22,14,哪个函数用于使可组合函数响应状态更改？,"[""mutableStateOf"",""saveableState"",""设置状态"",""statefulCompose""]",0,mutableStateOf函数创建一个状态变量，该变量在其值更改时触发重组，从而允许UI响应状态更新。
22,15,以下哪一项是提升状态的主要好处？,"[""允许在多个子composable之间共享状态"",""确保仅在初始渲染期间记住状态"",""使子级可组合直接操作状态"",""通过重组保持状态""]",0,将状态提升到一个共同的祖先允许将状态传递给多个孩子，从而促进不同可组合对象之间的通信。
22,16,为什么智能重组在撰写中很重要？,"[""它允许子函数直接修改状态"",""它可以防止任何重组发生"",""它仅重构受状态更改直接影响的函数"",""它在每个状态更改时重新组合整个UI""]",2,智能重组可确保仅重组受状态更改影响的功能，从而通过避免不必要的更新来提高性能。
22,17,为什么在声明状态变量时使用记住？,"[""通过配置更改使状态保持不变"",""确保在每次重新组合时重新初始化状态"",""防止状态被更新"",""记住重组中的状态值""]",3,remember函数确保状态变量在可组合函数的多次重组中保持其值。
22,18,为什么remember关键字不足以在屏幕旋转期间保持状态？,"[""它通过配置更改自动保存状态"",""它不允许状态更改"",""它用于将状态保存到数据库"",""它仅通过重组保留状态，而不是配置更改""]",3,remember有助于在重组中保留状态，但不处理配置更改，如屏幕旋转，其中整个活动被销毁并重新创建。
23,0,如何在composable中访问CompositionLocal的值？,"[""通过调用getValue() 方法"",""通过直接使用状态变量名称"",""通过引用CompositionLocal实例的当前属性"",""通过使用member函数""]",2,若要访问CompositionLocal提供的值，请使用实例的当前属性，如LocalColor.当前。
23,1,在哪种情况下，compositionLocalOf() 优先于staticCompositionLocalOf()？,"[""当状态在应用程序的生命周期内不应该改变"",""当状态值在整个应用程序中恒定时"",""当状态值频繁更改且需要部分重组时"",""当您需要跨配置更改保持状态时""]",2,当状态值经常更改时，compositionLocalOf() 是首选，因为它将重新组合限制为仅直接访问状态的那些可组合。
23,2,CompositionLocalProvider是做什么的？,"[""它初始化一个CompositionLocal实例"",""它重新组合整个可组合树"",""它在配置更改期间保存状态"",""它为CompositionLocal设置一个值，并使其可用于子组件""]",3,CompositionLocalProvider用于将值分配给CompositionLocal，从而允许后代composable访问该值。
23,3,staticCompositionLocalOf提供了什么？,"[""经常变化的可变状态"",""为不经常更改而设计的状态持有者"",""防止重新组合的静态引用"",""一种跨不同活动共享数据的方法""]",1,staticCompositionLocalOf是不经常更改的状态的理想选择，因为如果发生更改，它将重新组合提供值的整个树。
23,4,如果未提供CompositionLocal值，会发生什么情况？,"[""发生运行时错误"",""composables将无法编译"",""使用compositionLocalOf() 中指定的默认值"",""该值从父可组合继承""]",2,如果没有为CompositionLocal提供特定值，它将使用创建compositionLocalOf() 实例时定义的默认值。
23,5,当CompositionLocal的值发生变化时会发生什么？,"[""应用程序中的所有组合都将重新组合"",""不发生重组"",""仅重新组合状态更改的特定可组合"",""重新组合下面分配值的整个树""]",3,当CompositionLocal值更改时，将重新组合提供该值的点下方的子树，以反映更新后的状态。
23,6,使用staticCompositionLocalOf频繁更改状态的缺点是什么？,"[""它不能存储复杂的对象"",""它会导致整个子树重新组合，这可能是低效的"",""它防止使用默认值"",""它需要通过每个可组合的传递状态""]",1,对频繁更改的状态使用staticCompositionLocalOf可能效率低下，因为它会触发提供状态的整个子树的重组。
23,7,使用CompositionLocal直接传递状态的主要优势是什么？,"[""它允许整个应用程序的单一全局状态"",""它消除了国家吊装的需要"",""它确保在重组过程中保留状态"",""它减少了通过每个中间可组合传递状态的冗长""]",3,CompositionLocal通过允许访问状态而无需将其显式传递到层次结构中的每个可组合来简化过程。
23,8,使用CompositionLocal声明的状态的默认行为是什么？,"[""它通过配置更改自动保持"",""它可以被访问而不被记住"",""它可以在所有可组合体中全局访问"",""它只能在分配它的树的分支内访问""]",3,使用CompositionLocal提供的状态对于分配它的可组合树的分支是本地的，这意味着它只能由树中该点以下的可组合对象访问。
23,9,修改CompositionLocal值后，在Android Studio中刷新预览面板有什么效果？,"[""它会自动保存应用程序的当前状态"",""它编译应用程序以检查语法错误"",""它在物理设备上重新运行应用程序"",""它更新预览以反映在代码中所做的更改""]",3,在Android Studio中刷新预览面板将更新显示的UI，以反映对代码中的CompositionLocal值所做的任何更改。
23,10,用于创建CompositionLocal实例的函数是什么？,"[""compositionLocalOf"",""mutableStateOf"",""记住"",""saveableStateHolder""]",0,compositionLocalOf函数用于创建CompositionLocal的实例，该实例可以保存状态以便在可组合的层次结构中使用。
23,11,Jetpack Compose中CompositionLocal的目的是什么？,"[""确保在配置更改期间保留状态"",""使树中较低的可组合体可以访问状态，而无需通过中介"",""使状态对所有可组合对象全局可用"",""通过每个中间可组合传递状态""]",1,CompositionLocal允许在较高级别提供状态，并由后代composable访问，而无需通过每个中间composable显式传递它。
23,12,compositionLocalOf() 中默认值的作用是什么？,"[""定义CompositionLocal将存储的数据类型"",""确保状态在配置更改期间保持不变"",""防止在未提供值时重新组合"",""在未设置显式值时提供回退值""]",3,当没有通过CompositionLocalProvider提供特定值时，在compositionLocalOf() 中指定的默认值充当回退。
23,13,CompositionLocal存储什么类型的值？,"[""可在可组合对象之间共享的任何类型的状态"",""网络配置和数据模型"",""只有颜色和主题"",""只有字符串和整数""]",0,CompositionLocal可以存储后代可组合体需要访问的任何类型的数据，使其在各种用例中具有通用性。
23,14,什么时候应该使用staticCompositionLocalOf() 而不是compositionLocalOf()？,"[""当状态更改不频繁且子树的完全重组可接受时"",""当预期状态经常变化时"",""当状态应通过所有中间可组合体传递时"",""当您要防止在后代可组合物中重新组合时""]",0,staticCompositionLocalOf() 函数最好在状态不频繁更改时使用，因为它会导致分配状态的点下方的整个树重新组合。
23,15,哪个对象可以为CompositionLocal提供值？,"[""CompositionLocalProvider"",""记住"",""saveableProvider"",""stateProvider""]",0,CompositionLocalProvider用于将值分配给CompositionLocal，并使其可用于其后代composables。
23,16,以下哪一项是使用CompositionLocal的好处？,"[""它允许将状态提升到更高的可组合状态"",""它使状态可在应用程序中的所有屏幕上访问"",""它可以防止在整个树中重新组合"",""它简化了通过深度嵌套的可组合树传递状态""]",3,当您希望使状态可用于深度嵌套的可组合体时，CompositionLocal特别有用，而无需手动将其向下传递到每个级别。
23,17,以下哪一项是错误使用CompositionLocal的示例？,"[""访问CompositionLocal实例的当前属性"",""在树的不同分支中分配不同的值"",""使用CompositionLocal用于频繁更改的UI元素"",""使用staticCompositionLocalOf作为主题颜色""]",2,CompositionLocal最适合不经常更改的状态。对于频繁变化的UI元素，直接状态传递或其他机制可能更有效。
24,0,如何确保可组合参数被视为插槽？,"[""将参数声明为 @ Composable () -> Unit"",""使用记住功能"",""使用slot关键字"",""将参数包装在列中""]",0,要在可组合函数中创建一个槽，参数被声明为 @ composable () -> Unit，允许它接受另一个可组合作为输入。
24,1,如何定义可组合函数以接受插槽作为参数？,"[""通过使用 @ Composable () -> 单位类型声明参数"",""通过指定泛型参数"",""通过使用 @ Slot注释"",""通过使用member函数""]",0,为了接受一个槽，一个可组合函数声明一个 @ composable () -> Unit类型的参数，它允许传入另一个可组合。
24,2,一个可组合函数可以有多少个槽参数？,"[""尽可能多的需要"",""只有一个"",""三个"",""两个""]",0,可组合函数可以具有多个槽参数，从而可以定义可以动态填充不同内容的布局的各个部分。
24,3,在slot API的上下文中，“模板” 一词是什么意思？,"[""一种存储状态的方法"",""静态内容的占位符"",""预定义且不可更改的UI布局"",""允许动态内容插入的结构""]",3,可与slot API组合作为模板，这意味着它提供了一个可以插入动态内容的结构，使其适应不同的需求。
24,4,在设计自定义组合时，slot API提供了什么优势？,"[""它允许硬编码的布局"",""它使其他开发人员能够将自己的内容传递到可组合的"",""它可以防止UI的重新组合"",""它简化了状态管理""]",1,Slot api允许其他开发人员自定义UI特定部分中显示的内容，从而使可组合体更加灵活和可重用。
24,5,这是什么意思的composable是一个 “用户界面模板” 与插槽API？,"[""它允许使用运行时提供的内容动态填充布局"",""它只能用于预定义的内容"",""是固定模板，不能修改"",""它管理其他可组合体的状态""]",0,使用slot API的composable充当模板，在调用该函数时，可以使用不同的内容填充特定部分。
24,6,在插槽api的上下文中，术语 “插槽” 指的是什么？,"[""Compose运行时中的内存分配"",""存储状态的地方"",""可组合中的动态内容的占位符"",""预定义的布局约束""]",2,槽是可组合物中的占位符，当使用可组合物时，可以动态插入其他内容。
24,7,如果你调用一个插槽函数而不为每个插槽传递一个可组合，会发生什么？,"[""可组合将显示一个空格"",""该函数将自动填充文本组合"",""该函数将抛出一个错误"",""该函数将使用默认参数值 (如果提供)""]",3,如果slot参数具有默认值，则在调用期间不提供任何值时，它将使用该值。
24,8,Jetpack Compose上下文中的插槽API是什么？,"[""确保在配置更改期间保留状态的函数"",""一种在可组合中定义固定内容的方法"",""一种允许将其他组合动态插入到定义的插槽中的方法"",""用于将Compose与外部库连接的接口""]",2,slot API允许composable接受其他composable作为参数，从而在调用函数时提供动态内容。
24,9,使用速记语法进行slot API调用有什么好处？,"[""它确保类型安全"",""这是将参数传递给插槽函数的唯一方法"",""它使插槽参数可变"",""它减少了指定内容所需的代码量""]",3,简写语法简化了代码，使其更易于读写，尤其是在为单个插槽提供内容时。
24,10,slot API参数中Unit返回类型的意义是什么？,"[""它确保参数可以为空"",""它指示参数可以返回任何值"",""它限制了可以传入的可组合对象的类型"",""它指定参数不返回有意义的值""]",3,Unit类型用于指示函数不返回任何有意义的值，使其适用于slot API参数。
24,11,什么类型通常用于指示可组合的插槽函数不返回值？,"[""没什么"",""单位"",""null"",""无效""]",1,Unit在Kotlin中用于指示函数不返回值，类似于其他编程语言中的void。
24,12,哪些内置的Compose函数经常使用插槽api？,"[""列和行"",""LazyColumn和LazyRow"",""基架和AlertDialog"",""文本和按钮""]",2,Scaffold和AlertDialog是内置合成函数的示例，这些函数使用插槽api来允许开发人员动态自定义其内容。
24,13,以下哪一项是使用slot API的示例？,"[""始终显示文本组件的composable"",""包含固定布局元素的composable"",""一个composable，它采用另一个composable作为参数来确定其内容的一部分"",""调用另一个没有参数的函数""]",2,插槽API涉及将可组合传递给另一个可组合，从而允许将动态内容插入到预定义的插槽中。
24,14,使用单个插槽调用可组合函数时，哪种语法更简洁？,"[""SlotDemo { ButtonDemo()}"",""SlotDemo(ButtonDemo())"",""SlotDemo(middleContent = ButtonDemo)"",""SlotDemo(middleContent = { ButtonDemo() })""]",0,使用简写语法允许更简洁的调用，特别是当只有一个slot参数时。
24,15,为什么slot API被认为比标准可组合函数更灵活？,"[""它允许更少的可组合函数"",""它总是显示相同的UI元素"",""它可以接受在运行时确定的动态内容"",""它强制执行特定的布局结构""]",2,Slot api允许调用者传入不同的可组合函数，使得可组合函数的内容灵活，适应不同的情况。
24,16,为什么你可能在一个组合中使用多个插槽？,"[""允许独立自定义布局的不同部分"",""避免使用Column函数"",""强制执行单个布局结构"",""减少所需的可组合函数的数量""]",0,使用多个插槽可以独立定制布局的不同部分，从而在如何使用composable方面提供了更大的灵活性。
24,17,为什么你会使用一个槽API，而不是硬编码的内容组合？,"[""提高应用程序的性能"",""使可组合的更具动态性和可重用性"",""使可组合仅在一个地方可用"",""限制可以显示的组件类型""]",1,slot API允许在运行时指定composable的内容，使其更灵活，可重用于不同的目的。
26,0,如何将修饰符应用于可组合的文本？,"[""通过在列中调用它"",""通过在文本调用中将其作为参数传递"",""通过使用特殊注释"",""通过使用状态参数""]",1,通过在调用文本函数时将修饰符对象作为参数传递，可以将修饰符应用于可组合的文本。
26,1,如何将多个设置应用于Compose中的修改器？,"[""通过在修饰符实例上按顺序调用多个方法"",""通过为每个设置创建单独的修改器"",""通过重写可组合函数"",""通过使用member函数""]",0,修饰符允许方法链接，因此您可以在同一修饰符实例上调用多个方法来应用多个设置，如填充和边框。
26,2,当将它们应用于可组合时，如何组合两个不同的修饰符？,"[""通过在单独的行中应用它们"",""通过使用then() 方法将它们链接在一起"",""用逗号分隔它们"",""通过使用merge() 函数""]",1,可以使用then() 方法组合修饰符，该方法允许将多个修饰符对象按顺序应用于单个可组合对象。
26,3,定义自定义可组合时如何使用修改器对象？,"[""它作为参数传递以控制外观和行为"",""它是所有可组合函数所必需的"",""用于处理导航逻辑"",""它用于存储可组合的状态""]",0,修饰符作为参数传递，以控制自定义组合的外观和行为，例如添加填充或更改对齐方式。
26,4,Modifier.clip() 方法的常见用途是什么？,"[""将圆角应用于图像"",""居中对齐文本"",""在内容周围绘制边框"",""调整可组合的大小""]",0,Modifier.clip() 通常用于将特定形状 (如圆角) 应用于可组合内容。
26,5,在自定义可组合函数中使修饰符可选的正确方法是什么？,"[""通过省略修改器参数"",""通过设置Modifier的默认值"",""通过使用可以为nullable的修饰符"",""通过使用remember关键字""]",1,要使修饰符在自定义可组合中是可选的，可以将其默认值设置为空白修饰符实例，从而允许在不显式传递修饰符的情况下调用该函数。
26,6,Modifier.scrollable() 方法的效果是什么？,"[""它在内容周围添加填充"",""它将内容剪辑为指定的形状"",""它可以滚动溢出的内容"",""它调整内容大小以适应屏幕内""]",2,Modifier.scrollable() 方法使一个可组合的可滚动的内容超出可视区域时，允许用户浏览溢出的内容。
26,7,Modifier.then() 方法的效果是什么？,"[""它将多个修饰符组合成一个"",""它放弃所有以前的修改器设置"",""它只适用于填充修饰符"",""它覆盖现有的修饰符""]",0,Modifier.then() 方法允许将两个或多个修饰符对象组合到单个修饰符中，从而更容易将多个配置应用于可组合。
26,8,Compose中Modifier.clip() 的功能是什么？,"[""调整可组合的填充"",""将形状遮罩应用于可组合的内容"",""将composable的大小调整为固定大小"",""设置背景颜色""]",1,Modifier.clip() 用于将composable的内容剪辑为指定的形状，例如圆角形状。
26,9,Jetpack Compose中修改器的主要用途是什么？,"[""更改可组合对象的外观和行为"",""创建新的可组合函数"",""管理屏幕之间的导航"",""在可组合对象中管理状态""]",0,修饰符允许开发人员通过应用各种设置 (如填充，边框和大小) 来自定义可组合对象的显示和行为方式。
26,10,将Modifier.fillMaxHeight() 应用于可组合的结果是什么？,"[""可组合将填充其父级允许的高度"",""可组合将填充其父级的宽度"",""可组合将占据整个屏幕"",""可组合将包装其内容""]",0,应用Modifier.fillMaxHeight() 会导致composable扩展以使用其父容器中可用的最大高度。
26,11,如果在修饰符链中的边框之前应用填充会发生什么？,"[""边框将被放置在填充内"",""边界会变厚"",""填充将出现在边框内"",""填充将被忽略""]",0,如果在边框之前应用填充，则边框将放置在填充内，这意味着填充空间将在边框之外。
26,12,您将使用哪种方法来使可组合填充其父级的可用宽度？,"[""Modifier.Width(Modifier.maxWidth)"",""Modifier.fillMaxSize()"",""修饰符.fillMaxWidth()"",""修饰符.fillWidth()""]",2,Modifier.fillMaxWidth() 方法使可组合的expand填充其父容器允许的整个宽度。
26,13,哪个修饰符用于在可组合的周围绘制边框？,"[""修饰符.border()"",""Modifier.box()"",""修饰符.clip()"",""修饰符.outline()""]",0,Modifier.border() 方法用于在可组合对象周围绘制边框，指定边框的宽度、颜色和其他属性。
26,14,您将使用哪个修改器将composable旋转指定的度数？,"[""修改器.angle()"",""修饰符.orient()"",""修改器.rotate()"",""修饰符.spin()""]",2,Modifier.rotate() 方法将composable绕其中心点旋转指定的度数。
26,15,哪个对象是Compose中构建修改器的基础？,"[""ComposeModifier"",""修饰符"",""ModifierConfig"",""UIConfiguration""]",1,Modifier对象是一个内置的Compose对象，用于通过各种方法配置可组合体的外观和行为。
26,16,为什么建议将修饰符支持添加到自定义composables？,"[""它确保更好的性能"",""它使composable更加灵活和可配置"",""它可以防止重新组合"",""它减少了所需的可组合体的数量""]",1,将修饰符支持添加到自定义可组合体允许开发人员调整可组合体的外观和行为，使其更适应不同的用例。
26,17,为什么链接修饰符方法的顺序很重要？,"[""它会影响可组合渲染的顺序"",""它改变了修饰符应用于可组合的"",""它确定可组合的大小"",""它只适用于布局约束""]",1,修饰符方法的链接顺序可以更改可组合的最终外观。例如，在边框之前或之后应用填充将影响填充显示在边框内部还是外部。
27,0,如何将多种颜色应用于单个文本的不同部分？,"[""通过将背景颜色应用于父布局"",""通过在buildAnnotatedString中使用具有不同颜色设置的SpanStyle"",""通过对每个可组合的文本使用TextStyle.color"",""通过为每种颜色使用单独的可组合""]",1,SpanStyle允许您将不同的颜色应用于buildAnnotatedString中文本的特定部分。
27,1,如何使用SpanStyle在单个文本组合中创建一个多色单词？,"[""通过设置默认颜色"",""通过在可组合文本中使用循环"",""通过在buildAnnotatedString中使用withStyle() 和更改颜色"",""通过将每个字母包装在不同的可组合文本中""]",2,在buildAnnotatedString中使用withStyle() 允许您更改单词不同段的颜色，从而创建多种颜色的效果。
27,2,如何在Compose中将不同的字体权重应用于字符串的各个部分？,"[""通过在buildAnnotatedString中应用具有特定fontWeight的SpanStyle"",""通过在父可组合中设置fontWeight"",""通过使用全局fontWeight设置"",""通过为每个权重使用不同的文本组合""]",0,SpanStyle允许您将不同的字体权重应用于字符串段，从而提供样式设置的灵活性。
27,3,如何在带注释的字符串中组合不同的文本部分？,"[""通过调用append() 方法"",""通过设置textAlignment"",""通过使用join() 函数"",""通过使用merge() 函数""]",0,append() 方法用于在构建AnnotatedString时将不同样式的部分添加到一起。
27,4,如何将径向渐变应用于文本组合？,"[""使用background属性"",""在TextStyle中使用brush属性"",""在文本中使用渐变属性"",""在SpanStyle中使用radialGradient() 方法""]",1,TextStyle中的brush属性允许您通过使用带有颜色列表的Brush.radialGradient() 将径向渐变应用于文本。
27,5,ParagraphStyle的textIndent属性控制什么？,"[""段落的字体样式"",""段落中第一行和后续行的缩进"",""段落中第一行的缩进"",""线之间的空间""]",1,ParagraphStyle中的textIndent属性用于定义段落的第一行和其他行的缩进。
27,6,在ParagraphStyle中为lineHeight设置高值有什么效果？,"[""它改变了背景颜色"",""它增加了字符之间的空间"",""它增加了文本行之间的空间"",""它使文本加粗""]",2,ParagraphStyle中的高lineHeight值会增加行之间的间距，从而使段落更具可读性。
27,7,在Jetpack Compose中使用带注释的字符串的主要好处是什么？,"[""将不同的样式应用于文本的不同部分"",""更改整个字符串的字体类型"",""处理用户与文本的交互"",""管理布局中的文本可见性""]",0,带注释的字符串允许开发人员将不同的样式应用于文本的各个部分，提供比标准修饰符更多的灵活性。
27,8,段落样式中TextAlign.End设置的目的是什么？,"[""将文本向左对齐"",""居中对齐文本"",""为文本辩护"",""右对齐文本""]",3,ParagraphStyle中的TextAlign.End用于右对齐段落中的文本，将文本的末尾对齐到右边缘。
27,9,在文本样式中使用画笔的目的是什么？,"[""对齐列内的文本"",""将渐变或图案应用于文本"",""更改文本的阴影"",""动态修改文字大小的步骤""]",1,Brush允许您将渐变或其他图案应用于文本外观，例如为文本创建渐变填充。
27,10,使用画笔效果时，buildAnnotatedString的作用是什么？,"[""它允许将画笔效果应用于特定的文本部分"",""它根据滚动改变文本大小"",""它修改了可组合的背景"",""它提供了内置的渐变颜色""]",0,buildAnnotatedString可与SpanStyle结合使用，以将画笔效果 (如渐变) 应用于选定的文本段。
27,11,withStyle() 函数在buildAnnotatedString中的作用是什么？,"[""调整文本间距"",""将样式应用于文本的特定段"",""定义整个文本的样式"",""从线段中删除样式的步骤""]",1,withStyle() 在buildAnnotatedString中用于将特定样式应用于文本的一部分。
27,12,您将使用什么属性将渐变效果应用于撰写中的文本？,"[""背景颜色"",""刷子"",""梯度样式"",""阴影效果""]",1,brush属性允许您使用各种画笔方法 (如linearGradient或radialGradient) 将渐变效果应用于Jetpack Compose中的文本。
27,13,SpanStyle用于什么类型的样式？,"[""将样式应用于整个段落"",""将样式应用于字符串中的单个字符或部分"",""管理可组合的布局"",""设置文本的背景图像""]",1,SpanStyle用于将样式应用于文本的特定范围，例如更改选定文本段的颜色、字体粗细或大小。
27,14,何时使用ParagraphStyle而不是SpanStyle？,"[""当您需要对整个段落应用对齐或行高时"",""当你想改变字体颜色"",""当您要更改单个单词的文本大小时"",""当您只想使字符串的一部分粗体时""]",0,ParagraphStyle非常适合将文本对齐或行高等样式应用于整个段落，从而影响文本的整体结构。
27,15,哪个函数用于在Jetpack Compose中创建AnnotatedString？,"[""buildAnnotatedString()"",""buildString()"",""composeAnnotatedString()"",""createString()""]",0,buildAnnotatedString() 函数用于创建AnnotatedString，允许将样式应用于文本的不同部分。
27,16,您将使用哪个函数在Jetpack Compose中创建缩进段落？,"[""applyIndent()"",""indentText()"",""setIndent()"",""withStyle() 和paragrapstyle与textIndent""]",3,若要创建缩进段落，请将withStyle() 与ParagraphStyle和textIndent属性结合使用。
27,17,哪种方法用于在文本组合中呈现带有注释字符串的文本？,"[""annotateText()"",""buildAnnotatedString()"",""buildText()"",""textWithStyle()""]",1,buildAnnotatedString() 用于创建具有多种样式的复杂文本，这些样式可以在文本组合中呈现。
27,18,以下哪一项是可以使用ParagraphStyle自定义的属性？,"[""颜色"",""字体大小"",""fontWeight"",""文本对齐""]",3,ParagraphStyle用于将样式应用于整个段落，它包括textAlign等属性，用于对齐段落中的文本。
27,19,以下哪一项是可以使用SpanStyle自定义的属性？,"[""线条高度"",""阴影"",""Text方向"",""textIndent""]",1,SpanStyle支持shadow属性，允许开发人员向特定文本段添加阴影效果。
27,20,ParagraphStyle直接支持以下哪种样式？,"[""fontFamily"",""字母间距"",""阴影"",""Text方向""]",3,ParagraphStyle包括对textDirection的支持，允许开发人员控制文本的显示方向，例如从左到右或从右到左。
27,21,SpanStyle不支持哪个属性？,"[""颜色"",""字体大小"",""fontWeight"",""文本对齐""]",3,textAlign是ParagraphStyle的一个属性，而不是SpanStyle，后者侧重于单个字符级别的样式设置。
27,22,SpanStyle的哪个属性可用于更改字体大小？,"[""字体"",""fontWeight"",""pointSize"",""文本大小""]",-1,SpanStyle的fontSize属性允许您指定该特定span的文本大小。
27,23,如果要更改带注释字符串中特定字符的背景，应使用哪种样式？,"[""BrushStyle"",""段落样式"",""SpanStyle"",""文本样式""]",2,SpanStyle允许您将背景颜色应用于带注释的字符串中的特定字符或跨度。
27,24,您将使用哪种样式将斜体应用于字符串的一部分？,"[""带渐变的BrushStyle"",""带fontStyle的段落样式"",""带fontStyle的SpanStyle"",""TextStyle与fontWeight""]",2,SpanStyle支持fontStyle属性，允许开发人员将斜体应用于特定的文本段。
28,0,行和列组合在排列属性方面有何不同？,"[""排列属性仅适用于行"",""两者都使用相同的排列属性"",""行使用水平排列，而列使用垂直排列"",""行使用垂直排列，而列使用水平排列""]",2,行组合使用horizontalarrealing参数水平定位子项，而列组合使用verticalarrealing垂直定位子项。
28,1,排列之间的空间如何影响元素在一行中的定位？,"[""在第一个元素之前和最后一个元素之后添加相等的间距"",""在元素之间添加相等的间距，而没有前导或尾随空格"",""在元素之间不添加空格"",""水平居中元素""]",1,Arrangement.SpaceBetween在元素之间添加相等的间距，但不会在一行中的第一个元素之前或最后一个元素之后添加空间。
28,2,默认情况下，可组合列如何处理对齐？,"[""将内容与右下角对齐"",""将内容与左上角对齐"",""水平和垂直居中内容"",""在屏幕上均匀地传播内容""]",1,默认情况下，除非指定了其他对齐设置，否则可组合列的子项将与其内容区域的左上角对齐。
28,3,你会如何均匀地分布周围的孩子在一排可组合的空间？,"[""将horizontalAlignment设置为Alignment。水平居中"",""将水平排列设置为排列。空间均匀"",""将verticalAlignment设置为Alignment.Center"",""为每个子级使用Modifier.padding()""]",1,排列。空间均匀地在一行中的孩子之前，之间和之后分配空间，使其适用于需要相等间距的布局。
28,4,您将使用什么对齐值将列的内容水平对齐到中心？,"[""对齐.水平居中"",""对齐.垂直居中"",""Alignment.End"",""Alignment.Start""]",0,对齐。center水平用于沿水平轴居中对齐列内容。
28,5,Horizontalarrolenment参数对列composable有什么影响？,"[""它在列内水平对齐子对象"",""它沿垂直轴排列儿童"",""它改变了孩子的文字大小"",""它设置子之间的填充""]",0,列中的horizontalarrolenment参数控制其子项在列内容区域内的水平对齐方式。
28,6,如果行composable的孩子没有权重修改器会发生什么？,"[""它会自动对齐到中心"",""默认情况下它是隐藏的"",""它只占用其内容所需的空间"",""它占用所有可用空间""]",2,没有权重修饰符的行子级将仅占用其内容所需的空间，而具有权重修饰符的其他子级共享剩余空间。
28,7,行的verticalAlignment参数和列的horizontalAlignment参数有什么区别？,"[""仅horizontalAlignment控制子位置"",""它们用于为可组合的设置填充"",""它们都控制沿同一轴的对齐"",""垂直对齐子对象沿垂直轴对齐，而水平对齐子对象沿水平轴对齐""]",3,行的verticalAlignment参数沿垂直轴对齐子项，而列的horizontalAlignment参数沿水平轴对齐子项。
28,8,在一行中使用alignByBaseline() 修饰符的效果是什么？,"[""它对齐文本元素的基线"",""它使文本元素水平居中"",""它增加了元素之间的填充"",""它设置背景颜色""]",0,alignByBaseline() 修饰符根据行内的文本元素的基线对齐它们，使其在对齐不同大小的文本时非常有用。
28,9,Jetpack Compose中可组合行的主要目的是什么？,"[""垂直对齐子对象"",""水平排列儿童"",""处理用户交互"",""管理屏幕之间的导航""]",1,可组合的行水平排列其子对象，在屏幕上并排显示它们。
28,10,与行或列子项一起使用时，权重修饰符的目的是什么？,"[""调整可组合的对齐方式"",""更改可组合的颜色"",""在儿童之间按比例划分空间"",""增加可组合的大小""]",2,权重修改器允许行或列子项根据指定的权重值按比例共享空间。
28,11,在可组合的列中将verticalalangement设置为alretangement.Tottom的结果是什么？,"[""对齐列底部的内容"",""在列的顶部对齐内容"",""垂直居中内容"",""将内容均匀地分布在列中""]",0,将verticalalangement设置为alangement.Tottom将列子级对齐列内可用空间的底部。
28,12,verticalAlignment参数在可组合行中的作用是什么？,"[""沿垂直轴对齐行的子对象"",""水平排列儿童"",""在文本组合中居中对齐文本"",""设置行的背景颜色""]",0,行中的verticalAlignment参数用于沿垂直轴对齐子行，例如在顶部、中心或底部对齐行。
28,13,应将哪个对齐值与列的horizontalAlignment参数一起使用以使内容居中？,"[""对齐.底部"",""对齐.水平居中"",""Alignment.Start"",""对齐.顶部""]",1,对齐方式。centerhorizontal与Columns horizontalAlignment参数一起使用，以沿水平轴居中内容。
28,14,您将使用哪个composable在Jetpack Compose中垂直对齐子元素？,"[""卡片"",""色谱柱"",""行"",""脚手架""]",1,列composable垂直排列其子，将它们一个堆叠在另一个之上。
28,15,您将使用哪个函数在可组合列的范围内对齐子组件？,"[""align()"",""alignBy()"",""填充 ()"",""空间声波 ()""]",0,align() 函数用于在列的范围内水平对齐子组件，例如将它们对齐到开始、中心或结束。
28,16,哪个参数允许您控制列中元素之间的间距？,"[""水平排列"",""填充"",""垂直排列"",""垂直间距""]",2,Verticalarreangement参数控制沿列中垂直轴的元素之间的间距。
28,17,您将使用哪个参数在一行中垂直居中元素？,"[""安排"",""中心对齐"",""水平对齐"",""垂直对齐""]",3,verticalAlignment参数使元素在一行中垂直居中，沿垂直轴将它们定位在可用空间的中间。
28,18,您将使用哪个范围修饰符来控制子级相对于其列中的兄弟级的高度？,"[""修饰符.align()"",""Modifier.offset()"",""修饰符.padding()"",""Modifier.weight()""]",3,weight() 修饰符允许您控制列中的子级相对于其兄弟级的高度，并根据指定的权重分配空间。
29,0,如何渲染具有偷工减料的形状的框？,"[""应用大尺寸的边框修饰符"",""将contentAlignment设置为Alignment.TopCenter"",""将CutCornerShape与clip() 修改器一起使用"",""使用半径较大的RoundedCornerShape""]",2,将clip() 修改器与CutCornerShape一起使用可以创建一个带切角的长方体。
29,1,你如何让一个盒子的孩子组合填充整个盒子的大小？,"[""使用size() 修饰符设置固定大小"",""设置contentAlignment参数"",""使用align() 修饰符"",""使用matchParentSize() 修饰符""]",3,matchParentSize() 修饰符可确保子组件填充其父框的整个大小。
29,2,Box composable与行和列有何不同？,"[""框像行一样水平排列子对象"",""框像列一样垂直排列子对象"",""框堆叠子对象，而行和列将它们排列在行中"",""框支持滚动，而行和列不支持""]",2,与行和列不同，行和列在水平或垂直线中对齐子项，Box将子项堆叠在彼此的顶部。
29,3,如何修改一个框以在左下角显示其子框？,"[""将边框应用于框"",""将horizontalAlignment设置为Alignment.Tottom"",""使用contentAlignment = Alignment.BottomStart"",""使用matchParentSize() 修饰符""]",2,将contentAlignment设置为Alignment.BottomStart将子级定位在框的左下角。
29,4,在可组合的框中，哪个孩子显示在顶部？,"[""所有的孩子都平等地显示"",""这取决于对齐设置"",""第一个孩子宣布"",""最后一个孩子声明""]",3,在可组合的框中，声明的最后一个子级位于堆栈的顶部，如果子级重叠，则使其最明显。
29,5,当与框内的文本组合一起使用时，Surface组件具有什么效果？,"[""它为文本添加阴影"",""它增加了文本的字体大小"",""它使文本背景透明"",""它为文本提供了不透明的背景""]",3,Surface组件用于为可组合的文本提供不透明的背景，使其更容易区分框中的重叠文本。
29,6,如果将多个大小相同的TextCell元素添加到可组合的框中会发生什么？,"[""它们排列成水平行"",""它们排列成垂直列"",""它们间隔均匀"",""它们相互重叠""]",3,在可组合的框中，子项堆叠在彼此的顶部，因此具有相同大小的多个元素将重叠。
29,7,什么是孩子的默认对齐框可组合？,"[""BottomStart"",""中心"",""CenterEnd"",""TopStart""]",3,默认情况下，Box composable中的子项与Boxs内容区域的左上角 (Alignment.TopStart) 对齐。
29,8,在框中应用paddingfof () 修饰符的效果是什么？,"[""它在框内的孩子周围添加填充"",""它将框内容与中心对齐"",""它改变了盒子的颜色"",""它把盒子夹成圆形""]",0,paddingFrom() 修饰符允许您向子composable添加填充，在其父级中围绕它创建空间。
29,9,Jetpack Compose中Box composable的主要功能是什么？,"[""水平排列儿童"",""垂直排列孩子"",""处理屏幕之间的导航"",""将孩子堆叠在彼此之上""]",3,Box composable将其子级堆叠在彼此的顶部，第一个子级位于堆栈的底部。
29,10,在Jetpack Compose的盒子内使用Surface组件的目的是什么？,"[""将子对象对齐到中心"",""将长方体剪裁为自定义形状"",""为文本等可组合对象提供不透明背景"",""设置框的背景颜色""]",2,Surface组件在框内使用，为文本等可组合对象提供不透明的背景，有助于区分重叠的组件。
29,11,将clip() 修饰符与CircleShape应用于可组合的框的结果是什么？,"[""它将填充添加到框中"",""它改变了盒子的背景颜色"",""它使盒子呈圆形"",""它将盒子旋转90度""]",2,带有CircleShape的clip() 修改器将框剪裁为圆形，从而将框的外观更改为圆形。
29,12,Box composable的哪个参数允许您在框的内容区域内定位孩子？,"[""对齐"",""contentAlignment"",""水平对齐"",""垂直排列""]",1,contentAlignment参数允许您指定子项在Boxs内容区域中的位置。
29,13,在BoxScope中使用align() 修饰符时，Alignment.Center值做什么？,"[""将子级向左对齐"",""使孩子在框内居中"",""将孩子定位在底部"",""拉伸孩子以填充盒子""]",1,使用align(Alignment.Center) 将子对象定位在Boxs内容区域的中心。
29,14,哪个BoxScope修饰符将子级与框的右下角对齐？,"[""align(Alignment.BottomEnd)"",""align(Alignment.Center)"",""contentAlignment = Alignment.BottomEnd"",""matchParentSize()""]",0,带有Alignment.BottomEnd的align() 修饰符将子级放置在框内的右下角。
29,15,哪个BoxScope修饰符可确保子框占用与父框相同的大小？,"[""夹子 ()"",""fillMaxSize()"",""matchParentSize()"",""wrapContentSize()""]",2,matchParentSize() 修饰符使子框占据其父框的完整大小，匹配其高度和宽度。
29,16,您将使用哪个修改器向框的子元素添加实心边框？,"[""align()"",""边框 ()"",""夹子 ()"",""填充 ()""]",1,border() 修饰符用于在可组合对象 (如框内的子元素) 周围添加实心边框。
29,17,以下哪些值可以分配给框的contentAlignment参数？,"[""Alignment.End"",""Alignment.Start"",""对齐.TopStart"",""布置.中心""]",2,对齐方式。TopStart是用于在框内定位子级的选项之一，将它们与左上角对齐。
29,18,哪个参数用于控制框内子项的整体对齐方式？,"[""对齐"",""安排"",""contentAlignment"",""垂直对齐""]",2,contentAlignment参数用于控制如何在框中对齐所有子对象。
29,19,您将使用哪种形状与clip() 修改器来创建具有圆角的框？,"[""CircleShape"",""CutCornerShape"",""矩形"",""圆形拐角形状""]",3,RoundedCornerShape与clip() 修饰符一起使用，以使长方体具有圆角。
30,0,如何使FlowRow中的项目占据一行中的所有剩余空间？,"[""应用值为1f的weight() 修改器"",""设置maxItemsInEachRow属性"",""使用水平排列 = 排列.FillMax"",""使用align() 修饰符""]",0,应用值为1f的weight() 修饰符允许项目占用FlowRow中的剩余空间。
30,1,FlowRow和FlowColumn如何改进Compose中的行和列？,"[""它们允许项目溢出到新的行或列，提供动态适应性。"",""它们会自动将子组合调整为固定大小。"",""它们为静态布局提供了更好的支持。"",""它们将布局限制为每行固定数量的项目。""]",0,FlowRow和FlowColumn通过在空间不足时允许项移动到新行或新列来更好地处理动态内容。
30,2,如何控制FlowColumn中项之间沿垂直轴的间距？,"[""对齐"",""水平排列"",""垂直排列"",""垂直间距""]",2,verticalArrangement参数控制项目在FlowColumn中沿垂直轴的位置和间距。
30,3,如何确保FlowColumn项占用列宽的50%？,"[""应用重量 = 0.5f"",""设置maxItemsInEachColumn = 0.5"",""使用align (对齐。水平居中)"",""使用fillMaxWidth(0.5f)""]",3,使用fillMaxWidth(0.5f) 可确保该项占用FlowColumn中可用宽度的50%。
30,4,在哪种情况下，FlowRow composable优先于行？,"[""安排项目时没有任何溢出管理。"",""当项目需要与固定的网格结构对齐时。"",""当项目的大小不同，布局需要适应屏幕的变化。"",""当项目的数量和它们的大小是静态的。""]",2,FlowRow非常适合内容大小或数量不同且需要动态适应屏幕大小变化的场景。
30,5,align() 修饰符在FlowRow中使用时做什么？,"[""沿水平轴对齐项目"",""在每行内垂直对齐项目"",""更改FlowRow的颜色"",""控制项目流的顺序""]",1,FlowRow中的align() 修饰符调整行中各个项目的垂直对齐方式，这对于高度不同的内容很有用。
30,6,当应用于FlowColumn项时，fillMaxHeight() 修饰符会做什么？,"[""它使项目垂直居中。"",""它在所有项目之间平均分配空间。"",""它使项目占据列高度的50%。"",""它使项目占据整个列的高度。""]",3,fillMaxHeight() 修饰符允许项展开并占据FlowColumn的整个高度。
30,7,weight() 修饰符在流布局中有什么作用？,"[""它按固定顺序排列项目。"",""它控制项目的对齐方式。"",""它设置每行项目的最大限制。"",""它设置项相对于其兄弟项的高度或宽度。""]",3,weight() 修饰符控制项目相对于同一流布局中其他项目的大小，从而允许灵活的空间分布。
30,8,如果具有fillMaxWidth(0.7f) 的FlowRow项目没有足够的空间来容纳当前行，会发生什么情况？,"[""它流向下一行。"",""它占据了宽度的100%。"",""它缩小以适应空间。"",""它抛出一个错误。""]",0,如果使用fillMaxWidth() 的指定宽度的FlowRow项不能适应，它将流动到下一行以保持指定的宽度。
30,9,如果您没有在FlowRow中为maxItemsInEachRow设置限制，会发生什么情况？,"[""无论空间大小，所有项目都将显示在一行中。"",""它默认为每行最多10个项目。"",""它在编译过程中抛出一个错误。"",""空间用完时，项目会流到下一行。""]",3,默认情况下，FlowRow会在空间不足时自动将项目流动到下一行。
30,10,什么是行/列和FlowRow/FlowColumn组合之间的主要区别？,"[""FlowRow和FlowColumn在处理数量和大小变化的动态内容时更加灵活。"",""FlowRow和FlowColumn专门用于对齐文本内容。"",""与FlowRow和FlowColumn不同，行和列会自动调整到屏幕大小。"",""行和列可以处理动态内容，但FlowRow和FlowColumn不能。""]",0,FlowRow和FlowColumn旨在通过在空间耗尽时将项目流动到下一行或下一列来处理动态内容，从而使它们适合具有不同大小和数量的内容。
30,11,FlowColumn中horizontalarrolenment参数的作用是什么？,"[""将项目排列在不同的行中。"",""控制沿列高度的项目之间的间距。"",""限制列数。"",""沿列的水平轴设置项目之间的间距。""]",3,Horizontalarrolenment参数控制项目沿FlowColumn水平轴的间距。
30,12,FlowColumn的哪个属性控制单个列中可以显示的最大项目数？,"[""columnItems"",""maxItemsInEachColumn"",""verticalItemCount"",""重量""]",1,maxItemsInEachColumn属性限制在流到下一列之前可以在单个列中显示的最大项目数。
30,13,哪个排列选项在FlowRow中的项目之间均匀地分配空间，而在末端没有额外的空间？,"[""安排.分配"",""安排.空间"",""排列.间隔之间"",""排列间距""]",2,在项目之间均匀分配空间，而不会在第一个项目之前和最后一个项目之后添加额外的空间。
30,14,您将使用哪个排列属性将FlowColumn项定位在列的底部？,"[""对齐 (对齐。垂直居中)"",""水平排列 = 排列结束"",""maxItemsInEachColumn = 5"",""垂直排列 = 排列。底部""]",3,使用垂直排列 = 排列。底部将项目定位在FlowColumn的底部。
30,15,当项目具有不同的宽度时，哪个修饰符可用于对齐FlowColumn中的项目？,"[""对齐 (对齐。水平居中)"",""fillMaxHeight()"",""maxItemsInEachColumn"",""重量 ()""]",0,使用align(Alignment.Centerh水平) 有助于在FlowColumn中居中对齐具有不同宽度的项。
30,16,以下哪种对齐方式将项目在FlowRow中垂直居中？,"[""对齐.底部"",""对齐.居中"",""对齐.垂直居中"",""Alignment.VerticalAlign""]",2,对齐。centerflowrow中的项在各自行的中心垂直对齐。
30,17,以下哪一项最能描述FlowRow和FlowColumn的行为？,"[""当空间不足时，它们允许项目动态地流动到新的行或列上。"",""它们仅限于显示固定数量的项目。"",""它们以固定的网格结构排列项目。"",""它们不支持基于重量的尺寸调整。""]",0,当当前行或列没有足够的空间时，FlowRow和FlowColumn会自动将项移动到新行或列上。
30,18,FlowRow的哪个参数控制沿水平轴的项目之间的间距？,"[""contentAlignment"",""水平排列"",""水平间距"",""垂直排列""]",1,FlowRow中的horizontalarroangement参数控制沿水平轴的项目之间的间距。
30,19,您将使用哪个属性来限制FlowRow的单行中的项目数？,"[""itemWeight"",""itemsPerRow"",""maxItemsInEachRow"",""rowItemCount""]",2,maxItemsInEachRow属性允许您设置在流到下一行之前可以在每行中放置多少项的限制。
32,0,在自定义布局修改器中应该测量多少次子composable？,"[""根据需要多次的准确性。"",""它不需要被测量。"",""每个布局周期只有一次。"",""两次正确定位。""]",2,Compose强制执行单通道测量规则，以确保布局用户界面时的效率和速度。
32,1,在自定义布局修改器中，“constraints” 参数会影响什么？,"[""孩子的动画速度。"",""孩子的最小和最大尺寸。"",""孩子的位置。"",""子级composable的可见性。""]",1,约束定义了孩子可接受的尺寸范围，确保其符合父母的尺寸要求。
32,2,在自定义布局修饰符的上下文中，“默认位置” 是什么意思？,"[""父级中心的固定位置。"",""子级在应用任何布局修改器之前的原始位置。"",""由constraints参数定义的位置。"",""placeRelative() 方法设置的位置。""]",1,默认位置是指在布局修改器应用任何自定义定位逻辑之前，子组合将由其父对象放置的位置。
32,3,自定义修饰符中的 'layout()'函数做什么？,"[""调整可组合的颜色。"",""为子级composable设置动画。"",""更改可组合的可见性。"",""设置子级的最终大小和位置。""]",3,layout() 函数用于根据测量和约束定义子组合的大小和位置。
32,4,'roundToInt()'函数在计算自定义布局的位置的上下文中做了什么？,"[""它调整可组合的颜色渐变。"",""它使孩子的运动充满活力。"",""它将浮点值转换为整数。"",""它测量子composable的高度。""]",2,roundToInt() 将浮点数转换为整数值，这在定位具有精确坐标的可组合对象时很有用。
32,5,“单次通过测量” 规则确保什么？,"[""准确定位所有儿童。"",""自动调整父composable的大小。"",""改进了子composables的颜色渲染。"",""通过测量每个孩子只有一次最佳的渲染速度。""]",3,单通道测量规则可确保每个布局周期仅测量一次儿童，从而提高布局过程的效率。
32,6,placeRelative() 方法在自定义布局修饰符中做了什么？,"[""将填充应用于子composable。"",""相对于其父级定位子composable。"",""设置子级可组合的颜色。"",""设置子级可组合的大小。""]",1,placeRelative() 方法用于将子composable定位在父布局中的特定坐标处。
32,7,Compose中内置行、列和框可组合的主要限制是什么？,"[""他们无法处理Compose中的状态更改。"",""它们不能显示多个子元素。"",""他们不能处理动态屏幕大小的变化。"",""他们不允许自定义安排或定位特定的布局需求。""]",3,虽然行、列和框是通用的，但它们不能处理所有独特的定位或布局方案，尤其是那些需要自定义逻辑的方案。自定义布局修饰符解决了这一限制。
32,8,在自定义布局修改器中使用的 “constraints” 参数是什么？,"[""它定义了子元素的最大和最小大小。"",""它包含父composable的对齐设置。"",""它指定子元素的位置。"",""它存储子元素的颜色设置。""]",0,约束指定子级可组合在其父级中可以占用的大小范围，从而确定允许的高度和宽度。
32,9,在Jetpack Compose中创建自定义布局修改器的目的是什么？,"[""将动画添加到可组合的."",""动态更改可组合的颜色。"",""以使用标准修饰符无法实现的方式控制子级可组合的大小和位置。"",""创建具有内置样式的新可合成对象。""]",2,自定义布局修饰符允许开发人员实现无法使用现有修饰符 (如填充或对齐) 完成的专用定位和调整大小行为。
32,10,在自定义布局修改器中使用对齐线的目的是什么？,"[""调整子组合的背景颜色。"",""将渐变应用于子组合。"",""在子组合周围创建阴影。"",""根据特定的参考点 (如基线) 定位子对象。""]",3,对齐线 (如FirstBaseline和LastBaseline) 允许开发人员相对于自定义布局中的特定参考点定位子可组合体。
32,11,可测量参数在自定义布局修改器中的作用是什么？,"[""为孩子的大小设置动画。"",""来定义子composable的颜色。"",""以确定如何测量和布置孩子。"",""管理子级的状态更改。""]",2,可测量参数表示根据提供的约束测量的子元素，并确定其布局。
32,12,自定义布局修改器使用什么参数来表示它修改的子元素？,"[""约束条件"",""可测量"",""修饰符"",""可放置""]",1,在自定义布局修饰符中，可测量参数表示正在测量和定位的子组合。
32,13,您可以使用什么类型的函数来使用自定义布局逻辑在其父级中移动可组合元素？,"[""align()"",""placeRelative()"",""位置 ()"",""旋转 ()""]",1,placeRelative() 在自定义布局修饰符中用于将子composable定位在相对于其父级的特定坐标处。
32,14,您将与可放置对象一起使用什么值来获取可组合文本的基线对齐？,"[""对齐.居中"",""Alignment.End"",""对齐线。未指定"",""FirstBaseline""]",3,FirstBaseline用于访问文本组合的基线，这有助于根据其第一行将文本与其他元素对齐。
32,15,自定义布局修饰符何时返回 “alignmentline.Unspecified”？,"[""当对齐设置为 “居中” 时。"",""当子元素不支持基线对齐时。"",""当子元素对于父元素太大时。"",""当修饰符无法测量子元素时。""]",1,当子composable不支持基线对齐时，返回AlignmentLine.Unspecifiable，表示无法使用对齐线。
32,16,在自定义布局中测量可组合的功能是必不可少的？,"[""adjustConstraints()"",""calculateSize()"",""度量值 ()"",""placeRelative()""]",2,measure() 函数测量可在提供的约束内组合的子级以确定其大小。
32,17,在自定义布局修改器中使用哪种方法来获取子组件的度量？,"[""calculateSize()"",""布局 ()"",""度量值 ()"",""地点 ()""]",2,在可测量对象上调用measure() 方法，以获取可在约束内组合的子级的尺寸。
32,18,您将使用哪个修饰符来确保子composable填充其父级的整个空间？,"[""fill()"",""fillMaxSize()"",""maxSize()"",""大小 ()""]",1,fillMaxSize() 修饰符使可组合填充其父容器内的最大可用空间。
32,19,为什么要使用自定义布局修改器而不是内置修改器？,"[""访问更多对齐设置。"",""将动画添加到可组合的."",""实现内置选项无法实现的特定定位。"",""使应用程序运行得更快。""]",2,自定义布局修饰符允许开发人员创建独特的定位逻辑，这些逻辑无法通过标准的Compose修饰符获得。
33,0,自定义布局如何接受用于儿童定位的其他参数？,"[""通过直接在Layout() 函数中添加参数。"",""通过在包装布局的可组合函数中定义参数。"",""通过修改 “measurables” 对象。"",""通过在布局逻辑中使用硬编码值。""]",1,自定义布局可以通过在包装可组合函数中定义其他参数来接受这些参数，从而允许在定位子对象时使用这些值。
33,1,在自定义布局中，“measurables” 参数的目的是什么？,"[""它包含要测量的所有子元素。"",""它包含布局的约束。"",""它定义每个子元素的位置。"",""它存储父布局的尺寸。""]",0,measurables参数提供对自定义布局中的所有子元素的访问，从而允许在定位每个子元素之前对其进行测量。
33,2,layout() 函数在自定义布局中做什么？,"[""它调整每个子元素的颜色和样式。"",""它定义了布局过渡的动画。"",""它定位子元素并指定父元素的大小。"",""它将布局呈现到屏幕上。""]",2,layout() 函数用于定义每个子级的定位，并设置自定义布局组件的总体大小。
33,3,placeRelative() 函数在自定义布局中做什么？,"[""它将动画应用于子元素的位置。"",""它会更改子元素的布局方向。"",""它将子元素放置在相对于其父元素的特定x和y坐标处。"",""它设置元素的背景颜色。""]",2,placeRelative() 函数在layout() 函数中用于指定子级相对于其父级的位置。
33,4,如果自定义布局多次测量一个孩子会发生什么？,"[""由于违反了单遍测量规则，可能会发生错误。"",""孩子将调整以适应最大的测量。"",""孩子将被安置在多个地方。"",""布局将自动调整额外的测量。""]",0,在Compose中，每个布局通道只应测量每个子级一次。多次测量可能会导致性能问题和错误。
33,5,Jetpack Compose中的自定义布局的主要目的是什么？,"[""向UI元素添加动画。"",""定义复杂文本格式样式。"",""设计布局，完全控制子元素的大小和位置。"",""更有效地处理用户输入事件。""]",2,Compose中的自定义布局允许开发人员控制子元素的大小和位置。这样可以创建无法使用标准框、行和列组件实现的布局。
33,6,“Constraints” 参数在自定义布局中的作用是什么？,"[""它控制子元素之间的填充。"",""它确定布局的配色方案。"",""它为孩子们提供了最大和最小尺寸限制。"",""它指定布局的默认对齐方式。""]",2,自定义布局中的constraints参数包含有关可应用于子元素的最小和最大宽度和高度的信息。
33,7,如果在不指定大小的情况下调用自定义布局的layout() 函数会发生什么？,"[""将发生错误，导致应用程序崩溃。"",""布局将调整以适应其所有的孩子。"",""布局将不可见。"",""布局将使用100x100 dp的默认大小。""]",1,如果未明确定义自定义布局大小，则通常会调整其大小以适应其子元素的大小。
33,8,使用自定义布局时，map函数通常做什么？,"[""调整子项的可见性。"",""将背景色应用于每个子级。"",""循环访问子元素以测量它们。"",""修改每个子级的填充。""]",2,map函数通常用于遍历measurables对象中的子元素，根据约束来测量每个子元素。
33,9,哪个Compose函数用于创建自定义布局？,"[""BoxLayout"",""组合定制"",""布局"",""修改器.布局""]",2,Layout composable函数用于创建自定义布局。它允许开发人员根据自定义规则测量和定位多个子元素。
33,10,Compose中的哪些内置布局组件激发了自定义布局的创建？,"[""框、列和行"",""卡片、表面和脚手架"",""网格、堆栈和Flex"",""ListView、RecyclerView和GridView""]",0,撰写中的自定义布局使用与内置的框、列和行组件类似的技术，使开发人员能够创建独特的布局。
33,11,哪个关键字用于从可测量对象创建可放置对象的列表？,"[""过滤器"",""forEach"",""地图"",""变换""]",2,map函数用于迭代可测量对象，并通过测量每个子对象来创建一个可放置对象列表。
33,12,以下哪一项最好地描述了自定义布局上下文中的 “可放置”？,"[""在屏幕上绘制元素的可组合函数。"",""调整UI元素不透明度的函数。"",""可以包含其他布局的布局。"",""包含测量子对象的大小和位置信息的对象。""]",3,可放置表示测量的子元素，并包含将其放置在自定义布局中所需的大小和定位数据。
33,13,Layout composable中的哪个参数控制自定义布局的最小宽度和高度？,"[""对齐"",""约束条件"",""可测量项"",""修饰符""]",1,constraints参数定义自定义布局子元素的最小和最大宽度和高度限制。
34,0,如何设置可组合的大小以匹配其内容，而不受约束？,"[""Dimension.fillToConstraints"",""Dimension.preferredWrapContent"",""Dimension.value"",""Dimension.wrapContent""]",3,Dimension.Wrappcontent允许composables大小适应其内容，而不考虑任何周围的约束。
34,1,如何在ConstraintLayout中对齐可组合体以保持沿轴的一致间距？,"[""使用边距"",""使用障碍"",""使用约束偏差"",""使用指南""]",3,指南允许组合沿一致的轴对齐，这使得它们对于以均匀的间距排列元素很有用。
34,2,约束偏差在ConstraintLayout中如何工作？,"[""它调整可组合体相对于彼此的大小。"",""它允许沿相对约束的轴调整可组合的位置。"",""它确定可组合对象的分层顺序。"",""它使composables与最近的父边缘对齐。""]",1,Constraint Bias允许在两个相对的约束之间调整composables位置，并根据指定的百分比控制其对齐方式。
34,3,什么是ConstraintLayout中的相反约束？,"[""仅在旋转设备时应用的约束。"",""自动与父布局顶部对齐的约束。"",""导致composable向相反方向移动的约束。"",""同一轴上的两个约束应用于单个可组合。""]",3,相反的约束是指沿同一轴在可组合的两侧具有约束，这允许基于百分比的定位而不是固定距离。
34,4,在ConstraintLayout中，屏障与指南有何区别？,"[""障碍是固定的，而指南是动态的。"",""屏障根据其参考组件移动，而指南保持固定。"",""屏障仅适用于水平约束。"",""指南可以用作父容器，而屏障则不能。""]",1,屏障会根据其参考组件的尺寸移动位置，从而使它们能够动态适应，这与保持静态的准则不同。
34,5,将链样式设置为 “打包” 有什么作用？,"[""将权重应用于每个可组合的大小分布。"",""沿轴居中可合成对象。"",""沿可用空间均匀分布composables。"",""将composables打包在一起，它们之间没有空间。""]",3,包装链样式将链中的所有组合紧密地聚集在一起，它们之间没有间隙。
34,6,当composable沿轴应用了相反的约束时会发生什么？,"[""它变得无形。"",""它基于沿轴的百分比进行定位。"",""它的位置沿该轴固定。"",""它的大小会自动加倍。""]",1,当沿某个轴应用相对约束时，可合成位置将计算为沿该轴的可用空间的百分比。
34,7,什么是ConstraintLayout的上下文中的约束？,"[""用于对可组合对象进行动画处理的函数。"",""设置可组合的背景颜色的方法。"",""规定可组合的对齐和间距的规则。"",""一种替代布局设计准则的方法。""]",2,约束定义composable相对于其他元素、ConstraintLayout父项或特殊元素 (如指南和障碍) 的定位方式。
34,8,什么是ConstraintLayout链的默认行为？,"[""使链中的所有项目居中。"",""在所有项目之间平均分配空间。"",""重叠链中的所有项目。"",""将所有物品打包到一边。""]",1,ConstraintLayout链的默认样式是扩展链，它在可组合对象之间平均分配空间。
34,9,ConstraintLayout中指南的功能是什么？,"[""在可组合对象周围添加填充。"",""根据屏幕大小自动调整可组合对象的大小。"",""为可组合对象创建可滚动区域。"",""定义用于对齐可合成对象的静态参考线。""]",3,指南在ConstraintLayout中提供了一个固定位置，其他可组合体可以与该位置对齐，从而更容易创建一致的布局。
34,10,ConstraintLayout在Compose中的主要目的是什么？,"[""为特定屏幕尺寸创建固定布局。"",""设计适应不同屏幕尺寸和方向的用户界面。"",""完全替换行和列可组合。"",""以简化在Compose中创建动画的过程。""]",1,ConstraintLayout旨在提供定位和调整可组合体大小的灵活性，使其成为创建可调整各种屏幕大小和方向的布局的理想选择。
34,11,链在ConstraintLayout中的作用是什么？,"[""以圆形图案对齐可组合。"",""将composables连接到父项的最近边缘。"",""在不同的可组合对象之间创建动画。"",""将可组合对象分组并将其布局行为定义为一个单元。""]",3,链允许将多个可组合视为一个组，从而可以将其间距和对齐方式配置在一起。
34,12,约束偏差在定位组合中扮演什么角色？,"[""它根据可组合对象的约束调整其宽度。"",""它改变了可组合的可见性。"",""它确定当应用相反的约束时，可组合距离一侧有多远。"",""它缩放可组合以适应布局。""]",2,约束偏置沿相对约束的轴移动composables位置，从而允许对其对齐进行更精细的控制。
34,13,哪个维度设置允许composable占用由约束定义的空间？,"[""Dimension.fillToConstraints"",""Dimension.preferredWrapContent"",""Dimension.value"",""Dimension.wrapContent""]",0,Dimension.fillToConstraints允许composable扩展或收缩以填充由其约束定义的空间。
34,14,哪个组件控制ConstraintLayout链的行为？,"[""ConstraintLayout父级。"",""链头可组合。"",""链中的第一个可组合。"",""链中最后一个可组合的。""]",1,链头是水平或垂直链中第一个可组合的链头，它控制整个链行为的配置。
34,15,当多个可组合体需要沿一条不可见的线对齐时，应该使用哪个组件？,"[""护栏"",""链条"",""约束偏差"",""指南""]",3,准则在布局中创建一个不可见的线，可用于一致地对齐多个可组合体。
34,16,哪种约束类型可确保可组合边缘与其父边缘之间的固定距离？,"[""护栏"",""约束偏差"",""边距"",""对立的约束""]",2,边距设置可组合对象与父级或同级之间的特定距离，从而在它们之间提供固定的空间。
34,17,哪个维度设置允许将composable固定为特定大小，而不考虑约束？,"[""Dimension.fillToConstraints"",""Dimension.preferredValue"",""Dimension.value"",""Dimension.wrapContent""]",2,Dimension.value将composables大小设置为指定值，忽略其父级应用的任何约束。
34,18,哪个帮助器组件通过移动其位置来帮助避免可组合物的重叠？,"[""护栏"",""链条"",""约束偏差"",""指南""]",0,障碍根据其参考组件的尺寸调整其位置，使其有助于避免重叠。
34,19,以下哪一项不是ConstraintLayout中的链样式？,"[""弹性链"",""包装链条"",""传播链"",""加权链""]",0,ConstraintLayout中的有效链样式为 “扩展” 、 “内部扩展” 、 “加权” 和 “打包” 链。弹性链不是可识别的样式。
35,0,使用相反的约束时，如何调整composable的位置？,"[""通过添加更多相反的约束。"",""通过更改组件的填充。"",""通过设置可组合的高程。"",""通过使用约束偏差。""]",3,约束偏置允许在应用相反的约束时调整可组合的定位，从而可以沿轴移动组件。
35,1,Dimension.fillToConstraints如何影响可组合？,"[""它将composable与屏幕的中心对齐。"",""它允许composable填充由约束定义的可用空间。"",""它确保可组合始终是正方形。"",""它仅根据其内容设置可组合的大小。""]",1,Dimension.fillToConstraints使可组合填充其上设置的约束之间的空间，使其适应布局更改。
35,2,SpreadInside链样式如何排列组件？,"[""它将所有组件对齐到左侧。"",""它将组件均匀地分布在整个父级上。"",""它在第一个和最后一个项目之间均匀地间隔组件，留出边距。"",""它将组件紧密地包装在一起，没有间隙。""]",2,SpreadInside在链中的第一个和最后一个项目之间均匀地间隔组件，在末端留出边距。
35,3,createEndBarrier() 函数如何工作？,"[""它根据参照元件的结束边调整其位置。"",""它在布局的开始处创建一个屏障。"",""它固定布局中所有组件的结束位置。"",""它将多个障碍组合成一个单元。""]",0,createEndBarrier() 函数相对于引用组件的最远端定位屏障，并在这些组件更改大小时动态调整。
35,4,如何在Compose中定义ConstraintLayout？,"[""通过添加ConstraintLayout库并使用ConstraintLayout{} composable。"",""通过将arreange函数应用于可组合的列。"",""通过使用可与约束组合的Box()。"",""通过将子包装在LinearLayout函数中。""]",0,在Compose中，ConstraintLayout是通过使用ConstraintLayout composable并将必要的库添加到项目依赖项来定义的。
35,5,Creategiedelinefromstart () 函数做什么？,"[""为所有可组合对象创建固定的距离边距。"",""从布局的顶部创建水平参考线。"",""从布局的起点 (左侧) 创建垂直参考线。"",""在布局上生成一条对角线参考线。""]",2,Creategiedelinefromstart () 函数在距父级的开始 (左) 边缘指定的百分比或距离处生成垂直参考线。
35,6,当相反的约束沿着同一轴应用于可组合时会发生什么？,"[""可组合与最左侧对齐。"",""可组合被约束到最近的边缘。"",""composable位于沿该轴的中心。"",""可组合从布局中删除。""]",2,沿着相同的轴 (例如，开始和结束) 应用相反的约束使得composable沿着该轴居中。
35,7,在ConstraintLayout中使用constraintset的主要优势是什么？,"[""它们允许解耦约束，使其可重用并适应不同的场景。"",""它们会自动将动画应用于约束。"",""它们使布局组件可滚动。"",""它们简化了对单个可组合体的约束应用。""]",0,ConstraintSets可以单独定义约束并重用它们，从而使布局管理更加灵活，并且可以适应屏幕方向等更改。
35,8,什么是链的默认行为在ConstraintLayout？,"[""居中"",""已包装"",""传播"",""SpreadInside""]",2,链的默认行为是分散的，这意味着链中的元素均匀分布在可用空间中。
35,9,对约束设置0.0f的偏差有什么影响？,"[""元件将完全与起始侧对齐。"",""组件将与端侧对齐。"",""组件将在约束之间居中。"",""组件将在布局中随机放置。""]",0,0.0f的偏差意味着可组合将有利于开始约束，将其完全定位在该侧。
35,10,ConstraintLayout在Compose中的主要目的是什么？,"[""以允许可组合物的基本堆叠。"",""创建灵活且响应迅速的用户界面布局。"",""以确保可组合对象始终与屏幕边缘对齐。"",""以简化可组合对象之间的动画创建。""]",1,ConstraintLayout旨在管理复杂的布局设计，以适应不同的屏幕尺寸和方向，在UI组件的定位和大小方面提供灵活性。
35,11,ConstraintLayout中指南的目的是什么？,"[""向布局添加滚动功能。"",""为所有子对象创建固定的背景颜色。"",""将组件组合在一起以制作动画。"",""提供用于对齐元件的参考线。""]",3,指引用于在ConstraintLayout内创建参考线，这有助于一致地对齐零部件。
35,12,ConstraintLayout中的constrainAs() 函数的目的是什么？,"[""为composable的位置设置动画。"",""将引用分配给可组合并定义其约束。"",""来定义可组合的填充。"",""在可滚动视图中包装可组合。""]",1,constrainAs() 函数用于将引用应用于可组合，并定义应如何将其约束在ConstraintLayout中。
35,13,边距在ConstraintLayout约束中的作用是什么？,"[""动画的大小变化的组合。"",""创建可组合及其约束连接之间的固定距离。"",""使composable能够与其他组件重叠。"",""将可组合的位置固定在屏幕的中心。""]",1,边距指定可组合元素和它被约束到的元素之间的固定距离，以确保一致的间距。
35,14,什么时候应该在ConstraintLayout中使用屏障？,"[""在组件后面创建背景。"",""根据其他组件的大小动态调整约束。"",""设置所有元件的绝对边距。"",""当需要将所有组件包装到一个组中时。""]",1,屏障会根据参考组件的尺寸调整其位置，从而通过相应移动来帮助防止重叠。
35,15,哪个函数在ConstraintLayout中创建水平屏障？,"[""createBottomBarrier()"",""createHorizontalBarrier()"",""createTopBarrier()"",""createVerticalBarrier()""]",2,createTopBarrier() 函数创建一个水平屏障，该屏障根据参考组件的顶部边缘调整其位置。
35,16,哪个函数用于使composable相对于其父级水平居中？,"[""水平对齐 ()"",""中心环绕 ()"",""centerHorizontallyTo()"",""centerTo()""]",2,centerHorizontallyTo() 函数用于将composable与另一个组件或其父组件的水平中心对齐。
35,17,哪个函数用于为ConstraintLayout一次创建多个引用？,"[""createMultiple()"",""createRef()"",""createRefFor()"",""createRefs()""]",3,createRefs() 函数允许同时创建多个引用，从而更容易管理多个可组合体的约束。
35,18,您将使用哪个函数来定义组件之间的水平链？,"[""约束链 ()"",""createChain()"",""createHorizontalChain()"",""linkChain()""]",2,createHorizontalChain() 函数用于定义组件的水平链，从而更容易控制它们的排列。
35,19,关于createRefFor() 函数，哪句话是正确的？,"[""它只能在行和列布局中使用。"",""它为ConstraintSet中的composable创建引用。"",""它一次为所有子组合生成引用。"",""它将composable直接链接到父ConstraintLayout。""]",1,createRefFor() 函数用于在使用constraintset时生成特定可组合对象的引用，从而允许应用约束。
36,0,IntrinsicSize.Min如何影响可组合行？,"[""它强制行占用整个可用空间。"",""它将行的宽度限制为固定值。"",""它设置行的高度以匹配最短子级的高度。"",""它将行的高度设置为与最高子级的高度相匹配。""]",3,当IntrinsicSize.Min应用于行高度时，它确保将行的大小调整为适合其最高子级所需的最小高度。
36,1,使用IntrinsicSize.Min时，可组合文本的宽度如何变化？,"[""当没有高度限制时，它会调整到最长单词的长度。"",""它固定为整个屏幕的宽度。"",""它匹配父布局的确切宽度。"",""它延伸到所有内容的最大宽度。""]",0,IntrinsicSize.Min允许文本组合调整到所需的最小宽度，如果不存在高度约束，则可以由其最长单词的长度确定。
36,2,IntrinsicSize.Max值提供什么？,"[""匹配父composable的尺寸所需的确切大小。"",""最宽的子可组合所需的最大宽度。"",""最高子级可组合的最小高度。"",""最窄子级可组合的最小宽度。""]",1,IntrinsicSize.Max允许父级根据其子级所需的最大宽度或高度调整自身的大小。
36,3,下面的代码做什么: Column(Modifier.width(IntrinsicSize.Min))？,"[""修复列的宽度，而不考虑其子项。"",""强制将列扩展到最大可用空间。"",""将列的宽度设置为适合所有子对象所需的最小宽度。"",""将列的宽度设置为其最窄子项的宽度。""]",2,IntrinsicSize.Min确保列宽度基于适合其子级所需的最小宽度。
36,4,当列的宽度设置为IntrinsicSize.Max时会发生什么？,"[""该列忽略其子级的宽度，并使用父级的宽度。"",""列的宽度变得固定，并且不响应子大小。"",""列的宽度与其最宽子项的宽度匹配。"",""列的宽度与其最窄子项的宽度匹配。""]",2,将IntrinsicSize.Max与列宽一起使用可确保根据列的最宽子项所需的宽度调整列的大小。
36,5,在Compose中使用IntrinsicSize的目的是什么？,"[""允许在重组期间多次测量composable。"",""在测量之前获取有关composable子对象的大小信息。"",""为布局中的所有可组合设置固定尺寸。"",""通过避免固有测量来加快渲染过程。""]",1,IntrinsicSize允许父级访问有关其子级的大小信息，例如所需的最大或最小大小，而不会破坏Compose的measure once规则。
36,6,在行的高度修饰符中使用IntrinsicSize.Max的结果是什么？,"[""行忽略其子行的高度。"",""行的高度将成为其子行的平均高度。"",""行的高度与其最短的子级匹配。"",""行的高度与其最高的子级匹配。""]",3,IntrinsicSize.Max使行调整其高度以匹配最高的子项，确保没有子项被垂直剪切。
36,7,您将使用哪个IntrinsicSize设置来确保列的宽度与其最宽的子级匹配？,"[""IntrinsicSize.Adaptive"",""IntrinsicSize.Fixed"",""IntrinsicSize.Max"",""IntrinsicSize.Min""]",2,当父级需要调整其大小以容纳其子级的最大宽度时，使用IntrinsicSize.Max。
36,8,以下哪项描述了IntrinsicSize可能有用的情况？,"[""子composable在任何时候都需要固定的大小。"",""父布局应忽略其子布局的大小。"",""父布局需要占用所有可用空间。"",""父布局的大小必须与动态子布局的大小匹配。""]",3,当父布局需要调整其大小以匹配其子布局的动态大小要求时，IntrinsicSize很有用。
36,9,为什么Compose在重组期间将composables限制为单个度量？,"[""确保准确测量组件。"",""以保持所有可组合对象的固定大小。"",""在布局渲染期间最小化内存使用。"",""通过避免多次测量来加快渲染速度。""]",3,通过将每个composable限制为单个度量，Compose优化了渲染过程，使其更快，更高效。
36,10,为什么IntrinsicSize在处理动态大小变化时很有用？,"[""它允许布局适应孩子不断变化的大小需求。"",""它迫使所有的孩子有相同的大小。"",""它只适用于固定大小的组件。"",""它可以防止composables调整大小。""]",0,IntrinsicSize使父布局可以根据其子布局的大小变化动态调整其大小，使其成为动态布局的理想选择。
37,0,coroutineScope builder与supervvisorscope有何不同？,"[""如果一个失败，coroutineScope将取消所有子coroutines，而supervvisorscope则不会。"",""coroutineScope不支持挂起功能。"",""coroutineScope用于遗留代码集成。"",""Supervvisorscope仅用于测试。""]",0,在coroutineScope中，如果任何子coroutine失败，所有其他coroutine都将被取消。在supervvisorscope中，一个孩子的失败不会影响其他孩子。
37,1,如果coroutine在coroutineScope中发生故障，但在supervvisorscope中未发生故障，会发生什么情况？,"[""coroutineScope和supervvisorscope都将允许父coroutine继续运行。"",""在这两种情况下，所有其他子协程都被取消。"",""在coroutineScope中，所有其他子coroutines被取消，但在supervvisorscope中，其他coroutines继续运行。"",""在supervvisorscope中，所有其他子coroutines都被取消，但在coroutineScope中，它们继续运行。""]",2,在coroutineScope中，一个coroutine中的故障会导致范围中所有其他coroutine的取消。相比之下，supervvisorscope允许其他子协则继续运行，即使其中一个失败，这使得它在某些协则预期失败时很有用。
37,2,如果在LaunchedEffect中启动的协则更改其关键参数之一，会发生什么？,"[""协纲将暂停，直到关键参数再次更改。"",""coroutine将永久停止。"",""现有的coroutine继续使用更新的参数。"",""现有的coroutine将被取消，并启动一个新的coroutine。""]",3,在LaunchedEffect中，如果某个关键参数发生更改，则会取消现有的协纲，并使用更新后的密钥启动一个新的协纲，以确保协纲行为与新状态匹配。
37,3,当coroutine到达暂停点时会发生什么？,"[""它阻止主线程。"",""它立即恢复队列中的下一个协联。"",""它被暂停，直到条件被满足。"",""它释放它正在运行的线程，并在以后恢复。""]",3,在挂起点，协程被挂起并释放线程，允许其他协程运行，直到它可以恢复。
37,4,Kotlin coroutines中的工作是什么？,"[""后台线程管理器。"",""用于运行协联的调度程序。"",""阻止主线程的函数。"",""一种取消和管理协程的方法。""]",3,作业表示可取消的协联，并允许跟踪其生命周期，包括取消它或检查其状态。
37,5,在Android应用程序中使用GlobalScope的潜在后果是什么？,"[""即使相关活动或片段被销毁，GlobalScope中的协则可能会继续运行。"",""GlobalScope中的协程将始终在主线程上运行。"",""GlobalScope根据生命周期事件自动管理协则取消。"",""GlobalScope是运行协程的内存效率最高的方式。""]",0,使用GlobalScope是有风险的，因为绑定到它的协程不会随着生命周期的变化而自动取消，这可能导致协程的运行时间超过需要的时间，并导致内存泄漏。
37,6,Kotlin中的结构化并发是什么？,"[""一种并行执行协则的机制。"",""一种阻塞协则执行的方法"",""一种将协联组织成结构化层次结构的模型。"",""一种更有效地安排线程的方法。""]",2,结构化并发可确保将协联组织成父子层次结构，从而更轻松地管理其生命周期并防止泄漏。
37,7,delay() 函数在coroutine中的行为是什么？,"[""它阻塞线程，直到延迟结束。"",""它在延迟后重新启动协联。"",""它挂起协程，允许线程被其他协程使用。"",""它在延迟之后终止协联。""]",2,delay() 函数将协程挂起指定的时间，而不会阻塞线程，从而使线程在延迟期间可用于其他协程。
37,8,Jetpack Compose中rememberCoroutineScope() 的功能是什么？,"[""它为整个应用程序创建一个新的coroutine范围。"",""它管理主线程的生命周期。"",""它暂停当前范围内的所有活动协联。"",""它提供了与组合生命周期相关的协联范围。""]",3,rememberCoroutineScope() 创建一个与合成生命周期相关的协程范围，使其成为在可组合对象中启动协程的合适方法。
37,9,Jetpack Compose中的LaunchedEffect和SideEffect之间的主要区别是什么？,"[""LaunchedEffect在合成之后执行，而SideEffect在合成期间执行。"",""LaunchedEffect在合成过程中执行，而SideEffect在合成后执行。"",""LaunchedEffect仅用于UI更新，而SideEffect用于网络调用。"",""LaunchedEffect根据密钥更改重新启动，而SideEffect则在每次重组时执行。""]",3,LaunchedEffect知道生命周期，并在任何关键参数更改时重新启动，而SideEffect在每次重新组合父可组合后执行。
37,10,在Android应用程序的主线程的主要目的是什么？,"[""处理网络请求。"",""处理用户界面交互和事件处理。"",""管理数据库操作。"",""执行后台数据处理。""]",1,Android应用程序中的主线程管理用户界面，处理事件和与UI组件的交互。在主线程上运行耗时的任务可能会导致UI冻结。
37,11,在Jetpack Compose中可以组合的LaunchedEffect的目的是什么？,"[""自动更新状态变量。"",""延迟UI渲染。"",""启动一个知道可组合的生命周期的协则。"",""直接修改UI组件。""]",2,LaunchedEffect允许启动一个知道可组合的生命周期的协则，确保当可组合离开组合时取消协则。
37,12,async协商会构建器的目的是什么？,"[""阻止主线程，直到协程完成。"",""启动协联并允许调用者等待结果。"",""在不返回结果的情况下启动协程。"",""管理子协联的取消。""]",1,异步生成器启动一个可以返回结果的协程，调用者可以使用await() 函数等待。
37,13,coroutines中的cancelAndJoin() 方法的目的是什么？,"[""取消协联并继续而不等待。"",""取消协联并等待其完成。"",""重新启动已取消的协联。"",""等待所有子协联的完成而不取消它们。""]",1,cancelAndJoin() 方法取消协则，然后挂起，直到取消完成，以确保正确完成清理。
37,14,CoroutineScope在Kotlin中的作用是什么？,"[""来定义可以启动协则的位置。"",""管理协程的线程创建。"",""在协程中安排网络请求。"",""指定协联的优先级。""]",0,CoroutineScope用于通过将协同程序分组在一起来管理协同程序，从而更容易取消和控制其生命周期，确保协同程序在不再需要时不会继续运行。
37,15,Jetpack Compose中的rememberCoroutineScope() 函数的作用是什么？,"[""它允许暂停协联而不启动它。"",""它会立即取消所有活动的协联。"",""它创建一个新的协联范围，该范围自动绑定到可组合的生命周期。"",""它确保协程仅在主线程上运行。""]",2,rememberCoroutineScope() 创建一个与可组合的生命周期相关联的协联作用域，确保当可组合离开组合时，任何启动的协联都会自动取消。
37,16,什么关键字用于定义可以在Kotlin中暂停和稍后恢复的函数？,"[""异步"",""等待"",""发射"",""挂起""]",3,suspend关键字用于声明可以挂起和恢复的函数，允许它们执行长时间运行的任务，而不会阻塞主线程。
37,17,什么时候应该使用runBlocking协程生成器？,"[""用于集成需要阻塞行为的遗留代码。"",""用于在生产应用程序中启动协程。"",""用于异步管理网络请求。"",""用于在Jetpack Compose中执行UI更新。""]",0,runBlocking通常用于测试或与需要阻止行为的遗留代码集成。在大多数其他情况下应该避免。
37,18,当需要并行启动多个coroutine并将结果返回给调用者时，哪个coroutine builder最合适？,"[""异步"",""发射"",""supervisorScope"",""与上下文""]",0,async builder允许并行启动多个协程，并支持使用await() 函数返回结果，使其成为具有结果的并发任务的理想选择。
37,19,哪个协行式构建器适合切换协行式的上下文？,"[""异步"",""发射"",""supervisorScope"",""与上下文""]",3,withContext允许协程切换到不同的上下文，例如从后台线程切换到主线程。
37,20,应该使用哪个协则构建器进行 “fire and forgets” 操作？,"[""异步"",""发射"",""runBlocking"",""与上下文""]",1,launch builder用于触发和忘记不需要结果的协联，允许异步执行而不会阻塞。
37,21,哪个coroutine dispatcher适合执行磁盘或网络操作？,"[""Dispatchers.Default"",""调度员.IO"",""Dispatchers.Main"",""调度员。无限制""]",1,Dispatchers.IO设计用于I/O操作，例如从磁盘读取或发出网络请求，允许这些任务在后台线程上运行。
37,22,对于网络请求或文件读取等任务，应使用哪个协则调度程序？,"[""Dispatchers.Default"",""调度员.IO"",""Dispatchers.Main"",""调度员。无限制""]",1,Dispatchers.IO针对网络请求和文件操作等输入输出任务进行了优化，允许这些任务在后台线程上执行，而不会阻塞主线程。
37,23,当ViewModel实例被销毁时，哪个协例程范围会自动取消？,"[""CoroutineScope"",""GlobalScope"",""LifecycleScope"",""ViewModelScope""]",3,ViewModelScope旨在与ViewModel实例一起使用，以确保在ViewModel被销毁时取消在其中启动的任何协例程。
37,24,哪个调度程序通常用于执行轻量级任务和更新UI？,"[""Dispatchers.Default"",""调度员.IO"",""Dispatchers.Main"",""调度员。无限制""]",2,Dispatchers.Main用于UI更新和轻量级任务，因为它在主线程上运行，确保用户界面保持响应。
37,25,哪种方法用于取消协程范围内所有正在运行的协程？,"[""等待 ()"",""取消 ()"",""join()"",""停止 ()""]",1,CoroutineScope的cancel() 方法用于取消在该范围内运行的所有协联。
37,26,为什么协程被认为比传统的多线程更有效？,"[""因为它们一次只允许运行一个协程。"",""因为它们不使用CPU资源。"",""因为它们完全消除了对线程的需求。"",""因为它们可以更有效地管理和调度线程。""]",3,协程使用线程池来有效地管理和调度任务，避免了重复创建和销毁线程的开销，这使得它们比传统的多线程更节省资源。
37,27,为什么GlobalScope不建议在Android应用程序中使用？,"[""因为它不支持协则取消。"",""因为它不支持挂起功能。"",""因为它使用起来太复杂了。"",""因为它将协则与整个应用程序生命周期联系起来，导致潜在的内存泄漏。""]",3,GlobalScope与整个应用程序生命周期相关联，这使得协行程序即使不再需要也可以继续运行，从而导致内存泄漏。
37,28,为什么在Kotlin中使用结构化并发很重要？,"[""创建一个复杂的线程管理系统。"",""以确保所有协程在主线程上运行。"",""以提高UI代码的可读性。"",""以防止协联泄漏和运行时间超过要求。""]",3,Kotlin中的结构化并发可确保在不再需要协程序时正确取消它们，从而降低内存泄漏和意外后台执行的风险。
37,29,为什么通常不建议在Android应用程序中使用runBlocking？,"[""它在完成时自动取消所有协联。"",""它阻止当前线程，直到协程完成，可能导致UI冻结。"",""它与挂起功能不兼容。"",""它在主线程上启动协程。""]",1,runBlocking主要用于测试或集成遗留代码，因为它会阻塞当前线程，直到协程完成。这可能会导致UI冻结，并且通常不适合Android应用程序，其目的是保持UI响应。
38,0,如何为行启用水平滚动可组合？,"[""通过对行应用verticalScroll()。"",""通过使用可组合的嵌套列。"",""通过使用animateScrollToItem() 方法。"",""通过使用horizontalScroll() 修饰符。""]",3,horizontalScroll() 修饰符启用连续水平滚动，允许用户水平滚动项目。
38,1,ScrollState的maxValue属性表示什么？,"[""当前滚动位置。"",""列表的高度。"",""可以滚动到的最大像素位置。"",""列表中的项数。""]",2,ScrollState的maxValue属性指示以像素为单位的最大滚动位置，这有助于确定可滚动区域的结尾。
38,2,在Jetpack Compose中可组合的列的目的是什么？,"[""创建项目的水平列表。"",""创建项目的垂直列表。"",""定义滚动行为。"",""在列表中启用动画。""]",1,列composable用于垂直排列项目，使其适用于创建元素的垂直列表。
38,3,在列列表的上下文中animateScrollTo() 函数的目的是什么？,"[""向列表中添加新项目。"",""更改列表项的颜色。"",""立即滚动到列表中的特定位置。"",""以平滑动画滚动到特定位置。""]",3,animateScrollTo() 函数允许平滑滚动到列表中的指定像素位置，从而提供更好的用户体验。
38,4,在列列表中的文本组件上使用padding() 修饰符的目的是什么？,"[""更改文本颜色。"",""在每个列表项周围创建间距。"",""在列表中启用滚动。"",""设置文本的字体大小。""]",1,padding() 修饰符用于在每个文本组件周围添加空间，通过防止项目过于靠近来提高可读性。
38,5,在带有按钮的行中使用Modifier.weight() 的结果是什么？,"[""它调整每个按钮的填充。"",""它将按钮对齐到行的右侧。"",""它使每个按钮在行中占据相同的空间。"",""它设置按钮的高度。""]",2,使用Modifier.weight() 可确保每个按钮在行内均匀地共享可用空间。
38,6,ColumnList composable中repeat() 函数的作用是什么？,"[""将主题应用于列表。"",""在列中生成多个项目。"",""重复整个可组合多次。"",""自动滚动列表。""]",1,repeat() 函数用于通过重复给定的可组合内容来在列表中生成指定数量的项目。
38,7,哪种方法用于在可组合的列中启用垂直滚动？,"[""animateScrollTo()"",""horizontalScroll()"",""scrollToItem()"",""垂直滚动 ()""]",3,verticalScroll() 修饰符应用于可组合的列以启用垂直滚动，从而允许用户滚动列表。
38,8,为什么在撰写中滚动的上下文中使用coroutine作用域？,"[""启动异步滚动任务。"",""管理列表项。"",""记住UI状态。"",""设置列表的尺寸。""]",0,需要协程范围来启动异步任务，如编程滚动，而不会阻塞主线程。
38,9,为什么在Compose中使用rememberScrollState() 函数？,"[""添加一个新的可组合。"",""为列表的外观设置动画。"",""跟踪列或行中的滚动位置。"",""要记住可组合的大小。""]",2,rememberScrollState() 函数创建一个ScrollState，帮助记住当前的滚动位置，允许平滑的滚动行为。
38,10,为什么要使用基于行的列表而不是基于列的列表？,"[""以垂直格式显示项目。"",""为大型数据集启用快速滚动。"",""优化垂直空间的使用。"",""当内容更适合水平布局时水平呈现项目。""]",3,基于行的列表用于水平排列项目，使其适用于需要并排显示内容的情况。
40,0,在Compose中使用LazyColumn和LazyRow而不是标准列和行的主要优点是什么？,"[""它们允许更复杂的布局。"",""它们在显示大型列表时更有效。"",""他们提供更好的造型选择。"",""默认情况下，它们支持粘性标头。""]",1,LazyColumn和LazyRow专门设计用于通过仅创建屏幕上可见的项目来有效地处理大型列表，从而节省内存并提高性能。
40,1,撰写中 “lazylistscope” 的目的是什么？,"[""定义列表项的自定义动画。"",""管理LazyColumn和LazyRow中的列表项和标题。"",""为懒惰列表提供滚动状态。"",""来存储LazyColumn布局的状态。""]",1,LazyListScope在Compose中用于添加项目和管理LazyColumn和LazyRow等惰性列表的结构。
40,2,在LazyColumn的上下文中 'items()'函数的目的是什么？,"[""向LazyColumn添加滚动状态。"",""向列表中添加单个标题。"",""定义列表项之间的填充和间距。"",""循环访问集合并为每个元素创建一个列表项。""]",3,items() 函数在LazyColumn中用于循环遍历集合 (如数组)，并为每个项目创建可组合。
40,3,本项目中线圈库的用途是什么？,"[""创建自定义可组合。"",""有效地下载和显示图像。"",""管理XML资源。"",""管理应用程序导航。""]",1,线圈库用于处理图像下载和渲染，提供了一种从URL显示图像的有效方法。
40,4,本教程中使用了什么方法来动画滚动到LazyColumn的底部？,"[""animateScrollTo()"",""animateScrollToItem()"",""scrollToEnd()"",""scrollToPosition()""]",0,animateScrollTo() 方法用于使用给定的像素值平滑地滚动到列表中的特定位置。
40,5,LazyColumn的 'items()'函数需要什么参数？,"[""布局修饰符"",""可组合项的列表"",""数据项的列表或数组"",""滚动状态""]",2,LazyColumn的items() 函数需要一个数据项列表或数组来迭代，为每个项目创建一个可组合的。
40,6,哪个函数用于在Android中检索XML字符串数组？,"[""getResources()"",""getStringArray()"",""loadStringResource()"",""readXMLArray()""]",1,Android resources实例的getStringArray() 方法用于检索XML资源文件中定义的字符串数组。
40,7,关于 “lazycolumn” 可组合，以下哪一项是正确的？,"[""它不能在其项目中显示图像。"",""它只呈现在屏幕上可见的项目。"",""它一次呈现所有列表项以获得更好的性能。"",""它默认支持垂直滚动，但不支持水平滚动。""]",1,LazyColumn仅呈现当前可见的项，使其适合显示大型列表而不会出现性能问题。
40,8,为什么在LazyColumn项目的上下文中使用rememberCoroutineScope()？,"[""缓存列表项的图像。"",""为动画启动基于coroutine的操作。"",""记住滚动状态的位置。"",""来存储列表项的状态。""]",1,rememberCoroutineScope() 函数用于启动需要在主线程之外执行的协程操作，如动画。
41,0,布局如何在窄屏幕上表现，如纵向手机？,"[""将窗格显示为按顺序导航的单独屏幕"",""显示垂直堆叠的所有三个窗格"",""仅显示列表窗格"",""使用水平滚动布局""]",0,在窄屏幕上，它一次显示一个窗格，在它们之间导航。
41,1,脚手架导航器通常是如何创建的？,"[""通过新的NavigationHandler()"",""使用rememberPaneNavigator()"",""通过rememberListDetailPaneScaffoldNavigator()"",""使用createScaffoldManager()""]",2,此函数创建并记住具有适当状态保留的navigator实例。
41,2,Popuntilscaoldvaluechange做什么？,"[""返回到应用程序的主屏幕"",""浏览所有内容更改"",""弹出每个屏幕，直到列表出现"",""返回到上次布局更改""]",3,它向后导航，直到到达窗格排列改变的点。
41,3,当额外窗格以多窗格模式显示时，列表窗格会发生什么情况？,"[""它被隐藏"",""它移动到一个浮动覆盖"",""它仍然可见，但变暗"",""它缩小到一个小预览""]",0,支架在多窗格模式下一次仅显示两个窗格。
41,4,折叠时，可折叠装置模式下的脚手架布局会发生什么变化？,"[""它转换为单窗格导航"",""它被清除"",""它维护所有条目"",""它会暂停，直到展开""]",0,折叠设备使其表现得像纵向手机。
41,5,什么负责管理窗格之间的导航？,"[""LayoutManager类"",""The NavigationComponent"",""PaneController接口"",""The ThreePaneScaffoldNavigator""]",3,此接口处理配置更改之间的导航状态和恢复。
41,6,可组合的NavigableListDetailPaneScaffold的主要目的是什么？,"[""创建固定的两列布局"",""处理数据库操作"",""实现适应屏幕大小的响应式列表详细信息界面"",""替换传统的RecyclerView实现""]",2,此组合可根据可用屏幕空间在单窗格和多窗格布局之间自动调整。
41,7,在AnimatedPane中包装窗格的目的是什么？,"[""添加滑动手势"",""启用过渡动画"",""实现视差效果"",""提高渲染性能""]",1,AnimatedPane在窗格状态之间导航时提供平滑的过渡。
41,8,最简单的向后导航行为是什么？,"[""PopAll"",""最重要"",""PopUntilRoot"",""PopUntilVisible""]",1,它只是删除当前目标，而不考虑内容或布局的变化。
41,9,在调用navigateTo() 之前必须做什么，因为它是一个挂起函数？,"[""用 @ uitread注释"",""将调用函数标记为async"",""在coroutine范围内运行它"",""将其包装在try-catch块中""]",2,挂起函数需要coroutine上下文，通常使用rememberCoroutineScope()。
41,10,要实现列表详细信息导航，需要进行哪些构建配置更改？,"[""添加自适应导航库"",""启用实验性撰写功能"",""包括navigation-fragment依赖项"",""升级到最新的材料设计版本""]",0,e androidx.com pose.material3.adaptive: 需要自适应导航依赖项。
41,11,使用哪种方法在窗格之间导航？,"[""displayContent()"",""navigateTo()"",""showPane()"",""switchToPane()""]",1,navigateTo() 方法接受目标角色和内容密钥。
41,12,哪个属性控制向后导航行为？,"[""backStackMode"",""defaultBackBehavior"",""navigationStrategy"",""paneTransitionStyle""]",1,此属性接受baknavigationbehavior枚举值。
41,13,哪个属性保存当前显示的内容？,"[""activeContent"",""当前目的地"",""currentPane"",""visibleItem""]",1,navigators currentDestination提供对当前显示的窗格内容的访问。
41,14,哪种测试方法最能证明自适应行为？,"[""多设备测试"",""可调整大小的仿真器"",""屏幕录制分析"",""单元测试""]",1,可调整大小的仿真器可以动态显示各种形式因素的布局变化。
42,0,在本教程中处理滚动操作时如何使用coroutineScope？,"[""阻止主线程。"",""延迟UI更新。"",""异步启动滚动操作。"",""停止滚动动画。""]",2,coroutineScope用于启动异步操作，例如将LazyColumn滚动到特定位置而不阻塞主UI线程。
42,1,PaddingValues参数在LazyColumn中做什么？,"[""向列表的内容添加填充。"",""调整列表项之间的间距。"",""将列表项与中心对齐。"",""设置整个列表的边距。""]",0,PaddingValues参数用于向LazyColumn的内容添加填充，从而在列表内容周围提供空间，例如滚动到顶部按钮的底部填充。
42,2,scrollToItem函数做什么？,"[""对滚动到列表顶部进行动画处理。"",""立即滚动到指定的项目索引。"",""立即滚动到指定的像素位置。"",""水平滚动列表。""]",1,scrollToItem函数用于根据LazyColumn或LazyRow的索引立即滚动到其特定项。
42,3,stickyHeader函数在LazyColumn中做什么？,"[""向列表项添加阴影效果。"",""显示在其组滚动时保持可见的页眉。"",""优化滚动的性能。"",""防止项目被回收。""]",1,stickyHeader函数创建的标题在用户滚动该组中的项目时保持固定在屏幕顶部，从而改善了用户界面。
42,4,使用AnimatedVisibility composable时会发生什么？,"[""它对组件的显示和隐藏进行动画处理。"",""它会更改组件的背景颜色。"",""它永久隐藏组件。"",""它会自动滚动列表。""]",0,AnimatedVisibility用于平滑动画其子组件的外观和消失，从而在显示或隐藏元素 (如滚动到顶部按钮) 时提供更好的用户体验。
42,5,粘性头中的fillMaxWidth() 修饰符的功能是什么？,"[""调整页眉内的文本对齐方式。"",""使标题占据屏幕的整个宽度。"",""使标题水平滚动。"",""限制标头的宽度。""]",1,fillMaxWidth() 修饰符确保粘性标题跨越屏幕的整个宽度，使其与列表项正确对齐。
42,6,在LazyColumn中使用groupBy() 函数的主要目的是什么？,"[""将列表分成更小的数组。"",""筛选出某些列表项。"",""通过粘性标题的公共选择器对项目进行分组。"",""按字母顺序对项目进行排序。""]",2,groupBy() 函数用于根据通用选择器 (如制造商名称) 将列表项组织成组，从而允许为LazyColumn中的每个组添加粘性标题。
42,7,在这种情况下，derivedStateOf函数的目的是什么？,"[""根据一种状态的变化计算另一种状态。"",""创建新的列表状态。"",""管理项目点击次数。"",""优化图像的渲染。""]",0,derivedStateOf函数用于根据另一状态的变化导出新状态，例如确定滚动位置何时超过某个阈值。
42,8,什么修饰符用于向LazyColumn添加底部填充？,"[""内容填充"",""填充 ()"",""paddingBottom()"",""垂直填充""]",0,contentPadding参数与LazyColumn一起使用，以在内容周围添加填充，例如在底部为滚动到顶部按钮提供额外的空间。
42,9,哪个元素负责调整滚动按钮的可见性？,"[""AnimatedVisibility"",""LazyListScope"",""行"",""ScrollState""]",0,AnimatedVisibility用于根据派生的滚动状态显示或隐藏 “滚动到顶部” 按钮，确保该按钮仅在用户滚动超过指定索引时才显示。
42,10,哪个函数用于检测LazyColumn的滚动位置？,"[""getScrollPosition()"",""getScrollState()"",""listState.firstVisibleItemIndex"",""scrollOffset()""]",2,LazyListState的listState.firstVisibleItemIndex属性有助于标识LazyColumn中第一个可见项的索引，从而可以对滚动位置做出反应。
42,11,哪个函数用于在协则中启动滚动到顶部操作？,"[""animateScrollTo()"",""launchAsync()"",""launchScroll()"",""scrollToItem()""]",3,在coroutine范围内使用scrollToItem() 函数滚动到LazyColumn中的指定项，从而在使用滚动到顶部按钮时提供流畅的用户体验。
42,12,哪个参数用于指定粘性标题中显示的文本？,"[""颜色"",""内容"",""标签"",""文本""]",3,text参数用于指定可组合文本中显示的文本内容，例如粘性标题中的制造商名称。
42,13,为什么padding() 修饰符用于滚动到顶部按钮？,"[""在按钮周围添加空间。"",""调整文本对齐方式。"",""更改按钮颜色。"",""更改按钮大小。""]",0,padding() 修饰符在滚动到顶部按钮周围添加空间，确保它不会太靠近其他UI元素。
43,0,如何调整LazyHorizontalStaggeredGrid中的行之间的空间？,"[""使用 “horizontalitemspacing”。"",""使用 “itempadding”。"",""使用 “rowspacing”。"",""使用 “verticalitemspacing”。""]",3,verticalItemSpacing控制LazyHorizontalStaggeredGrid中行之间的间距。
43,1,如何在交错网格中启用滚动行为？,"[""通过添加scrollEnabled属性。"",""通过使用enableScroll() 函数。"",""通过将网格包装在ScrollableBox中。"",""默认情况下，在LazyVerticalStaggeredGrid中启用滚动。""]",3,滚动是LazyVerticalStaggeredGrid的内置行为，不需要额外的配置。
43,2,当应用于交错网格中的框时，“剪辑” 函数做了什么？,"[""向框添加边框。"",""向框中添加阴影效果。"",""更改框的颜色。"",""把盒子的角倒圆。""]",3,clip函数与形状 (例如，RoundedCornerShape) 一起使用，以使网格中的框的角变圆。
43,3,当应用于LazyVerticalStaggeredGrid时，'fillMaxSize()'修饰符会做什么？,"[""将网格项向左对齐。"",""禁用在网格中滚动。"",""将网格填充到其父容器的完整大小。"",""限制网格大小以仅适合其内容。""]",2,fillMaxSize() 修饰符使LazyVerticalStaggeredGrid填充其父容器中的所有可用空间。
43,4,contentPadding参数在LazyVerticalStaggeredGrid中有什么作用？,"[""定义每列中网格项的对齐方式。"",""确定网格的滚动行为。"",""设置各个网格项之间的填充。"",""指定整个网格内容周围的空间。""]",3,contentPadding参数用于在网格内容的边缘周围设置填充，从而在整个布局周围提供空间。
43,5,当您从懒惰的水平交错的grid切换到懒惰的水平交错的grid时会发生什么？,"[""网格布局从垂直变为水平。"",""网格开始只显示一行。"",""项目变得不可滚动。"",""项目之间的间距会自动加倍。""]",0,切换到LazyHorizontalStaggeredGrid使布局水平滚动，按行而不是按列排列项目。
43,6,LazyVerticalStaggeredGrid中的固定模式和自适应模式有什么区别？,"[""固定模式根据屏幕大小计算列数，而自适应模式使用设定的列数。"",""固定模式仅用于水平网格，而自适应模式用于垂直网格。"",""固定模式要求项目具有相同的大小，而自适应模式允许不同的大小。"",""固定模式使用设定的列数，而自适应模式根据可用空间计算列。""]",3,在固定模式下，网格具有预定义的列数。自适应模式根据可用空间和最小项目大小调整列数。
43,7,将 'columns' 参数设置为StaggeredGridCells的效果是什么。在LazyVerticalStaggeredGrid中已修复 (3)？,"[""它允许网格根据屏幕大小调整列数。"",""它在网格中创建3个固定列。"",""它在网格中创建3行。"",""它将网格限制为显示3个项目。""]",1,将列设置为StaggeredGridCells.Fixed(3) 将网格配置为具有固定宽度的3列。
43,8,在Jetpack Compose中使用LazyVerticalStaggeredGrid的主要目的是什么？,"[""在标准垂直列表中排列项目。"",""创建水平滚动列表。"",""在垂直布局中显示不同大小的网格项。"",""在固定大小的垂直网格布局中显示项目。""]",2,LazyVerticalStaggeredGrid旨在处理具有不同高度的项目的网格，与所有单元格大小相同的标准网格相比，它提供了更灵活的布局。
43,9,哪个函数用于迭代LazyVerticalStaggeredGrid内的网格项列表？,"[""forEach()"",""项目 ()"",""地图 ()"",""重复 ()""]",1,items() 函数用于遍历列表并显示网格中的每个项目。
43,10,哪种方法用于控制LazyVerticalStaggeredGrid中网格项之间的间距？,"[""网格化填充"",""itemSpacing"",""spacingBetweenItems"",""垂直项目间距""]",3,verticalItemSpacing参数用于设置垂直交错网格中项之间的间距。
43,11,哪个修改器用于使每个网格项目填充交错网格中的可用宽度？,"[""fillMaxWidth()"",""fillWidth()"",""fitToWidth()"",""wrapContentWidth()""]",0,fillMaxWidth() 修饰符可确保每个网格项占用网格内其父容器的全部宽度。
43,12,关于懒惰水平的staggeredgrid，以下哪一项是正确的？,"[""它将项目排列在水平行中，并支持每行的不同高度。"",""它在垂直行中排列项目。"",""它用于创建垂直滚动的交错网格。"",""它要求所有项目具有相同的宽度。""]",0,LazyHorizontalStaggeredGrid允许水平滚动网格，其中每行可以包含不同高度的项目。
43,13,可以将哪个参数设置为 “false” 以禁用LazyVerticalStaggeredGrid中的用户滚动？,"[""禁用滚动"",""isScrollable"",""scrollEnabled"",""userScrollEnabled""]",3,userScrollEnabled参数控制用户是否可以滚动LazyVerticalStaggeredGrid的内容。
43,14,哪个参数用于指定LazyVerticalStaggeredGrid中的列数？,"[""列"",""网格大小"",""方向"",""行""]",0,columns参数确定在固定模式或自适应模式下网格将包含的列数。
44,0,如何启用或禁用用户在寻呼机中滚动？,"[""通过调整state属性。"",""通过设置修改器参数。"",""通过pageContent lambda。"",""使用userScrollEnabled属性。""]",3,可以将userScrollEnabled属性设置为true或false，以允许或阻止用户手动滚动浏览页面。
44,1,如何指定寻呼机中的页数？,"[""通过在pageSize属性中声明页数。"",""通过将页数传递给rememberPagerState函数。"",""通过直接在页导航上设置pageCount属性。"",""通过在VerticalPager或HorizontalPager中使用size参数。""]",1,rememberPagerState函数用于通过将其作为参数传递来指定页导航的页数。
44,2,如何在VerticalPager中定义固定的列数？,"[""通过为每页定义固定宽度。"",""通过设置horizontalalorangement属性。"",""使用columnCount属性。"",""将columns参数设置为StaggeredGridCells。已修复。""]",1,在垂直寻呼机中，horizontalalorangement用于调整页面中项目的排列。
44,3,如何确定寻呼机当前是否正在滚动？,"[""通过检查pageContent lambda的大小。"",""通过onScrollChanged() 方法。"",""使用pagerState的isScrollInProgress属性。"",""将userScrollEnabled属性设置为false。""]",2,pagerState的isScrollInProgress属性指示页导航是否在页之间主动滚动。
44,4,“Beyondboundspagecount” 属性控制什么？,"[""VerticalPager中每页的高度。"",""在可见边界之外加载的页数。"",""页面之间的滚动速度。"",""寻呼机中的总页数。""]",1,beyondBoundsPageCount指定在当前可见边界之外的内存中保留多少额外的页面，这有助于平滑滚动。
44,5,'reverseLayout' 属性在寻呼机中做什么？,"[""禁用用户与寻呼机的交互。"",""以相反的方向显示页面。"",""反转每页的颜色。"",""反转页码的顺序。""]",1,reverseLayout属性更改页面的显示方向，以相反的顺序显示页面。
44,6,什么是 'scrollToPage()'方法在寻呼机状态的功能？,"[""它调整寻呼机的滚动速度。"",""它会动态更改页面大小。"",""它滚动到一个特定的页面瞬间没有动画。"",""它滚动到一个特定的页面与动画。""]",2,scrollToPage() 方法滚动到目标页面，没有任何动画效果，使其立即过渡。
44,7,Jetpack Compose中VerticalPager和HorizontalPager composables的主要用途是什么？,"[""创建具有多个列的复杂嵌套布局。"",""无限滚动显示数据列表。"",""使用滑动手势启用内容分页。"",""管理异步数据加载。""]",2,VerticalPager和HorizontalPager组合用于创建布局，用户可以通过水平或垂直滑动来浏览页面。
44,8,什么是 “pagecontent” lambda在分页组合的目的？,"[""它控制页面之间的滚动行为。"",""它定义要在每个页面上显示的内容。"",""它确定页面过渡的动画速度。"",""它设置每页的大小。""]",1,pageContent lambda用于定义每个页面将在VerticalPager或HorizontalPager中显示的内容。
44,9,在VerticalPager或HorizontalPager组合中，modifier参数的用途是什么？,"[""它调整页面过渡速度。"",""它定义寻呼机的滚动方向。"",""它用于修改寻呼机的外观和布局。"",""它设置同时显示的页数。""]",2,modifier参数用于自定义寻呼机的外观和布局，例如设置其大小或填充。
44,10,“Key” 参数在寻呼机中的作用是什么？,"[""它定义了每页中使用的数据类型。"",""它确定页面过渡的动画样式。"",""它有助于有效地撰写跟踪页面更改。"",""它设置寻呼机的默认页面大小。""]",2,key参数用于帮助Compose识别每个页面，使其在内容更改时更高效。
44,11,应该使用什么方法来导航到具有动画过渡的特定页面？,"[""animateScrollToPage()"",""scrollToPage()"",""scrollToPosition()"",""snapToPage()""]",0,animateScrollToPage() 方法用于导航到具有平滑动画的特定页面。
44,12,在VerticalPager中使用哪种类型的对齐方式进行水平内容对齐？,"[""alignContent"",""中心对齐"",""水平对齐"",""垂直对齐""]",2,VerticalPager中的horizontalAlignment属性用于在每页内水平对齐内容。
44,13,当使用animateScrollToPage() 时，应该从哪里调用它？,"[""直接在可组合函数中。"",""从活动的onCreate() 方法。"",""从一个协则内。"",""在XML布局文件中。""]",2,animateScrollToPage() 是一个suspend函数，必须使用coroutine作用域从coroutine中调用。
44,14,哪种对齐方式用于在HorizontalPager中垂直居中内容？,"[""中心对齐"",""重力对齐"",""水平对齐"",""垂直对齐""]",3,在HorizontalPager中，垂直对齐用于在每个页面内垂直对齐内容。
44,15,在Compose中创建coroutine作用域建议使用哪种方法？,"[""CoroutineScopeProvider"",""createCoroutineScope()"",""launchNewScope()"",""记忆coroutinescope ()""]",3,rememberCoroutineScope() 函数是在Compose中创建用于启动协程操作的协程作用域的推荐方法。
44,16,以下哪一项是pagerState的有效用法？,"[""调整文本组合的字体大小。"",""控制行中项的对齐方式。"",""定义按钮的背景颜色。"",""确定寻呼机中的当前页码。""]",3,pagerState通过属性 (如currentPage) 提供有关寻呼机的信息，包括当前页码。
44,17,在HorizontalPager中显示书籍封面需要以下哪一项？,"[""带有自定义适配器的RecyclerView。"",""一个可绘制的资源和一个可组合的图像。"",""每个书籍封面的XML布局文件。"",""每个图像的XML矢量图形。""]",1,要在寻呼机中显示书籍封面之类的图像，您需要可绘制的资源和可组合的图像来渲染每个图像。
44,18,关于VerticalPager composable，以下哪项陈述是正确的？,"[""它只允许在水平方向上分页。"",""它显示用户可以垂直滚动的内容。"",""它不支持编程滚动。"",""它需要一个XML布局的功能。""]",1,VerticalPager composable旨在显示用户可以通过垂直滚动导航的页面。
44,19,使用VerticalPager或HorizontalPager composables时，哪个属性是必需的？,"[""修饰符"",""页面大小"",""州"",""userScrollEnabled""]",2,使用VerticalPager或HorizontalPager时，state属性是必需的，因为它管理分页行为并跟踪当前页。
45,0,如何将不同的进入和退出动画应用于AnimatedVisibility范围内的各个孩子？,"[""应用不同的布局修饰符。"",""为每个子项设置不同的可见参数。"",""使用animateEnterExit() 修饰符。"",""使用duration参数。""]",2,animateEnterExit() 修饰符允许AnimatedVisibility范围内的各个子级的自定义动画。
45,1,如何在AnimatedVisibility中组合多个动画效果？,"[""通过按顺序调用函数。"",""使用运算符。"",""使用tween() 函数。"",""使用自定义动画规范。""]",1,可以使用运算符组合多个动画效果，例如fedein () expandhandizhandle ()。
45,2,如何确保在Jetpack Compose中自动启动动画？,"[""应用默认动画行为。"",""通过将MutableTransitionState与targetState结合使用。"",""将visible参数设置为true。"",""使用animateStart() 函数。""]",1,使用MutableTransitionState允许您通过设置其targetState属性来控制动画何时开始。
45,3,你怎么能让一个动画开始延迟？,"[""通过将延迟修饰符应用于可组合的."",""通过将visible参数设置为false。"",""直接使用fadeIn() 函数。"",""通过使用带有delayMillis参数的tween() 函数。""]",3,tween() 函数允许使用delayMillis参数在动画开始之前指定以毫秒为单位的延迟。
45,4,expandIn() 函数的作用是什么？,"[""淡入内容而不调整其大小。"",""使用水平和垂直裁剪显示内容。"",""沿两个轴收缩视图中的内容。"",""将内容从左侧滑入视图。""]",1,expandIn() 通过使用水平和垂直裁剪技术逐渐扩展内容来显示内容。
45,5,Expand竖 () 动画效果是什么？,"[""将内容垂直展开到视图中。"",""将内容淡出视图。"",""在内容消失之前垂直收缩。"",""将内容水平滑入视图。""]",0,Expandvertical () 函数使用垂直剪切技术显示内容，将其扩展到视图中。
45,6,tween() 函数允许你做什么？,"[""控制动画持续时间和缓和。"",""修改可组合的布局。"",""无限期地重复动画。"",""设置动画的特定位置。""]",0,tween() 函数用于指定动画的持续时间和缓动行为。
45,7,在AnimatedVisibility中将enter和exit参数设置为EnterTransition.None和ExitTransition.None时，会发生什么情况？,"[""显示或隐藏内容时不应用任何动画。"",""内容缩小到视图之外。"",""内容滑入视图。"",""应用默认的淡入淡出动画。""]",0,设置EnterTransition.None和ExitTransition.None将禁用用于显示或隐藏内容的任何默认或自定义动画。
45,8,Fodein () 函数的默认alpha值是什么？,"[""0"",""0.5"",""1.0"",""2.0""]",0,fadeIn() 的默认alpha值为0，这意味着内容在淡入之前开始完全透明。
45,9,如果没有指定动画，AnimatedVisibility的默认行为是什么？,"[""它以微妙的淡入淡出动画。"",""它将内容扩展到视图中。"",""它立即显示或隐藏内容。"",""它将内容滑入视图。""]",0,默认情况下，AnimatedVisibility在使内容可见或不可见时会应用细微的淡入淡出。
45,10,AnimatedVisibility composable中的 “enter” 参数的功能是什么？,"[""定义所有动画的动画持续时间。"",""定义可组合对象变为可见时的动画。"",""确定可组合的内容。"",""设置可组合的起始位置。""]",1,enter参数指定子组合出现时要应用的动画。
45,11,在Jetpack Compose中可组合的AnimatedVisibility的目的是什么？,"[""来调整可组合的填充。"",""动画显示或消失时可组合的可见性。"",""为任何可组合的创建自定义动画。"",""对列表滚动行为执行动画。""]",1,AnimatedVisibility用于在composable出现或消失时添加动画，例如淡入、滑动或扩展效果。
45,12,动画函数 (如fadeIn()) 中animationSpec参数的目的是什么？,"[""更改动画的背景颜色。"",""定义动画的持续时间和缓动。"",""来定义要进行动画处理的内容的大小。"",""设置动画的位置。""]",1,animationSpec允许开发人员自定义动画的持续时间和缓动属性。
45,13,动画中的repeatable() 函数的目的是什么？,"[""以创建平滑的淡入淡出效果。"",""延迟动画的开始。"",""使动画更快。"",""使动画循环指定的次数。""]",3,repeatable() 函数允许动画重复设定的次数，并带有反转方向的选项。
45,14,交叉淡入淡出可组合的targetState参数的目的是什么？,"[""它控制淡入淡出区域的大小。"",""它定义了淡入淡出的背景颜色。"",""它设置淡入淡出的持续时间。"",""它指定哪个composable应该是可见的。""]",3,Crossfade中的targetState参数确定哪个composable当前可见，并控制它们之间的转换。
45,15,MutableTransitionState中 “targetstate” 的作用是什么？,"[""它调整动画的速度。"",""它确定动画的结束状态。"",""它修改动画组件的颜色。"",""它设置动画的初始大小。""]",1,MutableTransitionState中的targetState定义动画将达到的最终可见性状态。
45,16,必须设置什么才能禁用父AnimatedVisibility实例中的默认动画？,"[""EnterTransition.None和ExitTransition.None"",""animationSpec设置为null"",""scaleIn()，值为零"",""tween() 持续时间为零""]",0,将enter和exit参数设置为EnterTransition.None和ExitTransition.None会禁用父级中的默认动画。
45,17,使用AnimatedVisibility时，如何控制动画的缓动效果？,"[""通过向动画添加延迟参数。"",""通过将缓动值传递给tween() 函数。"",""通过将visible参数设置为true。"",""使用fodein () 函数。""]",1,缓动效果是通过将缓动值 (如LinearOutSlowInEasing) 传递给tween() 函数来指定的。
45,18,哪个AnimatedVisibility函数用于从垂直剪辑边界线后面的视图中收缩内容？,"[""水平收缩 ()"",""shrinkOut()"",""垂直收缩 ()"",""水平滑动 ()""]",0,水平收缩 () 允许内容从收缩的垂直剪辑边界线后面的视图中滑动。
45,19,您将使用哪种动画效果使内容从视图中向左滑动？,"[""水平扩展"",""渐减"",""垂直收缩"",""滑道""]",3,slideOutHorizontally() 函数用于对沿水平轴滑出视图的内容进行动画处理。
45,20,哪个组件允许您更改动画参数，如持续时间和缓和？,"[""动画规范"",""交叉淡入淡出"",""布局修饰符"",""可见状态""]",0,AnimationSpec提供了用于配置动画参数的选项，包括持续时间和缓动。
45,21,哪个函数用于动画替换一个可组合与另一个？,"[""交叉淡入淡出 ()"",""animateContentSize()"",""垂直展开 ()"",""补间 ()""]",0,Crossfade() 函数用于动画两个组合之间的过渡，创建平滑的淡入淡出效果。
45,22,哪个函数用于使可组合的淡入视线？,"[""expandIn()"",""fadeIn()"",""scaleIn()"",""slideIn()""]",1,fadeIn() 函数用于对具有淡入淡出效果的组合的外观进行动画处理。
45,23,以下哪一项是Jetpack Compose中的预定义动画缓动选项？,"[""反弹"",""立方outeasing"",""LinearOutSlowInEasing"",""SpringOutEasing""]",2,LinearOutSlowInEasing是预定义的缓动选项之一，提供从线性到较慢速度的平滑过渡。
45,24,使用AnimatedVisibility composable时，哪个参数是必需的？,"[""输入"",""退出"",""修饰符"",""可见""]",3,visible参数是必需的，因为它确定是否应该显示或隐藏子组合。
46,0,如何调整构图中动画的持续时间？,"[""通过更改状态的初始值。"",""通过修改animationSpec属性。"",""通过使用modifier.Delay () 函数。"",""使用delay() 函数。""]",1,可以使用animationSpec参数 (如通过tween() 函数) 控制动画的持续时间和行为。
46,1,你怎么能动画一个组合在屏幕上来回移动？,"[""通过使用animateColorAsState() 调整背景颜色。"",""通过使用animateDpAsState() 更改x偏移值。"",""通过使用位置之间的淡入淡出过渡。"",""通过使用循环翻译功能。""]",1,animateDpAsState() 函数允许composables x偏移量的平滑过渡，使其看起来在屏幕上移动。
46,2,如何在Compose中创建基于spring的动画？,"[""通过直接调用springAnimation()。"",""通过将spring() 函数传递给animationSpec参数。"",""通过在animateAsState() 函数中设置springFactor。"",""通过使用animateSpring() 函数。""]",1,基于Spring的动画是使用spring() 函数创建的，该函数通过animate函数的animationSpec参数应用。
46,3,在状态驱动动画的上下文中，targetValue参数用于什么？,"[""来调整动画的帧速率。"",""来定义动画的起始位置。"",""来确定动画的当前状态。"",""指定动画应达到的结束值。""]",3,状态驱动的动画中的targetValue参数指示动画所朝向的值。
46,4,可组合视图的偏移修改器在运动动画中有什么影响？,"[""视图的背景色。"",""视图的不透明度。"",""视图沿x轴和y轴的位置。"",""视图的旋转角度。""]",-1,“偏移” 修改器沿x轴和y轴更改长方体的位置，从而实现平滑的动画移动。
46,5,使用updatetrition () 时，过渡类提供了什么？,"[""重置状态值的函数。"",""一种调试网络问题的方法。"",""一种异步加载图像的方法。"",""一种并行运行多个动画的方法。""]",3,Transition类允许多个动画同时运行，所有动画都由共享状态值的更改触发。
46,6,弹簧 () 函数的阻尼比控制什么？,"[""弹簧动画中的反弹量。"",""动画组件的颜色。"",""动画的初始速度。"",""动画重复的次数。""]",0,阻尼比控制弹簧动画到达其终点时发生的反弹量。较低的值会导致更多的反弹。
46,7,Compose中状态驱动动画的关键特征是什么？,"[""动画是由状态值的变化触发的。"",""动画仅由用户手势触发。"",""动画只能使用布尔状态值。"",""动画需要复杂的线程管理。""]",0,Compose中的状态驱动动画基于对状态值的更改，从而允许组件在其状态更新时平滑地进行动画处理。
46,8,animateFloatAsState() 函数的默认行为是什么？,"[""以有弹性的方式动画。"",""使用线性速度设置动画。"",""使用FastOutSlowInEasing进行动画处理。"",""立即跳转到目标值。""]",2,animateFloatAsState() 的默认缓动为FastOutSlowInEasing，它为动画创建平滑的开始和结束。
46,9,Compose Animation API的主要用途是什么？,"[""向基于撰写的应用中的UI组件添加动画效果。"",""创建用于数据检索的网络请求。"",""在基于撰写的应用程序中处理用户输入。"",""管理应用主题和样式。""]",0,Compose Animation API旨在为动画用户界面组件提供广泛的动画选项，使交互更具视觉吸引力和响应性。
46,10,撰写动画中的tween() 函数的目的是什么？,"[""调整动画的帧速率。"",""创建用于延迟状态更改的计时器。"",""在Compose中设置网络请求。"",""指定动画的持续时间和缓动。""]",3,tween() 函数允许您配置动画的持续时间和缓动行为，如线性或曲线过渡。
46,11,在动画中使用keyframes() 的目的是什么？,"[""向动画组件添加阴影。"",""为动画创建多个时间线。"",""为动画中的更改定义特定的时间点。"",""减慢动画速度。""]",2,关键帧允许您在动画期间指定特定时间点的值，从而可以更好地控制动画的时间和行为。
46,12,LocalConfiguration对象在运动动画中的作用是什么？,"[""它控制动画的缓动行为。"",""它处理动画的错误记录。"",""它用于从internet获取数据。"",""它提供有关屏幕属性 (如宽度和高度) 的信息。""]",3,LocalConfiguration提供对屏幕尺寸的访问，这对于创建适应不同屏幕尺寸的响应式动画很有用。
46,13,什么类型的值可以使用animateDpAsState() 动画？,"[""颜色"",""与密度无关的像素"",""整数"",""字符串""]",1,animateDpAsState() 用于对以Dp表示的值进行动画处理，例如合成布局中的大小和位置调整。
46,14,哪个缓动选项在整个动画过程中保持恒定的速度？,"[""CubicBezierEasing"",""EaseInEasing"",""FastOutSlowInEasing"",""划线""]",3,画线在整个动画过程中保持恒定的速度，不会加速或减速。
46,15,哪个函数用于为float值的状态更改设置动画？,"[""animateColorAsState()"",""animateDpAsState()"",""animateFloatAsState()"",""animateIntAsState()""]",2,animateFloatAsState() 函数用于对Float值的更改进行动画处理，例如Compose中的旋转角度。
46,16,哪个函数用于根据状态转换对颜色更改进行动画处理？,"[""animateBackgroundAsState()"",""animateColorAsState()"",""animateColorState()"",""animateFloatAsState()""]",1,animateColorAsState() 函数专门用于在状态更改时对颜色属性的更改进行动画处理。
46,17,哪个函数用于基于单个状态更改创建多个动画？,"[""animateTogether()"",""combineAnimations()"",""mergeAnimations()"",""updateTransition()""]",3,updateTransition() 函数用于创建可基于状态更改同时运行多个动画的转换。
46,18,以下哪种类型可以使用animate * AsState函数进行动画处理？,"[""边界和字符串"",""Color、Dp和Int"",""IntArray和列表"",""URL和JSON""]",1,Compose中的animate * AsState函数支持一系列类型，如Color、Dp、Int、Float和Size，使它们能够满足不同的动画需求。
47,0,如何在路径中绘制贝塞尔曲线？,"[""使用arcTo() 函数"",""使用drawCurve()"",""使用lineTo() 函数"",""使用quadraticBezierTo() 或cubicTo()""]",3,贝塞尔曲线是使用quadraticBezierTo() (用于二次曲线) 和cubicTo() (用于三次曲线) 等函数绘制的。
47,1,如何将与密度无关的像素 (dp) 转换为Compose中的像素 (px)？,"[""使用convertDpToPx() 函数"",""使用dpToPx() 方法"",""使用px() 方法"",""使用toPx() 方法""]",3,toPx() 方法用于将与密度无关的像素 (dp) 转换为Compose中的物理像素 (px)。
47,2,如何在Compose中的画布上绘制弧线？,"[""使用带有角度和大小的arcTo()"",""使用带渐变色的drawArc()"",""将drawArc() 与起始角度和扫掠角度一起使用"",""使用带有arc参数的drawLine()""]",2,drawArc() 函数需要开始和扫描角度才能在指定的矩形内绘制圆弧。
47,3,你如何在Compose的画布上绘制文本？,"[""使用drawLine() 函数"",""使用drawString() 函数"",""将drawText() 函数与TextMeasurer一起使用"",""使用textResource() 函数""]",2,使用drawText() 函数在画布上绘制文本，该函数需要TextMeasurer来计算文本的大小和布局。
47,4,如何在Compose中指定画布的大小？,"[""使用Canvas.setSize() 方法"",""使用DrawScope.setSize() 方法"",""使用Modifier.size() 方法"",""使用DrawScope的size属性""]",2,画布的大小是使用Modifier.size() 方法设置的，该方法定义了绘图区域的尺寸。
47,5,在Canvas的上下文中，Offset代表什么？,"[""颜色渐变"",""画布上的坐标"",""旋转角度"",""透明度水平""]",1,Offset表示用于指定画布上位置的x和y坐标。
47,6,什么是drawLine() 函数需要画一条线？,"[""仅颜色"",""仅起点和终点"",""起点和终点以及旋转角度"",""起点和终点、颜色和描边宽度""]",3,drawLine() 函数需要由偏移量、颜色和描边宽度定义的起点和终点来绘制一条线。
47,7,drawImage() 函数中ColorFilter的作用是什么？,"[""调整图像的位置"",""将颜色效果应用于图像"",""更改图像的大小"",""旋转图像""]",1,ColorFilter参数用于将颜色效果 (如色调) 应用于在画布上绘制的图像。
47,8,绘制圆角矩形时，CornerRadius组件的用途是什么？,"[""定义矩形角的圆度"",""设置矩形的颜色"",""指定矩形的位置"",""指定描边宽度的步骤""]",0,角半径组件指定圆角矩形的角的圆度。
47,9,drawPoints() 函数中pointMode参数的用途是什么？,"[""调整点的颜色"",""控制点的绘制方式 (单个、直线或多边形)"",""设定点的透明度"",""指定点的形状""]",1,drawPoints() 中的pointMode参数指定如何绘制点-单独绘制、绘制为线或连接为多边形。
47,10,TextMeasurer在文本绘制中的作用是什么？,"[""调整文本透明度"",""将颜色渐变应用于文本"",""计算文本的大小和布局"",""更改字体样式""]",2,TextMeasurer计算文本的尺寸和布局，这有助于在画布中准确定位文本。
47,11,inset() 函数在画布绘图中的作用是什么？,"[""调整画布中的绘图区域"",""应用阴影效果"",""更改形状的颜色"",""增加画布的大小""]",0,inset() 函数用于创建insets，修改画布中的绘图区域。
47,12,drawText() 中AnnotatedString的用途是什么？,"[""调整文本对齐方式"",""使用绘图样式定义多格式文本"",""使用文本绘制图像"",""设置文本的颜色""]",1,AnnotatedString允许定义具有各种样式的文本，例如粗体、彩色或渐变填充，这些样式可以在画布上呈现。
47,13,Canvas中的drawCircle() 函数有什么用？,"[""应用渐变"",""绘制圆形的步骤"",""绘制矩形框的步骤"",""绘制椭圆形状""]",1,drawCircle() 函数用于在画布上绘制圆形，具有中心和半径等属性。
47,14,DrawScope的中心值代表什么属性？,"[""画布的右下角"",""画布区域的中心点"",""画布的左上角"",""画布的宽度""]",1,DrawScope的center属性提供画布区域中心的坐标。
47,15,哪个函数用于在画布上绘制图像？,"[""drawBitmap()"",""drawImage()"",""drawPicture()"",""imageResource()""]",1,drawImage() 函数用于使用ImageBitmap资源将图像绘制到画布上。
47,16,哪个函数用于在Compose中绘制路径？,"[""drawCurve()"",""拉线 ()"",""drawPath()"",""drawShape()""]",2,drawPath() 函数用于渲染路径，路径是由坐标定义的一系列直线或曲线。
47,17,哪个函数用于在画布上绘制矩形？,"[""牵引箱 ()"",""drawRect()"",""drawRectangle()"",""drawSquare()""]",1,drawRect() 函数用于绘制矩形，指定其大小和在画布上的位置。
47,18,哪个函数用于填充带有渐变图案的形状？,"[""刷子"",""梯度着色器"",""drawGradient()"",""fillWithGradient()""]",0,画笔组件用于使用渐变图案 (如水平、径向和垂直渐变) 填充形状。
47,19,哪个函数用于在画布上旋转绘图元素？,"[""applyRotation()"",""drawRotate()"",""旋转 ()"",""rotateCanvas()""]",2,rotate() 函数用于旋转画布上的绘图元素，指定旋转角度。
47,20,您将使用哪个函数创建圆角矩形轮廓？,"[""drawOutline()"",""drawRectangleOutline()"",""具有Stroke样式的drawRoundRect()"",""drawRoundedBorder()""]",2,使用带有笔触样式的drawRoundRect() 可以绘制圆角矩形的轮廓。
47,21,使用哪种方法在画布中创建虚线？,"[""dashPathEffect()"",""drawDashedLine()"",""绘制效果 (虚线)"",""pathEffect()""]",0,dashPathEffect() 方法用于通过指定虚线模式间隔来创建虚线。
47,22,以下哪一项不是Canvas组件提供的DrawScope的功能？,"[""访问大小维度"",""绘制形状和线条"",""处理胺化手势"",""执行旋转""]",-1,DrawScope提供用于绘制形状、线条和执行旋转的功能，但它不管理网络连接。
48,0,如何一个ViewModel实例的行为时，一个活动被重新创建？,"[""它会自动将数据存储到共享首选项"",""它被销毁并与活动一起重新创建"",""它存储在设备的本地数据库中"",""它持续存在，维护状态数据""]",3,ViewModel实例在配置更改 (如活动娱乐) 中持续存在，从而允许它维护它所保存的数据。
48,1,ViewModel如何帮助活动生命周期管理？,"[""它控制片段的生命周期"",""它直接处理活动娱乐"",""它确保即使在重新创建活动时也能保持数据"",""它防止活动被破坏""]",2,即使重新创建活动，ViewModel实例也会保留在内存中，从而确保在设备旋转等生命周期更改期间不会丢失数据。
48,2,Compose中的MutableState与MutableLiveData有何不同？,"[""MutableLiveData只能与Compose一起使用"",""MutableState可以直接存储复杂的数据类型，如JSON"",""MutableState特定于composable，用于Composables中的状态管理"",""MutableState自动保存配置更改中的数据""]",2,MutableState是一种状态管理机制，设计用于Jetpack Compose中的可组合函数，而MutableLiveData用于观察Compose之外的状态。
48,3,在ViewModel中，是什么触发了UI的重新组合？,"[""对ViewModel状态数据的更改"",""ViewModel的初始化"",""启动新活动"",""使用viewModel() 函数""]",0,当视图模型中的状态数据发生变化时，例如通过像incresteecount () 这样的函数，它会触发观察该状态的可组合函数的重组。
48,4,必须添加什么依赖项才能使用Compose viewModel() 函数？,"[""androidx.activity:activity-compose"",""Androidx.compose.runtime: 运行时-livedata"",""androidx.com pose.ui:ui"",""androidx.lifecycle:lifecycle-viewmodel-compose""]",3,需要将androidx.lifecycle:lifecycle-viewmodel-compose库添加到项目依赖项中，以便在Compose中使用viewModel() 函数。
48,5,ViewModel中的viewModelScope的常见用例是什么？,"[""定义UI布局"",""直接处理用户输入"",""管理UI导航"",""执行网络调用或数据库操作""]",3,viewModelScope通常用于网络调用或数据库操作等后台任务，以确保这些操作符合ViewModels的生命周期。
48,6,使用ViewModel与撰写UI的主要好处是什么？,"[""它直接控制UI布局"",""它支持与Android服务的直接交互"",""它有助于在配置更改期间保持数据一致性"",""它加快了UI渲染的速度""]",2,ViewModel允许UI通过屏幕旋转等配置更改来保留其数据，从而确保数据保持一致，而无需手动保存和恢复。
48,7,在非合成Android应用程序中使用LiveData与ViewModel的主要好处是什么？,"[""LiveData在数据更改时自动更新UI"",""LiveData只能与ViewModel一起使用"",""LiveData比使用状态变量更快"",""LiveData取代了对数据绑定的需求""]",0,LiveData被设计为生命周期感知，这意味着它可以通知UI控制器，如数据更改的活动和片段，当数据更改时自动更新UI。
48,8,Android架构中的ViewModel组件的主要目的是什么？,"[""设计Android应用的布局"",""处理数据库交互"",""直接管理用户界面元素"",""与UI逻辑分开存储和管理与UI相关的数据""]",3,ViewModel组件旨在将与UI相关的数据和逻辑与UI控制器分开，有助于在配置更改中保持数据一致性，并提供清晰的关注点分离。
48,9,observeAsState() 函数的作用是什么？,"[""将LiveData转换为Compose状态对象"",""创建新的ViewModel"",""管理活动的生命周期"",""在不重新合成的情况下更新UI""]",0,observeAsState() 函数用于观察LiveData对象并将其转换为Compose状态对象，使其行为类似于其他状态变量，并在数据更改时触发重组。
48,10,“关注分离” 概念在Android应用架构中扮演什么角色？,"[""它将多个活动组合成一个"",""它专注于集成第三方库"",""它将UI逻辑与数据处理合并在一个模块中"",""它将不同的功能区域分成不同的模块""]",3,关注点分离旨在将应用程序的不同方面划分为单独的模块，确保独立管理UI逻辑、数据处理和其他功能。
48,11,MutableState对象在具有Compose的ViewModel中扮演什么角色？,"[""它处理错误日志记录"",""它包含触发UI重组的当前状态值"",""It管理后台任务"",""它存储布局设计""]",1,在Compose中，MutableState用于存储状态变量，这些变量在更新时会触发观察这些值的可组合函数的重新组合。
48,12,什么时候应该在ViewModel中使用MutableLiveData类？,"[""当您需要直接处理用户输入事件时"",""当你需要实现动画"",""当您想要使用Compose state观察数据中的更改时"",""当您想要存储早于Compose的可观察数据时""]",3,MutableLiveData是jetpack旧架构组件的一部分，用于在Composes状态管理流行之前存储可观察数据。
48,13,当使用ViewModel与Compose时，初始化ViewModel的最佳位置在哪里？,"[""在可组合层次结构的根级别"",""在MainActivity的onCreate方法"",""在子可组合函数中"",""在coroutine函数中""]",0,在可组合层次结构的根级别初始化ViewModel可确保所有子组合都可以访问和观察同一实例。
48,14,哪个Compose库函数将LiveData对象转换为状态对象？,"[""liveDataToState()"",""observeAsState()"",""stateFromLiveData()"",""stateObserver()""]",1,observeAsState() 函数用于将LiveData对象转换为状态对象，允许在可组合函数中观察它。
48,15,哪个架构组件在现代Android应用程序开发中仍然与Compose相关？,"[""活动导航"",""数据绑定"",""LiveData"",""视图模型""]",3,即使使用Composes内置的状态管理，ViewModel仍然适用于管理与UI相关的数据并将其与UI逻辑分离，尤其是在复杂的应用程序中。
48,16,哪个函数用于在可组合中创建或访问ViewModel实例？,"[""createViewModel()"",""getViewModel()"",""rememberViewModel()"",""viewModel()""]",3,viewModel() 函数由Compose视图模型生命周期库提供，用于在Composable中创建或检索ViewModel实例。
48,17,以下哪一项最好地描述了Android架构中的 “关注分离”？,"[""结合UI代码和后端逻辑"",""将不同的职责划分为单独的模块"",""将所有代码保存在单个活动类中"",""将所有数据存储在ViewModel中""]",1,Android架构中的关注点分离涉及将应用功能划分为不同的模块，例如将UI逻辑与数据管理分离，以使代码更易于管理和测试。
48,18,以下哪一项是Google推荐的现代Android架构的关键原则？,"[""UI和数据逻辑之间没有分离的应用程序"",""具有混合UI和数据逻辑的多个基于活动的应用程序"",""职责分离的单一活动应用程序"",""仅使用片段进行UI管理""]",2,Google建议采用一种现代架构，其中应用程序使用单个activity，将不同的屏幕作为该activity中的内容加载，并将单独的模块用于数据处理 (关注点分离)。
48,19,关于viewModel() 函数，以下哪一项是正确的？,"[""它总是创建一个ViewModel的新实例"",""它可以用来直接观察数据的变化"",""它处理网络请求"",""它返回一个现有的ViewModel实例，如果一个已经创建""]",3,viewModel() 函数检查当前范围中是否已存在ViewModel实例并将其返回; 否则，它将创建一个新实例。
48,20,关于viewModel() 函数，以下哪项陈述是正确的？,"[""它不能与导航组件一起使用"",""它每次创建一个新的ViewModel实例"",""它需要一个唯一的密钥才能使用"",""它与同一范围内的所有可组合体共享一个ViewModel实例""]",3,viewModel() 函数为同一范围内的所有可组合对象提供相同的ViewModel实例，使它们可以轻松共享数据。
48,21,关于MutableLiveData的哪句话是正确的？,"[""它允许在ViewModel中观察数据更改"",""它可用于在内存中存储大文件"",""它是Compose框架独有的"",""它用于实时观察UI元素""]",0,MutableLiveData允许在ViewModel中观察数据变化，允许UI在数据变化时对更新做出反应。
48,22,为什么在执行后台任务时使用viewModelScope很重要？,"[""它会在清除ViewModel时自动取消任务"",""它提高了重组的速度"",""它保持ViewModel活动后的活动被销毁"",""它管理UI组件的生命周期""]",0,viewModelScope可确保在清除ViewModel时自动取消在ViewModel内启动的协联，从而有助于有效地管理资源。
48,23,为什么建议在顶级组合中初始化ViewModel？,"[""允许子composable轻松访问和观察状态"",""避免创建ViewModel的多个实例"",""以确保UI和数据紧密耦合"",""最小化应用程序中的可组合对象数量""]",0,通过在顶级可组合对象中初始化ViewModel，其状态可以通过可组合层次结构向下传递，从而更容易管理和观察子可组合对象中的数据。
50,0,SQLite与Oracle或SQL Server等其他关系数据库管理系统有何不同？,"[""它是一个独立的服务器进程"",""它是一个嵌入式数据库，在应用程序本身中运行"",""它只支持以JSON格式存储数据"",""它需要网络连接才能运行""]",1,SQLite是嵌入式的，这意味着它是作为直接链接到应用程序的库提供的，不同于作为独立服务器进程运行的其他数据库。
50,1,数据通常如何存储在Android设备上的SQLite数据库中？,"[""JSON格式"",""在XML文件中"",""在云存储解决方案中"",""在具有a的文件中。应用程序的数据目录中的db扩展""]",3,SQLite数据库存储为设备上的应用程序数据目录中的db文件。
50,2,与SQLite中的主键一起使用时，'autoincrement' 关键字确保什么？,"[""所有记录按字母顺序排序"",""主键值按顺序自动分配"",""记录是加密的"",""表在一定时间后自动删除""]",1,autoincrement关键字确保每个新记录都有一个唯一的主键，每个新行都会自动递增。
50,3,如果一个Android应用程序创建一个数据库没有定义主键会发生什么？,"[""每个记录将自动分配一个唯一的ID"",""很难唯一地识别和访问记录"",""数据库将自动创建主键列"",""数据库不会存储任何数据""]",1,如果没有主键，就无法保证唯一标识特定行的方法，从而使数据检索和管理更具挑战性。
50,4,的功能是什么。SQLite中的表命令？,"[""创建新表"",""删除特定表"",""显示数据库中的表列表"",""列出表中的所有记录""]",2,的。SQLite中的tables命令用于列出当前选定数据库中存在的所有表。
50,5,在SQLite中定义主键时，'autoincrement' 关键字的目的是什么？,"[""自动删除旧记录"",""自动递增每个新行的主键值"",""强制执行外键关系"",""确保列中的每个值都是唯一的""]",1,将autoincrement与整数主键一起使用可确保每个新行获得一个自动递增的唯一键值。
50,6,Android中 “room' 持久性库” 的作用是什么？,"[""它用更直观的语法替换SQLite"",""提高数据库性能"",""提供高级UI组件"",""简化与SQLite数据库的交互""]",3,Room library提供了比SQLite更高级别的接口，使其更容易与数据库交互，同时遵循现代建筑实践。
50,7,数据库模式在数据库中扮演什么角色？,"[""定义表中数据的关系和特征"",""定义用户界面组件的结构"",""处理应用程序中的网络连接"",""管理用户身份验证和权限""]",0,数据库模式定义存储在数据库表中的数据的结构、关系和特征。
50,8,哪个Android命令行工具用于与Android设备或模拟器进行交互以进行调试？,"[""亚行"",""gradle"",""junit"",""proguard""]",0,Android调试桥 (adb) 允许开发人员与Android设备或模拟器进行通信，使其对于调试 (包括数据库交互) 非常有用。
50,9,使用哪个SQL命令将新行添加到表中？,"[""添加"",""插入"",""选择"",""更新""]",1,INSERT语句用于将新行添加到SQL中的指定表中。
50,10,您将使用哪个SQL语句从名为 “contacts” 的表中检索所有行？,"[""FINDALL IN contacts;"",""从联系人检索 *；"",""从联系人中选择 *；"",""更新联系人集name = 'John'；""]",2,SELECT语句用于从表中检索行，* 表示应检索所有列。
50,11,关于结构化查询语言 (SQL)，以下哪一项是正确的？,"[""它是大多数关系数据库的标准语言"",""它是SQLite数据库独有的"",""它用于设计用户界面"",""它仅用于从数据库读取数据""]",0,SQL是一种用于与关系数据库交互的标准化语言，许多DBMS都支持它，包括SQLite。
50,12,以下哪一项用于唯一标识数据库表中的行？,"[""数据类型"",""外键"",""索引"",""主键""]",3,主键唯一标识数据库表中的每一行，确保该键不存在重复行。
50,13,哪个语句用于在SQLite数据库中创建新表？,"[""添加表格"",""创建"",""创建表"",""新建表格""]",2,CREATE TABLE语句用于在SQLite数据库中定义新表及其结构。
50,14,为什么SQLite是移动应用程序的合适选择？,"[""它只能用于互联网连接"",""它是轻量级的，不需要单独的服务器"",""它需要大量的硬件资源"",""它支持实时数据流""]",1,SQLite是轻量级的，并且在应用程序本身中运行，使其适用于必须最小化资源使用的移动应用程序。
50,15,为什么SQLite被认为是 “嵌入式”？,"[""它不能在移动应用程序之外使用"",""它内置于Android操作系统中"",""它需要外部服务器才能运行"",""它作为Android的后台服务运行""]",1,SQLite是嵌入式的，因为它在应用程序本身中运行，而不需要单独的服务器进程。
50,16,为什么Android的SQLite数据库中的每个表都必须有一个名为 '_id' 的主键？,"[""它允许通过网络访问表"",""它支持对数据库文件进行加密"",""它有助于存储大型二进制数据"",""这是与Android的数据库相关类兼容的要求""]",3,在Android中，主键必须命名为 _id，以便使用与数据库相关的类 (如Cursor) 进行无缝访问。
51,0,如何将LiveData与dao一起使用？,"[""实时访问远程数据库"",""自动观察数据库查询中的更改"",""连接到远程数据库服务器"",""执行后台数据库查询""]",1,通过将LiveData与DAOs结合使用，可以自动观察数据库中的更改，并在数据更改时更新UI。
51,1,房间如何处理内存中的数据库？,"[""使用 @ Database批注"",""使用 @ InMemory注释"",""使用Room.databaseBuilder()"",""使用Room.inMemoryDatabaseBuilder()""]",3,Room.inMemoryDatabaseBuilder() 用于创建仅存在于内存中并在应用程序终止时丢失的数据库。
51,2,如何在房间内处理大型数据库操作？,"[""直接访问SQLite"",""在主线程上运行它们"",""使用协程或后台线程"",""使用 @ uitread注释""]",2,为了防止阻塞UI，大型数据库操作应该使用协程在后台线程上运行。
51,3,使用什么注释来自动生成房间中的主键？,"[""@ AutoGenerate"",""@ AutoKey"",""@ ForeignKey"",""@ PrimaryKey(autoGenerate = true)""]",3,@ PrimaryKey(autoGenerate = true) 注释用于为表中的新行自动生成主键值。
51,4,什么注释用于将类标记为房间中的实体？,"[""@ DAO"",""@ 数据库"",""@ 实体"",""@ Repository""]",2,@ Entity注释将类标记为实体，在Room中定义表架构。
51,5,@ ColumnInfo注释做什么？,"[""将字段定义为主键"",""指示DAO方法"",""设置数据库表中的列名"",""指定表关系""]",2,@ ColumnInfo批注允许为房间实体中的列指定自定义名称。
51,6,@ Ignore注释在房间实体类中做什么？,"[""创建新的数据库表"",""在数据库操作期间忽略字段"",""将类标记为房间数据库"",""将字段标记为主键""]",1,@ Ignore用于排除字段保留在数据库中。
51,7,fallbackToDestructiveMigration() 方法做什么？,"[""连接到远程数据库"",""如果数据库架构更改，则强制删除数据"",""提高数据库性能"",""防止数据库迁移期间的数据丢失""]",1,如果需要迁移但未指定，则fallbacktodecstructivemigration () 将删除并重新创建数据库。
51,8,如果尝试在主线程上运行数据库操作，会发生什么情况？,"[""由于UI线程阻塞，应用程序可能会崩溃"",""该应用程序将运行得更快"",""数据库自动优化查询"",""数据库将不接受请求""]",0,在主线程上运行数据库操作可能会由于潜在的UI阻塞而导致应用程序冻结或崩溃。
51,9,在房间数据库的上下文中，主键是什么？,"[""用于加密数据库的密钥"",""数据库索引的一种类型"",""表中每一行的唯一标识符"",""用于标识单个表元素的属性""]",2,主键唯一标识数据库表中的每一行，允许访问或修改特定的行。
51,10,在房间数据库的上下文中，什么是实体？,"[""SQL语句"",""SQLite数据库类型"",""定义表架构的类"",""数据库行""]",2,Room中的实体表示为数据库中的表定义架构的类，包括列和主键。
51,11,在Android中使用Room over plain SQLite的主要好处是什么？,"[""它使数据库查询更快"",""它提供了更好的UI组件"",""它减少了用于数据库操作的样板代码的数量"",""它取代了ViewModels的需要""]",2,Room通过减少编写样板代码的需要来简化数据库操作，使数据库管理更加高效。
51,12,房间持久性库的主要用途是什么？,"[""处理所有用户界面组件"",""在Android中管理网络操作"",""完全替换SQLite数据库"",""简化向Android应用添加数据库存储的过程""]",3,房间持久化库的目的是使它更容易添加数据库存储支持Android应用程序，同时遵循架构指南。
51,13,房间里 @ ForeignKey注释的目的是什么？,"[""在列上创建索引"",""创建表之间的关系"",""定义LiveData方法"",""将类标记为实体""]",1,@ ForeignKey用于建立不同表之间的关系，例如将购买链接到客户实体。
51,14,RoomDatabase类的目的是什么？,"[""创建和返回会议室数据库实例"",""设计数据库架构"",""对数据库执行SQL语句"",""从数据库表中提取数据""]",0,RoomDatabase类负责创建数据库实例并提供对DAO实例的访问。
51,15,数据访问对象 (DAO) 在房间中的作用是什么？,"[""定义数据库操作的SQL查询和方法"",""定义表架构"",""从架构生成表"",""提供对数据库的直接访问""]",0,Dao提供映射到SQL查询的方法，这些方法用于执行数据库操作，如插入、更新或检索数据。
51,16,存储库在房间数据库体系结构中的作用是什么？,"[""创建UI组件"",""直接访问SQLite数据库文件"",""管理数据库或web服务等数据源"",""提供对云数据库实例的直接访问""]",2,存储库模块处理像数据库这样的数据源，避免了UI控制器和viewmodel直接访问这些源的需要。
51,17,当房间数据库模式发生变化时，应该怎么做？,"[""重新安装整个应用程序"",""重新启动数据库服务器"",""更新应用程序UI"",""使用fallbackToDestructiveMigration()""]",3,当架构更改并且没有提供迁移策略时，可以使用fallbackToDestructiveMigration() 来自动处理更改。
51,18,哪个注释用于在Room中插入记录？,"[""@ 添加"",""@ Appennd"",""@ 插入"",""@ Update""]",2,@ Insert是一个方便的注释，允许将记录插入到数据库中，而无需编写显式的SQL insert语句。
51,19,哪个组件提供了与房间中的底层SQLite数据库的接口？,"[""数据访问对象 (DAO)"",""存储库"",""房间数据库"",""视图模型""]",2,Room数据库对象提供了SQLite数据库的接口，用于访问DAO实例。
51,20,使用哪种方法从房间数据库中删除记录？,"[""@ 删除"",""@ 删除"",""@ Unlink"",""@ Update""]",0,@ Delete是Room中的一个方便注释，允许从数据库中删除记录。
51,21,哪种方法用于获取房间数据库的实例？,"[""Room.connect()"",""Room.createDatabase()"",""Room.databaseBuilder()"",""Room.getInstance()""]",2,Room.databaseBuilder() 用于在Android应用程序中创建或检索房间数据库的实例。
51,22,以下哪一项是Room中的便利注释？,"[""@ Dao"",""@ 实体"",""@ 插入"",""@ Query""]",2,像 @ Insert这样的便利注释允许有空间来推断SQL语句，从而减少了编写显式SQL代码的需要。
51,23,为什么使用单个房间数据库实例很重要？,"[""启用多个dao"",""防止多个数据库连接"",""降低代码复杂性"",""简化用户界面创建""]",1,使用单个房间数据库实例可确保不会打开多个连接，这有助于管理资源和防止错误。
52,0,如何在UI中自动反映对数据库记录的更改？,"[""通过在UI中直接访问数据库。"",""通过在DAO中设置手动刷新方法。"",""通过将数据存储在SharedPreferences中。"",""通过使用 “livedata” 并在ViewModel中观察它。""]",3,LiveData允许UI观察更改，并在数据库中的数据更改时自动更新。
52,1,如何在RoomDemo项目中创建房间数据库实例？,"[""通过创建自定义SQL引擎。"",""通过直接实例化RoomDatabase类。"",""通过扩展RoomDatabase类并使用 'Room.databaseBuilder'。"",""通过编写原始SQL查询。""]",2,通过扩展RoomDatabase并使用Room.databaseBuilder方法来创建房间数据库实例。
52,2,DAO中的 “@ Insert'” 注释做什么？,"[""从数据库中删除记录。"",""执行自定义SQL查询。"",""在数据库中插入新记录。"",""更新数据库中的现有记录。""]",2,@ Insert注释用于使用Room持久性库将新记录插入到数据库中。
52,3,'fallbackToDestructiveMigration()'方法在房间里做什么？,"[""自动更新数据库架构而不会丢失数据。"",""在迁移之前备份数据库。"",""如果找不到迁移，则删除并重新创建数据库。"",""防止迁移期间的数据丢失。""]",2,fallbackToDestructiveMigration() 方法删除现有的数据库，并创建一个新的，如果迁移路径丢失。
52,4,'MainViewModelFactory' 类的目的是什么？,"[""创建房间数据库的实例。"",""定义自定义SQL查询。"",""管理数据库迁移。"",""为创建具有应用程序上下文的 “mainviewmodel” 实例提供工厂。""]",3,MainViewModelFactory用于创建MainViewModel实例，传递数据库操作所需的应用程序上下文。
52,5,在存储库中使用 “mutablelivedata” 的目的是什么？,"[""创建数据库数据的备份。"",""定义数据库表架构。"",""管理UI主题更改。"",""存储观察到的更新的搜索结果。""]",3,MutableLiveData在存储库中用于存储和观察搜索结果的更改，从而允许UI对这些更改做出反应。
52,6,使用Room数据库时，存储库类的作用是什么？,"[""抽象数据操作并与DAO交互。"",""创建UI组件。"",""管理API调用。"",""提供对数据库的直接访问。""]",0,存储库抽象数据操作，并充当ViewModel和DAO之间的中间层。
52,7,使用数据库检查器与运行的房间数据库应用程序应该做什么？,"[""连接到物理设备。"",""启用ProGuard设置。"",""在房间配置中启用调试模式。"",""在模拟器或连接的设备上运行应用程序。""]",3,当应用程序在模拟器或连接的设备上运行时，可以使用数据库检查器，允许检查和修改数据库内容。
52,8,哪个注释用于将类定义为房间中的实体？,"[""@ Dao"",""@ 数据库"",""@ 实体"",""@ 表""]",2,@ Entity注释用于指定类表示Room中的数据库实体 (表)。
52,9,Room中的哪个组件负责定义SQL查询？,"[""DAO"",""实体"",""存储库"",""视图模型""]",0,数据访问对象 (DAO) 是定义SQL查询和与房间数据库交互的方法的接口。
52,10,哪个组件通常负责管理基于房间的项目中的UI状态？,"[""DAO"",""数据库"",""存储库"",""视图模型""]",3,ViewModel管理UI状态，并充当存储库和UI之间的桥梁。
52,11,哪个函数用于防止在数据库操作期间阻塞主线程？,"[""AsyncTask()"",""Thread.sleep()"",""使用Dispatchers.IO启动 ()"",""runOnUiThread()""]",2,使用带有Dispatchers.IO的launch() 允许房间数据库操作在后台线程上运行，防止主线程被阻塞。
52,12,处理异步房间数据库查询需要哪个库？,"[""Coroutines"",""匕首"",""滑翔"",""改造""]",0,协程在RoomDemo项目中用于处理异步数据库操作，以避免阻塞主线程。
52,13,为什么在房间数据库查询中使用 “livedata”？,"[""以确保在主线程上执行查询。"",""处理数据库事务。"",""提高数据库性能。"",""观察并使用数据库更改自动更新UI。""]",3,LiveData允许UI观察数据库中的更改，并在基础数据更改时自动更新。
52,14,为什么避免在主线程上执行数据库操作很重要？,"[""启用调试功能。"",""以确保应用程序的UI保持响应。"",""提高网络性能。"",""以减少电池消耗。""]",1,在后台线程上执行数据库操作可确保UI不会因长时间运行的任务而无响应。
52,15,为什么 'autoGenerate = true' 与 '@ PrimaryKey' 注释一起使用？,"[""自动生成新记录的主键值。"",""自动创建实体类。"",""启用外键约束。"",""自动管理架构迁移。""]",0,设置autoGenerate = true允许房间数据库为表中的每个新记录自动生成唯一的ID。
53,0,如何导航到新的目的地？,"[""backStack.add()"",""backStack.mo veTo()"",""backStack.navigateTo()"",""backStack.push()""]",0,add() 方法将一个新的导航键推到返回堆栈上。
53,1,导航返回堆栈通常是如何创建的？,"[""NavBackStack.create()"",""NavigationStack()"",""新的BackStack()"",""rememberNavBackStack()""]",3,此函数创建并记住具有适当状态保留的NavBackStack实例。
53,2,如何在配置更改期间保留导航状态？,"[""通过NavKeys的自动序列化"",""使用保存的实例状态"",""通过ViewModel持久性"",""带房间数据库存储""]",0,可序列化的NavKeys允许后退堆栈恢复导航状态。
53,3,是什么决定了当前可见的目的地？,"[""具有最高优先级的条目"",""返回堆栈中的第一个条目"",""返回堆栈中最后添加的条目"",""最近访问的条目""]",2,堆栈中的顶部条目 (最近添加的) 始终是当前目标。
53,4,如果您尝试使用空的返回堆栈会发生什么？,"[""发生运行时异常"",""该应用程序关闭"",""该应用程序显示一个空白屏幕"",""主屏幕自动加载""]",0,空的后退堆栈无效，将引发异常。
53,5,当应用程序首次启动时，家庭目的地会发生什么？,"[""它被缓存以便快速访问"",""它已加载但未添加到堆栈"",""它只在用户交互后显示"",""它被推到一个空的堆栈""]",3,当应用程序启动时，主目标将成为返回堆栈中的第一个条目。
53,6,当你调用backStack.removeLastOrNull() 时会发生什么？,"[""清除整个后退堆栈"",""向前导航到下一个目的地"",""删除当前目标或返回null"",""重新启动应用程序""]",2,此方法从堆栈中弹出顶部目标，触发向后导航。
53,7,Jetpack Compose中导航3库的主要目的是什么？,"[""处理网络请求"",""管理数据库操作"",""优化应用程序性能"",""简化屏幕导航的实现""]",3,Navigation 3提供了一种结构化架构，用于管理Android应用中可组合目的地之间的导航。
53,8,NavDisplay中entryProvider的用途是什么？,"[""定义可用的导航目标"",""处理权限请求"",""管理网络连接"",""优化渲染性能""]",0,entryProvider DSL块声明所有可能的导航条目及其密钥和内容。
53,9,NavEntry中的元数据属性的目的是什么？,"[""配置过渡动画"",""定义辅助功能标签"",""将其他数据传递到目标"",""存储analytics数据""]",2,元数据提供了一种通过键值对向目标发送额外信息的方法。
53,10,导航栏和导轨之间的视觉区别是什么？,"[""酒吧有图标，铁路有文字"",""酒吧在顶部，铁路在底部"",""Bar是手机，rail是可穿戴设备"",""酒吧是水平的，铁路是垂直的""]",3,导航栏水平显示在底部，而导轨垂直显示在侧面。
53,11,导航键必须实现什么？,"[""NavKey接口"",""Parcelable接口"",""路由接口"",""可序列化接口""]",0,导航键必须符合NavKey接口，并且通常可序列化以恢复状态。
53,12,什么跟踪用户通过应用程序目标的路径？,"[""NavHistory"",""导航返回堆栈"",""PathTracker"",""RouteMapper""]",1,当用户在应用程序中导航时，后退堆栈维护目的地的顺序。
53,13,NavDisplay的onBack回调接收什么类型的参数？,"[""指示成功的布尔值"",""没有 (它是一个无参数的lambda)"",""当前目标键"",""上一个目标键""]",1,onBack回调是一个处理向后导航逻辑的简单lambda。
53,14,您将在哪里定义目的地的可组合内容？,"[""作为参数rememberNavBackStack()"",""在单独的NavigationContent类中"",""在NavKey声明中"",""在entryProvider中的条目块内""]",3,每个条目将NavKey与其对应的可组合内容相关联。
53,15,在撰写应用程序中，您通常会在哪里放置导航逻辑？,"[""直接在UI composables中"",""在ViewModel或state holder中"",""在特定于导航的服务中"",""在活动课""]",1,导航逻辑通常在ViewModel中进行管理，以将关注点与UI分开。
53,16,导航键通常使用哪种注释？,"[""@ 目的地"",""@ NavigationKey"",""@ Parcelize"",""@ Serializable""]",3,导航键应可序列化以保持状态。
53,17,哪个composable负责显示当前导航目的地？,"[""NavDisplay"",""NavHost"",""NavRenderer"",""NavigationContainer""]",0,NavDisplay根据后退堆栈中的当前顶部条目显示内容。
53,18,您将使用哪种类型的导航键将数据传递到目的地？,"[""数据类"",""数据对象"",""枚举类"",""密封等级""]",0,数据类可以具有构造函数参数来传递数据，而数据对象则不能。
54,0,如何避免将同一目的地的多个实例推送到返回堆栈上？,"[""每次创建一个新的NavHostController实例。"",""在目标可组合对象中禁用重新组合。"",""在navigate() 方法中将launchSingleTop设置为true。"",""使用导航控制器的replaceTop() 方法。""]",2,将launchSingleTop设置为true可确保仅将目标的单个实例保留在后退堆栈的顶部，从而防止重复实例。
54,1,如何在撰写导航中的目的地之间传递参数？,"[""通过为每个目标创建一个新的NavHost实例。"",""通过在路由定义中包含参数并通过backStackEntry访问它。"",""通过直接在目标可组合函数中传递参数。"",""仅使用Bundle对象。""]",1,可以通过将参数添加到导航图形中的路线定义并在到达目的地时通过backStackEntry访问它们来传递参数。
54,2,使用BottomNavigation时，如何确保后退导航返回到起始目的地？,"[""通过为每个导航创建NavHostController的新实例。"",""通过禁用后退按钮功能。"",""通过将navController设置为始终在主路线上开始。"",""通过使用popUpTo() 方法和findStartDestination() 选项。""]",3,将popUpTo() 与findStartDestination() 一起使用可确保返回导航重置到开始目的地，从而保持一致的导航流。
54,3,如何在Compose中定义导航图形？,"[""通过直接在MainActivity类中添加目的地。"",""通过创建NavGraphController的新实例。"",""通过在配置文件中列出路由。"",""通过使用NavHost并在其中指定目标。""]",3,在NavHost中定义了Compose中的导航图形，其中列出了不同的路由及其对应的目标可组合。
54,4,NavHost在撰写导航中代表什么？,"[""显示错误消息的UI组件。"",""存储用户导航历史记录的组件。"",""应用程序导航目标的占位符。"",""处理后台更新的服务。""]",2,NavHost是一个组件，它充当充当导航目的地的不同组合的占位符，允许用户在它们之间移动。
54,5,NavType枚举有助于指定什么？,"[""在屏幕转换过程中使用的动画。"",""导航返回堆栈的大小。"",""要应用于NavHost的主题。"",""在目标之间传递的参数的类型。""]",3,NavType用于指定在目标之间传递的参数的数据类型，如Int、String或Boolean。
54,6,使用popUpTo() 方法和inclusive选项的常见用例是什么？,"[""为导航创建新的NavHost。"",""在导航过程中包括新的动画。"",""向前导航而不添加到后退堆栈。"",""将指定的目标从堆栈以及其上方的所有目标中弹出。""]",3,带有popUpTo() 的inclusive选项会弹出指定的目的地及其上方的任何目的地，这对于清除堆栈直到某个点很有用。
54,7,在撰写导航的上下文中，什么是目的地？,"[""管理用户输入的UI组件。"",""初始化导航控制器的函数。"",""用户在应用程序内导航到的屏幕或组合。"",""在Android应用程序的后台运行的服务。""]",2,在撰写导航中，目的地是指用户可以导航到的屏幕或可撰写的内容，例如主屏幕或详细信息屏幕。
54,8,当与navigate() 方法一起使用时，popUpTo() 方法的功能是什么？,"[""更改目标可组合的主题。"",""暂停导航控制器。"",""刷新当前可组合的内容。"",""从后退堆栈中删除所有组合，直到到达特定目标。""]",3,popUpTo() 方法允许您将备份堆栈清除到指定的目的地，从而确保更流畅的后退导航体验。
54,9,在导航中使用launchSingleTop参数的主要好处是什么？,"[""它确保在堆栈顶部仅创建目标的单个实例。"",""它在顶部启动目标的多个实例。"",""它在导航之前重置整个后退堆栈。"",""它触发过渡之间的动画。""]",0,launchSingleTop可防止在彼此之上创建同一目标的多个实例，从而确保更干净的后退堆栈。
54,10,NavHostController的主要作用是什么？,"[""来管理导航操作和后退堆栈。"",""执行后台数据同步。"",""以呈现应用程序的UI组件。"",""安全地存储用户数据。""]",0,NavHostController负责管理导航操作、处理返回堆栈和确定当前目标。
54,11,在定义路由的上下文中，密封类的目的是什么？,"[""定义表示路由字符串的常量。"",""异步处理网络请求。"",""管理UI主题和样式。"",""安全地存储用户凭据。""]",0,使用密封类允许开发人员将路由定义为常量，从而提供一种集中且更安全的方式来管理路由字符串并确保编译时检查。
54,12,导航中saveState和restoreState选项的目的是什么？,"[""在导航过程中对屏幕过渡进行动画处理。"",""在导航期间自动保存和恢复目的地的状态。"",""在应用程序会话之间缓存用户数据。"",""启用或禁用导航手势。""]",1,这些选项有助于保留返回堆栈条目的状态，确保当用户返回到目的地时，其状态保持不变。
54,13,在导航图中使用路线的目的是什么？,"[""定义数据库的数据架构。"",""管理后台任务和服务。"",""来设置应用程序的UI组件的样式。"",""在导航图形中唯一标识每个目的地。""]",3,路由用于为NavHost中的每个目的地提供唯一标识符，从而允许导航控制器准确地引用目的地。
54,14,在Compose中，什么类型的组件通常用于底部导航？,"[""BottomAppBar和nav抽屉"",""BottomNavigation和BottomNavigationItem"",""BottomSheet和NavGraph"",""NavBar和NavController""]",1,BottomNavigation和BottomNavigationItem用于在撰写中创建和配置底部导航栏。
54,15,哪个函数用于创建NavHostController？,"[""createNavController()"",""instantiateNavController()"",""rememberNavController()"",""rememberNavHost()""]",2,rememberNavController() 函数创建一个NavHostController，确保导航返回堆栈的状态在重组中保持不变。
54,16,哪种方法用于获取Compose中的当前返回堆栈条目？,"[""currentBackStack()"",""currentBackStackEntryAsState()"",""getBackStackEntry()"",""navController.getCurrentEntry()""]",1,currentBackStackEntryAsState() 方法返回当前的返回堆栈条目，允许您访问当前路由等详细信息。
54,17,以下哪一项最恰当地描述了NavHost？,"[""管理多个后台服务的UI组件。"",""管理不同可组合对象之间导航的容器。"",""数据库管理类。"",""用于处理UI更新的状态管理工具。""]",1,NavHost作为一个容器，管理应用程序中不同组合之间的导航，使其成为导航架构的核心部分。
54,18,为什么建议对路由使用密封类？,"[""它会自动管理返回堆栈操作。"",""它增强了应用程序的运行时性能。"",""它有助于集中路由字符串，并确保编译时安全。"",""这是在Compose中定义路由的唯一方法。""]",2,使用路由的密封类可以在一个地方更好地管理路由字符串，减少由于错误输入的路由而导致的错误。
54,19,为什么在底部导航中使用currentBackStackEntryAsState() 方法？,"[""为底部栏过渡设置动画。"",""以确定当前选定的导航项目。"",""从远程服务器获取数据。"",""刷新整个导航堆栈。""]",1,currentBackStackEntryAsState() 用于访问当前路由，允许应用程序在底部导航栏中突出显示所选项目。
55,0,目的地屏幕通常是如何组织的？,"[""作为片段"",""作为单独的可组合函数"",""在导航图形中"",""在密封的类层次结构中""]",1,每个目的地通常是基于选择状态显示的独立组合。
55,1,导航项通常如何在NavigationSuiteScaffold中定义？,"[""在单独的XML资源文件中"",""使用密封的类层次结构"",""通过navigationSuiteItems中的item() 函数"",""使用 @ NavigationItem批注""]",2,通过在navigationSuiteItems lambda中调用item()，提供图标、标签和单击处理程序来创建项。
55,2,如何自定义导航项目颜色？,"[""通过XML颜色资源"",""使用NavigationSuiteDefaults.itemColors()"",""通过主题属性"",""带有 @ Style注释""]",1,itemColors() 为不同的状态 (选定/未选定) 和布局类型配置颜色。
55,3,如何在视觉上指示所选导航项目？,"[""以上所有"",""由脚手架自动"",""通过选定的参数"",""通过状态驱动的样式""]",0,通过触发内置突出显示的选定参数来管理选择。
55,4,indicatorColor自定义什么？,"[""图标色调颜色"",""文本标签颜色"",""内容背景"",""选择突出显示""]",3,indicatorColor更改选定项的可视标记。
55,5,什么枚举通常代表导航目的地？,"[""数据类层次结构"",""密封类"",""具有图标/标签属性的枚举"",""字符串常量""]",2,枚举可方便地对目标属性 (如标签、图标和内容描述) 进行分组。
55,6,当屏幕变窄时，导航轨会发生什么情况？,"[""它转换为底部栏"",""它完全隐藏"",""它显示为一个覆盖"",""它缩小到仅图标模式""]",0,脚手架在轨道 (宽) 和杆 (窄) 布局之间自动切换。
55,7,点击导航项目时会发生什么？,"[""它会自动导航到链接的屏幕"",""它展开以显示子项"",""它显示一个上下文菜单"",""其onClick处理程序更新选择状态""]",3,onClick处理程序通常更新驱动选择突出显示和内容显示的状态变量。
55,8,NavigationSuiteScaffold的主要目的是什么？,"[""处理网络请求"",""实现适应性强的导航栏/导轨"",""管理数据库操作"",""优化应用程序性能""]",1,NavigationSuiteScaffold提供了一个用于实现导航的框架，该框架可根据屏幕大小自动在条形和导轨布局之间进行调整。
55,9,什么参数强制特定的布局类型，而不管屏幕大小？,"[""forceLayout"",""布局类型"",""导航模式"",""preferredStyle""]",1,layoutType参数重写自适应行为以使用特定的NavigationSuiteType (Bar、Rail或Drawer)。
55,10,什么参数将使所有标签始终可见？,"[""alwaysShowLabel"",""expandedText"",""persistentLabels"",""showLabels""]",0,将alwaysShowLabel设置为true可防止标签在紧凑模式下隐藏。
55,11,测试适应性行为的最佳方法是什么？,"[""可调整大小的仿真器"",""以上所有"",""多设备测试"",""单元测试""]",0,可调整大小的仿真器可以动态显示各种形式因素的布局变化。
55,12,Remembersavable对于选择状态的目的是什么？,"[""启用撤消功能"",""跨配置更改保持"",""保存到SharedPreferences"",""与ViewModel同步""]",1,Remembersavable在配置更改 (如旋转) 期间保留状态。
55,13,哪个组件显示导航项目的实际图标？,"[""图像"",""NavigationIcon"",""图标可组合"",""VectorAsset""]",2,图标参数包装一个可组合的图标，显示矢量资源。
55,14,哪个组件显示所选目的地的内容？,"[""目标窗格"",""NavHost"",""NavigationContent"",""NavigationSuiteScaffold中的内容lambda""]",3,内容参数lambda根据当前选择状态显示不同的可组合体。
55,15,NavigationSuiteScaffold在窄屏幕上默认使用哪种布局？,"[""浮动操作菜单"",""导航栏"",""导航抽屉"",""导航轨道""]",1,在人像手机这样的窄屏幕上，它默认为底部导航栏。
55,16,正在逐步淘汰哪种布局类型？,"[""底部应用程序栏"",""导航栏"",""导航抽屉"",""导航轨道""]",2,在未来的材料3更新中，抽屉样式将被可扩展的导轨取代。
55,17,NavigationSuiteScaffold需要哪个库依赖项？,"[""androidx.com姿势.基础"",""androidx.navigation.com姿势"",""material3-adaptive-navigation-suite"",""material3-window-size-class""]",2,该库提供NavigationSuiteScaffold可组合和相关组件。
55,18,哪个参数控制内容区域的背景颜色？,"[""背景颜色"",""containerColor"",""内容背景"",""表面颜色""]",1,containerColor设置基架内容区域的背景色。
55,19,哪个属性跟踪当前选定的目的地？,"[""状态变量"",""当前目的地"",""navController"",""selectedItem""]",0,状态变量 (如remembersavableable) 跟踪选择并在更改时触发重组。
56,0,如何为composable启用水平和垂直滚动？,"[""通过组合verticalScroll() 和horizontalScroll()"",""通过使用嵌套的scrollable() 修饰符"",""通过使用detectdraghestures ()"",""通过使用scrollable() 为每个方向""]",0,要启用水平和垂直滚动，您可以将verticalScroll() 和horizontalScroll() 及其各自的状态应用于可组合。
56,1,如何在模拟器中模拟多点触控手势？,"[""通过双击屏幕"",""通过启用开发人员选项"",""拖动时按住Ctrl或Cmd键"",""通过使用带有滚轮的鼠标""]",2,在模拟器中，您可以在使用鼠标拖动的同时按住Ctrl (或macOS上的Cmd) 键来模拟多点触控手势。
56,2,使用transformable() 修饰符时如何应用缩放状态？,"[""通过向可组合的"",""通过调整可组合的size属性"",""通过更改可组合的颜色"",""通过更新graphicsLayer属性""]",3,在transformable() 修改器中，通过调整graphicsLayer属性 (如scaleX和scaleY) 来应用缩放更改。
56,3,rememberTransformableState中的offset change参数表示什么？,"[""旋转的角度"",""组件已缩放的距离"",""新的背景颜色"",""来自平移的x和y位置调整""]",3,rememberTransformableState中的offset change参数在转换可组合对象时跟踪x和y位置的变化。
56,4,Detectdraghestures () 中的offset参数表示什么？,"[""拖动元素的颜色"",""拖动的当前x和y偏移值"",""与屏幕边缘的距离"",""可组合的大小""]",1,在detectdraghestures () 中，偏移量表示沿x和y轴拖动元素的距离。
56,5,应该使用什么功能来在重组中保留手势的状态？,"[""mutableStateOf()"",""pointerInput()"",""记住 ()"",""rememberDraggableState()""]",2,remember() 函数用于跨重组保留对象的状态，这对于跟踪手势状态很重要。
56,6,使用transformable() 修饰符检测翻译手势需要什么？,"[""设置旋转参数"",""跟踪偏移更改"",""更新背景颜色"",""使用draggable() 修饰符""]",1,对于平移检测，您必须使用transformable() 修饰符来跟踪偏移更改，以调整可组合的位置。
56,7,在Jetpack Compose中处理多方向拖动手势需要什么？,"[""可点击 ()"",""Detectdrag手势 ()"",""可拖动 ()"",""可滚动 ()""]",1,Detectdraghestures () 通过提供对水平和垂直偏移更改的访问，允许在多个方向上处理拖动手势。
56,8,修饰符的目的是什么。在Jetpack Compose中可点击？,"[""检测多点触控手势"",""检测捏合和缩放手势"",""检测简单的点击手势"",""检测滑动""]",2,修饰符.clickable用于检测简单的单击手势或可组合元素上的点击。
56,9,TransformableState在transformable() 修饰符中的作用是什么？,"[""检测单击手势"",""管理拖动状态"",""存储颜色更改"",""跟踪缩放、旋转和偏移更改的步骤""]",3,TransformableState用于在处理多点触控手势 (如捏合和旋转) 时跟踪缩放 (缩放) 、旋转和位置的变化。
56,10,什么参数与scrollable() 一起使用来确定滚动方向？,"[""轴"",""方向"",""方向"",""比例尺""]",2,scrollable() 修饰符中的Orientation参数确定滚动是垂直还是水平发生。
56,11,Jetpack Compose中使用了哪个功能来检测各种点击手势？,"[""可点击 ()"",""detectTapGestures()"",""onTap()"",""pointerInput()""]",1,PointerInputScope中的detecttaphestures () 函数允许检测不同的点击手势，如onPress、onTap、onLongPress和onDoubleTap。
56,12,哪种手势检测方法允许连续跟踪触摸运动？,"[""可点击 ()"",""Detectdrag手势 ()"",""可滚动 ()"",""可转换 ()""]",1,Detectdraghestures () 提供对触摸运动的连续跟踪，使其适用于在屏幕上拖动等手势。
56,13,哪种手势检测方法允许跟踪捏合和缩放手势？,"[""可点击 ()"",""detectTapGestures()"",""可拖动 ()"",""可转换 ()""]",3,transformable() 修饰符用于检测Jetpack Compose中的捏合、缩放和旋转手势。
56,14,哪一种手势检测方法不限于单一方向？,"[""Detectdrag手势 ()"",""可拖动 ()"",""可滚动 ()"",""垂直滚动 ()""]",0,Detectdraghestures () 可以处理水平和垂直拖动手势，这与scrollable() 不同，后者仅限于一个方向。
56,15,哪个手势通常用于在UI中放大或缩小？,"[""双击"",""拖动"",""长按"",""捏""]",3,涉及移动两个手指靠近或分开的捏合手势通常用于放大或缩小内容。
56,16,哪种方法用于在Compose中创建滚动状态？,"[""rememberDraggableState()"",""rememberScrollState()"",""rememberScrollableState()"",""rememberTransformableState()""]",1,rememberScrollState() 函数用于创建可与verticalScroll() 和horizontalScroll() 修饰符一起使用的滚动状态。
56,17,使用哪种方法来创建一个有状态的对象来检测手势，如点击和滑动？,"[""mutableStateOf"",""记住"",""rememberDraggableState"",""rememberScrollableState""]",1,remember函数用于创建有状态对象，这些对象在重组中保留其状态，这对于管理与手势相关的状态很有用。
56,18,哪个修改器通常用于实现垂直列表中的滚动行为？,"[""可拖动 ()"",""pointerInput()"",""可滚动 ()"",""垂直滚动 ()""]",3,verticalScroll() 修饰符通常用于在垂直列表或布局中实现滚动行为。
56,19,哪个修饰符用于检测Jetpack Compose中特定方向的拖动手势？,"[""可点击 ()"",""可拖动 ()"",""pointerInput()"",""可滚动 ()""]",1,draggable() 修饰符检测水平或垂直方向上的拖动手势，允许用户沿指定轴拖动元素。
56,20,哪个修饰符用于使组件响应用户滚动？,"[""可点击 ()"",""pointerInput()"",""可滚动 ()"",""滚动 ()""]",2,scrollable() 修饰符允许composable响应指定方向 (水平或垂直) 上的用户滚动手势。
56,21,您将使用graphicsLayer的哪个属性来旋转可组合？,"[""角片"",""rotationX"",""旋转"",""旋转""]",3,graphicsLayer中的rotationZ属性用于将旋转应用于围绕Z轴的composable。
57,0,buffer() 操作符如何提高流的效率？,"[""通过允许生产者在不等待消费者的情况下发出值"",""通过确保按顺序收集所有值"",""通过限制收集器的数量"",""通过将数据转换为列表""]",0,buffer() 运算符允许生产者继续发射值，而消费者处理先前发射的值，从而提高流程的整体效率。
57,1,Kotlin流的三个主要组成部分是什么？,"[""发射器、收集器、过滤器"",""生产者、收藏家、中间商"",""生产者、中间商、消费者"",""源、接收器、处理器""]",2,在Kotlin流中，生产者发出值，中介可以转换或过滤这些值，消费者收集流发出的值。
57,2,当与Jetpack Compose中的流一起使用时，collectAsState() 函数做什么？,"[""将流转换为LiveData实例"",""将流转换为可以在Compose中使用的状态"",""启动流的producer块"",""在收集之前转换流的数据""]",1,collectAsState() 允许将流数据转换为状态对象，使其更易于在Jetpack Compose中使用。
57,3,flatMapConcat() 操作符在流中做什么？,"[""同步连接每个流的排放"",""过滤掉不需要的值"",""将所有流合并到单个流中"",""将每个发出的值转换为不同的数据类型""]",0,flatMapConcat() 运算符按顺序收集多个流的排放，确保同步处理每个流的排放。
57,4,map() 操作符在Kotlin流中做什么？,"[""它延迟了值的发出。"",""它过滤掉不需要的值。"",""它将多个流合并为一个流。"",""它将每个发出的值转换为新值。""]",3,map() 运算符允许您在收集流之前转换流发出的每个值。
57,5,MutableSharedFlow中的replay参数做什么？,"[""控制每个流的最大持续时间。"",""确定应将多少个值重播给新订阅者。"",""设置流量排放的优先级。"",""指定发射之间的时间。""]",1,replay参数定义当新收集器订阅SharedFlow时，应将多少以前发出的值发送给新收集器。
57,6,当使用collect() 函数收集流时会发生什么？,"[""它会立即取消流量。"",""它将流转换为状态对象。"",""它处理流中所有发出的值。"",""它将流转换为LiveData对象。""]",2,collect() 函数启动流收集过程，并按照接收到的顺序处理每个发出的值。
57,7,在map() 上使用transform() 运算符的主要优势是什么？,"[""它允许为每个输入值发出多个值。"",""它会自动过滤掉null值。"",""它比map() 快。"",""它更具可读性。""]",0,transform() 运算符提供了更大的灵活性，允许您为每个输入发出多个值，而map() 仅将每个值转换为单个新值。
57,8,Kotlin流解决的挂起函数的关键限制是什么？,"[""它们仅适用于不返回结果或返回单个值的任务。"",""它们在执行期间阻塞主线程。"",""它们只能与coroutines一起使用。"",""它们不能同时执行任务。""]",0,Kotlin流旨在处理需要从基于协程的任务返回多个顺序结果的情况，这与suspend函数不同，后者仅限于返回单个值。
57,9,StateFlow和SharedFlow有什么区别？,"[""SharedFlow是生命周期感知的，但StateFlow不是。"",""StateFlow可以重放值，但SharedFlow不能。"",""StateFlow需要初始值，而SharedFlow不需要。"",""StateFlow支持多个收集器，而SharedFlow不支持。""]",2,StateFlow需要初始值，因为它用于管理状态更改，而SharedFlow可以在没有初始值的情况下启动。
57,10,流中zip() 运算符的主要用途是什么？,"[""通过等待对来组合来自多个流的值"",""将多个流中的值连接成一个"",""根据条件筛选出值"",""将值映射到新类型""]",0,zip() 运算符等待来自两个流的值可用，然后将它们配对并发出组合结果。
57,11,Kotlin流中emit() 函数的作用是什么？,"[""从流中收集数据"",""定义流的生命周期"",""将值从producer发送到流"",""转换流发出的数据""]",2,在producer块中使用emit() 函数将值发送到流中。
57,12,SharedFlow考虑的是什么类型的流？,"[""冷流"",""热流"",""有状态流"",""单向流""]",1,SharedFlow是一个热流，这意味着它在创建后立即开始发出值，而不管它是否有任何订阅者。
57,13,哪个流生成器用于将一组固定的值转换为流？,"[""asFlow()"",""emit()"",""流量 ()"",""flowOf()""]",3,flowOf() 构建器用于从一组固定的值创建流。
57,14,如果要在新值到达时取消正在进行的收集，应使用哪个流运算符？,"[""collectLatest()"",""conflate()"",""折叠 ()"",""zip()""]",0,collectLatest() 在新值到达时取消正在进行的工作，确保只处理最新的数据。
57,15,哪个函数用于将冷流转换为热流？,"[""asSharedFlow()"",""asStateFlow()"",""launchIn()"",""股份制 ()""]",3,shareIn() 函数用于将冷流转换为热流，允许它甚至在任何收集器订阅之前就开始发出值。
57,16,关于Kotlin流，以下哪项陈述是正确的？,"[""它们允许随时间顺序返回多个值。"",""它们只能用于同步任务。"",""它们不能与Jetpack Compose一起使用。"",""它们需要多个线程来执行。""]",0,Kotlin流被设计为随着时间的推移发出一系列值，使其适用于异步数据流。
57,17,哪个运算符可用于过滤Kotlin流中的值？,"[""asFlow()"",""收集 ()"",""筛选器 ()"",""地图 ()""]",2,filter() 运算符用于根据给定条件包含或排除值。
57,18,如果您需要组合两个流的最新值，只要它们中的任何一个发出新值，您会使用哪个运算符？,"[""collectLatest()"",""联合收割机 ()"",""flatMapConcat()"",""zip()""]",1,combine() 运算符合并来自两个流的值，只要它们中的任何一个发出新值，使用每个流的最新值。
57,19,如果新的中间值在处理前一个值之前到达，哪个终端流操作员会丢弃中间值？,"[""收集 ()"",""collectLatest()"",""conflate()"",""减少 ()""]",1,collectLatest() 运算符在新值到达时取消正在进行的收集，确保只处理最新的值。
58,0,SharedFlow如何处理多个收集器？,"[""所有收集器共享相同的数据流。"",""收集器仅接收最新发出的值。"",""每个收集器接收不同的数据流。"",""一次只允许一个收集器。""]",0,SharedFlow允许多个收集器共享相同的数据流，这意味着所有活动收集器将接收相同的发出值。
58,1,使用SharedFlow时，应用程序如何处理配置更改，例如设备旋转？,"[""清除ViewModel，并创建一个新实例。"",""活动重新启动，但流暂停。"",""流继续而不重新开始，保持其状态。"",""流重新启动并失去其状态。""]",2,由于SharedFlow驻留在ViewModel中，因此即使在配置更改 (如设备旋转) 后，它也会保留其状态并继续发出值。
58,2,SharedFlow emit方法做什么？,"[""将SharedFlow转换为StateFlow"",""将新值发出到SharedFlow中"",""启动流收集"",""终止流""]",1,在协程线中使用emit方法将新值发送到SharedFlow中，然后可以由任何订阅者收集。
58,3,MutableSharedFlow控制中的onBufferOverflow参数是什么？,"[""当缓冲区已满时，流如何处理新值"",""流的排放延迟"",""SharedFlow的初始值"",""收集器的最大数量""]",0,onBufferOverflow参数定义SharedFlow在其缓冲区已满时的行为方式，例如丢弃最旧或最新的值或挂起直到空间可用。
58,4,如果在SharedFlow收集器处理以前的值时发出新值，会发生什么情况？,"[""集合停止并重新启动。"",""流挂起，直到处理前一个值。"",""新值将被丢弃。"",""新值在缓冲区中等待。""]",3,SharedFlow支持缓冲，这意味着新值可以在缓冲区中等待，直到收集器准备好处理它们。
58,5,当应用程序放置在后台而不使用repeatOnLifecycle时会发生什么？,"[""ViewModel被销毁。"",""即使应用程序在后台，收集仍在继续。"",""当应用恢复时，流从初始值重新开始。"",""流停止发出值。""]",1,在不使用repeatOnLifecycle的情况下，即使应用程序处于后台，流收集也会继续，这可能会导致效率低下，因为它会更新不可见的UI。
58,6,如果没有配置，SharedFlow的默认重播行为是什么？,"[""不重播任何值"",""重播所有值"",""仅重播第一个值"",""重播最后发出的值""]",0,默认情况下，SharedFlow不重播任何值。必须使用Replay参数显式配置重播行为。
58,7,使用repeatOnLifecycle进行流收集的主要优势是什么？,"[""它允许流收集无限期地继续。"",""它允许单个流的多个收集器。"",""它使流不可变。"",""它根据生命周期状态启动和停止收集。""]",3,repeatOnLifecycle用于在应用程序生命周期状态更改时 (例如，当应用程序在前台和后台之间移动时) 自动启动和停止流收集。
58,8,在提供的教程中使用SharedFlow的主要目的是什么？,"[""从ViewModel发出顺序整数值并在UI中收集它们"",""在Android中处理生命周期事件"",""在撰写应用程序中管理UI状态"",""在ViewModel中替换LiveData""]",0,本教程使用SharedFlow每两秒从ViewModel发出整数值，然后将其收集在主活动中显示在列表中。
58,9,教程中的viewModelScope的目的是什么？,"[""处理应用程序中的配置更改"",""启动与ViewModel的生命周期相关的协联"",""管理屏幕之间的导航"",""在可组合函数中管理UI状态""]",1,viewModelScope用于在ViewModel内启动协联。这可确保在清除ViewModel时自动取消协联。
58,10,哪个函数用于创建可收集的SharedFlow实例？,"[""MutableSharedFlow()"",""MutableStateFlow()"",""SharedFlow()"",""flowOf()""]",0,MutableSharedFlow() 用于创建可以发出值的可变实例，然后使用asSharedFlow() 方法将其公开为SharedFlow。
58,11,当应用程序在后台时，哪个函数用于停止收集值？,"[""收集 ()"",""launchIn()"",""observeAsState()"",""repeatOnLifecycle()""]",3,repeatOnLifecycle() 用于确保流收集在应用程序达到某个生命周期状态 (例如，已启动) 时开始，并在生命周期状态更改时停止 (例如，当应用程序在后台时)。
58,12,哪个生命周期状态与repeatOnLifecycle一起使用以开始收集SharedFlow？,"[""Lifecycle.State.CREATED"",""Lifecycle.State.INITIALIZED"",""生命周期.状态.恢复"",""Lifecycle.State.STARTED""]",3,Lifecycle.State.STARTED与repeatOnLifecycle一起使用，以便在应用程序可见时开始收集流，并在应用程序移动到后台时停止收集。
58,13,为什么在收集SharedFlow时使用LaunchedEffect？,"[""将流转换为LiveData"",""确保集合与可组合的生命周期相关联"",""在屏幕旋转时重新启动流程"",""在收集期间暂停流""]",1,LaunchedEffect确保在可组合的生命周期内管理流集合，在可组合进入和退出组合时启动和停止集合。
58,14,为什么使用asSharedFlow() 函数？,"[""将StateFlow转换为SharedFlow"",""将MutableSharedFlow公开为只读SharedFlow"",""重置SharedFlow"",""开始从SharedFlow发出值""]",1,asSharedFlow() 函数用于将MutableSharedFlow转换为只读SharedFlow，确保可以观察到该流而无需外部修改。
59,0,如何从ImagenGenerationResponse访问生成的图像？,"[""作为images属性中的ImagenInlineImage对象的列表"",""通过解码响应中的Base64字符串"",""通过单独的Firebase存储下载"",""通过text属性""]",0,Imagenenerationresponse的images属性包含表示生成的图像的ImagenInlineImage实例。
59,1,Android应用程序如何保持多个AI交互之间的上下文？,"[""通过在本地缓存响应并重用它们"",""通过使用startChat() 启动聊天会话"",""通过在generativeModel() 调用中设置上下文标志"",""通过对所有请求使用相同的内容对象""]",1,聊天会话 (通过startChat() 创建) 保留消息之间的上下文，这与独立的generateContent() 调用不同。
59,2,ImagenGenerationConfig中的negativePrompt属性有什么作用？,"[""更积极地阻止不适当的内容"",""防止模型生成具有某些元素的图像"",""反转主提示的含义"",""指定生成反转颜色图像的提示""]",1,negativePrompt属性从生成的图像中排除特定元素 (例如，没有狗或汽车)。
59,3,如果Imagen的personFilterLevel设置为BLOCK_ALL会发生什么？,"[""允许儿童的图像，但成人被阻止"",""不生成包含任何年龄的人的图像"",""生成的图像中只允许使用卡通人物"",""该模型拒绝所有图像生成请求""]",1,BLOCK_ALL防止生成包含人的图像，无论年龄大小。
59,4,在Gemini AI的上下文中，什么是多模式输入内容？,"[""单个文本字符串输入"",""由多个AI模型同时生成的内容"",""包含多种语言的内容"",""组合不同数据类型 (例如，文本、图像、视频) 的输入""]",-1,说明:
59,5,generateContent() 和generateContentStream() 之间的主要区别是什么？,"[""generateContent() 是免费的，而generateContentStream() 需要计费"",""generateContent() 支持多模式输入，而generateContentStream() 不支持"",""generateContentStream() 仅适用于顶点AI API"",""generateContentStream() 作为流增量返回响应，而generateContent() 返回单个响应""]",3,generateContentStream() 方法提供响应流，用于在继续处理时显示早期结果。
59,6,使用Gemini Flash比Gemini Pro的主要优势是什么？,"[""它可以从文本输入生成视频"",""它在生成文本结果时更具成本效益"",""它提供实时交互功能"",""它支持比Gemini Pro更多的输入类型""]",1,Gemini Flash是一种经济高效的模型，用于响应各种输入生成文本结果。
59,7,Imagen模型的主要功能是什么？,"[""从文本描述创建图像"",""生成对复杂查询的文本响应"",""提供与AI的实时交互"",""转录音频和视频输入""]",0,Imagen模型根据文本提示生成图像。
59,8,使用Google的工具将AI集成到Android应用程序中的主要目的是什么？,"[""使用文本、图像和视频生成等AI功能增强应用功能"",""使应用程序独立于internet连接"",""在不添加功能的情况下降低应用开发成本"",""完全取代人类开发人员""]",0,Google提供了将AI集成到应用程序中的工具和api，支持文本生成、视频分析和图像生成等功能。
59,9,哪种Gemini模型最适合解决涉及大数据量的复杂问题？,"[""双子座闪光灯"",""双子座Flash Live"",""双子座Pro"",""意象""]",2,Gemini Pro是最强大的模型，用于生成对复杂问题或大数据量的快速准确响应。
59,10,哪个ImagenSafetyFilterLevel设置应用了最严格的可选内容过滤器？,"[""BLOCK_ALL"",""Block_low_and_a及以上"",""块_媒体_和_以上"",""BLOCK_ONLY_HIGH""]",1,Block_low_and_boning强制执行严格的过滤，阻止更多的请求，但最大限度地减少不良内容。
59,11,建议使用哪种Kotlin构造来有效地创建具有多个输入的内容对象？,"[""Kotlin DSL构建器 (内容 {} 块)"",""密封的类层次结构"",""传统的Java风格的构建器模式"",""直接构造函数初始化""]",0,Kotlin DSL builder (content {}) 是创建具有多个输入的内容对象的更有效方法。
59,12,哪个方法将ImagenInlineImage转换为可用的位图格式？,"[""asBitmap()"",""decodeImage()"",""renderBitmap()"",""toBitmap()""]",0,在ImagenInlineImage实例上调用asBitmap() 将其转换为应用程序中使用的位图。
59,13,使用哪种方法在Kotlin中创建生成模型实例？,"[""generateContent()"",""generativeModel()"",""sendMessage()"",""startChat()""]",1,调用generativeModel() 方法以创建具有指定模型名称的GenerativeModel实例。
59,14,在正在进行的聊天会话中使用哪种方法发送消息？,"[""continueChat()"",""generateContent()"",""postMessage()"",""sendMessage()""]",3,聊天对象sendMessage() 方法用于在保持对话上下文的同时发送输入内容。
59,15,哪个模型是专门为从文本描述生成图像而设计的？,"[""双子座Flash Live"",""双子座Pro"",""意象"",""Veo""]",2,Imagen模型旨在根据文本描述生成图像。
59,16,为什么要在协则中执行内容生成调用？,"[""因为Gemini AI仅适用于Kotlin协同程序"",""因为所有Firebase操作都需要协则"",""为了避免使用任何应用程序功能的主线程"",""在等待AI响应时确保UI响应""]",3,内容生成可能需要时间，因此使用协程 (使用Dispatchers.IO) 可以防止阻塞主线程并保持UI响应。
60,0,在Firebase中注册应用程序后，需要将哪些文件添加到Android Studio项目中？,"[""ai-credentials.dat"",""firebase-keys.xml"",""gemini-config.json"",""google-services.json""]",3,必须将包含项目ID和API密钥的google-services.json文件添加到项目中。
60,1,准备Gemini Firebase AI逻辑项目的第一步是什么？,"[""添加库依赖项"",""创建Google Cloud帐户"",""在AI Studio中生成API密钥"",""向Firebase注册应用""]",1,Gemini AI项目在Google Cloud帐户中存储和管理，必须先创建该帐户，然后再执行其他设置步骤。
60,2,Gemini API的API密钥在哪里生成？,"[""Android Studio"",""Firebase控制台"",""Google AI Studio"",""Google Cloud Dashboard""]",2,必须使用Google AI Studio通过访问AI Studio仪表板生成API密钥。
60,3,google-services.json文件应该放在Android Studio项目的什么位置？,"[""在Gradle scripts文件夹中"",""在app文件夹中"",""在app/src/main/res文件夹中"",""在根项目目录中""]",1,google-services.json文件必须放置在 “项目工具” 窗口中的app文件夹中。
60,4,需要将哪个插件添加到模块和项目级别的build.gradle.kts文件中？,"[""androidx.导航"",""com.google.ai"",""com.google.firebase"",""com.google.gms.google-服务""]",3,com.google.gms.Google-service插件需要读取google-services.json文件。
63,0,如何转换生成的图像以在Compose中显示？,"[""通过decodeBitmap()"",""使用asImageBitmap()"",""通过toComposeImage()"",""使用renderBitmap()""]",1,ImagenInlineImages asBitmap() 创建一个位图，然后将其转换为ImageBitmap进行合成。
63,1,personFilterLevel设置控制什么？,"[""API请求频率"",""图像分辨率质量"",""用户身份验证级别"",""生成的图像是否可以包含人物""]",3,此安全设置确定生成的图像是否可能包括成人或儿童人物。
63,2,当图像生成违反安全过滤器时会发生什么情况？,"[""显示默认图像"",""文本组件中出现错误消息"",""应用程序崩溃"",""自动重试请求""]",1,安全违规会导致通过stateFlow机制显示错误消息。
63,3,GeminiDemo项目中Imagen模型的主要目的是什么？,"[""分析现有图像"",""将图像转换为不同的格式"",""提高图像质量"",""从文本描述生成图像""]",3,Imagen模型专门根据用户提供的文本提示创建视觉内容。
63,4,ImagenGenerationConfig在模型初始化中的作用是什么？,"[""配置图像输出特性"",""定义API速率限制"",""管理网络超时"",""设置用户身份验证参数""]",0,此配置确定所生成图像的图像计数、纵横比和格式等方面。
63,5,safetyFilterLevel设置的目的是什么？,"[""调整颜色饱和度"",""控制图像压缩"",""管理内容适当性筛选器"",""设置隐私级别""]",2,此配置确定如何严格执行可选内容筛选器。
63,6,使用Imagen生成图像需要哪个Firebase计划？,"[""Blaze计划"",""火焰计划"",""免费等级"",""星火计划""]",0,图像生成需要升级到与Google Cloud计费帐号关联的按需付费Blaze计划。
64,0,如何在Glance小部件中处理诸如按钮单击之类的交互式操作？,"[""通过实现onTouchEvent()"",""通过重写onClick() 方法"",""通过使用clickable() 修饰符"",""通过使用handleClick() 方法""]",2,Glance小部件中的交互式操作是使用clickable() 修饰符处理的，该修饰符可以应用于任何组合。
64,1,Glance widget的广播接收器是如何注册的？,"[""在应用程序的主要活动"",""通过build.gradle文件"",""使用Java文件"",""在AndroidManifest.xml文件中""]",3,必须在AndroidManifest.xml文件中注册Glance小部件的广播接收器，才能正确处理生命周期事件。
64,2,在哪种方法中，你可以重写来处理被禁用的小部件？,"[""onDelete()"",""禁用 ()"",""onEnabled()"",""onReceive()""]",1,Ondabled () 方法被重写，以处理小部件被禁用时需要发生的任务。
64,3,在Android 12上的一瞥小部件的上下文中，什么是 “细胞”？,"[""用于组织元素的布局组件"",""屏幕上的一个像素"",""背景颜色的单位"",""单个应用程序图标占用的空间""]",3,在Android 12上，单元格是指单个应用图标在主屏幕上占据的空间，用于定义小部件尺寸。
64,4,创建响应式Glance小部件布局需要什么？,"[""使用SizeMode.Responsive定义多个大小模式"",""重写onResize() 方法"",""将sizeMode设置为Single"",""使用GlanceModifier进行样式设置""]",0,响应式扫视小部件布局使用SizeMode.responsive来定义多种大小模式，并根据可用空间调整内容。
64,5,需要什么才能确保Glance小部件保持最新的最新数据？,"[""将所有数据添加到provideGlance() 方法"",""每次手动刷新小部件"",""使用updateAll() 计划更新"",""使用静态XML布局""]",2,Glance小部件应该使用updateAll() 来确保它们保持最新的最新信息，特别是对于时间敏感的数据。
64,6,Jetpack Compose中Glance的主要目的是什么？,"[""将小组件添加到应用程序"",""创建自定义主题"",""提高应用程序性能"",""管理复杂的动画""]",0,Glance是Jetpack Compose中的一个框架，允许开发人员将小部件添加到他们的应用程序中，为用户提供了一种直接从设备主屏幕与应用程序内容进行交互的方式。
64,7,小部件的XML配置中的 “android:resizeMode'” 属性的目的是什么？,"[""调整小组件的布局对齐方式"",""控制小部件的大小调整方向"",""定义小部件的背景颜色"",""设置小组件的更新间隔""]",1,android:resizeMode属性指定小部件是否可以水平、垂直或同时调整大小。
64,8,widget XML文件中 'targetCellWidth' 属性的目的是什么？,"[""控制小组件的更新"",""定义小部件的最小大小"",""设置小部件占用的主屏幕单元格的数量"",""指定小组件的像素宽度""]",2,targetCellWidth属性定义了小部件在主屏幕上占用的单元格数量 (图标大小的空间)。
64,9,“Glancemodifier” 在Glance小部件中的作用是什么？,"[""应用样式和布局修改"",""处理后台更新"",""管理小组件生命周期事件"",""提供主题颜色""]",0,GlanceModifier在Glance小部件中用于将布局和样式修改应用于小部件组件，类似于Jetpack Compose中的修饰符。
64,10,广播接收器在Glance小部件中的作用是什么？,"[""为小部件创建动画"",""处理用户输入"",""侦听系统消息和生命周期事件"",""更新小部件布局""]",2,Glance小部件中的广播接收器侦听系统消息和生命周期事件，如启用或禁用小部件。
64,11,Glance小部件布局中的顶级组件应该是什么？,"[""框"",""色谱柱"",""GlanceModifier"",""GlanceTheme""]",3,Glance小部件中的顶级组件应该是GlanceTheme，它定义了小部件的配色方案，并且可以自定义。
64,12,Appwidget-provider XML中的哪个属性控制小部件的调整大小行为？,"[""android:initialLayout"",""android:layoutGravity"",""android:minWidth"",""android:resizeMode""]",3,android:resizeMode属性控制小部件是否可以调整大小以及方向 (水平，垂直或两者)。
64,13,哪个组件将Glance composables转换为可在应用程序进程之外显示的视图？,"[""BroadcastReceiver"",""GlanceAppWidget"",""GlanceModifier"",""远程视图""]",3,Glance使用remotevews在应用程序进程之外 (例如在设备主屏幕上) 显示可组合对象。
64,14,哪个组件用于在Glance小部件中显示文本？,"[""GlanceModifier"",""GlanceText"",""文本"",""TextView""]",2,Glance小部件使用Glance框架中的可组合文本来显示文本，类似于Jetpack Compose。
64,15,哪个函数用于在Glance中启动小部件更新？,"[""refreshAll()"",""refreshGlance()"",""updateAll()"",""updateWidget()""]",2,updateAll() 函数用于启动Glance小部件的更新，并且必须在coroutine中调用。
64,16,创建自定义扫视小部件时必须覆盖哪个方法？,"[""onCreate()"",""onResume()"",""provideContent()"",""provideGlance()""]",3,要创建自定义Glance小部件，您需要将GlanceAppWidget子类化，并覆盖provideGlance() 方法以定义小部件内容。
64,17,应该使用哪种方法来响应小部件的大小变化？,"[""LocalSize.current"",""handleSizeChange()"",""onResize()"",""provideSize()""]",0,LocalSize.当前在composable中使用，以标识小部件的当前大小并相应地调整布局。
64,18,以下哪项Glance操作用于启动后台任务？,"[""actionBackgroundTask()"",""actionSendBroadcast()"",""actionStartActivity()"",""actionStartService()""]",3,actionStartService() 函数用于启动服务，该服务可以处理长时间运行的后台任务。
64,19,下列哪个Glance组件允许启动活动？,"[""GlanceModifier"",""actionSendBroadcast()"",""actionStartActivity()"",""actionStartService()""]",2,在Glance小部件中使用actionStartActivity() 函数从小部件启动活动。
65,0,什么是必要的，使一个扫视小部件响应大小的变化？,"[""仅设置minHeight和minWidth"",""将布局设置为固定"",""使用具有指定大小的SizeMode.Responsive"",""仅使用单个布局""]",2,使用具有定义大小的SizeMode.Responsive允许小部件根据不同的维度调整其布局。
65,1,的目的是什么。Glance小部件中的可点击修饰符？,"[""更改文本颜色的步骤"",""处理用户交互"",""刷新布局"",""设置背景图像""]",1,的。可单击修饰符用于定义用户与widget元素交互时发生的操作。
65,2,在项目中使用Glance需要哪些Gradle依赖项？,"[""androidx.com姿势。材料3"",""androidx.glance.appwidget"",""androidx.lifecycle.viewmodel.com姿势"",""kotlinx.coroutines.core""]",1,创建glance小部件需要androidx.Glance.appwidget库。
65,3,Glance小部件布局中的哪个组件显示文本？,"[""GlanceText"",""GlanceTheme"",""材料文本"",""文本""]",3,Glance库中的文本组件用于在Glance widget中显示文本。
65,4,哪个文件指定了配置设置，如小部件的大小和预览图像？,"[""appwidget-config.xml"",""build.gradle"",""stock_app_widget_info.xml"",""widget-settings.json""]",2,stock_app_widget_info.xml文件包含小部件的配置设置，例如大小和预览图像。
65,5,调用哪个函数来手动更新Glance小部件？,"[""refreshAll()"",""refreshWidget()"",""updateAll()"",""updateContent()""]",2,updateAll() 函数用于手动刷新Glance小部件的内容。
65,6,使用哪种方法来定义Glance小部件的内容？,"[""composeContent()"",""glanceContent()"",""provideContent()"",""setContent()""]",2,在GlanceAppWidget中使用provideContent() 方法来定义Glance小部件的布局和内容。
66,0,如何在物理Android设备上注册初始指纹数据？,"[""通过应用程序的设置添加它。"",""通过将其上传到Google Play服务。"",""通过设备的安全和隐私设置。"",""使用第三方生物扫描仪。""]",2,指纹注册是通过设备安全和隐私设置完成的，用户可以在其中注册他们的指纹。
66,1,在生物认证的背景下，什么是Kotlin中的 “单例” 对象？,"[""管理生物特征数据的类。"",""用于用户界面组件的类。"",""可以多次实例化的对象。"",""在整个应用程序中只有一个实例的对象。""]",3,Kotlin中的单例是一种具有单个实例的对象，因此非常适合管理生物识别状态等共享数据。
66,2,BiometricPrompt类做什么？,"[""它检查设备是否支持生物特征认证。"",""它显示自定义身份验证屏幕。"",""它显示用户身份验证的标准对话框并报告结果。"",""它管理生物认证的用户设置。""]",2,BiometricPrompt处理显示身份验证对话框，引导用户完成该过程，并将结果返回给应用程序。
66,3,当发生太多失败的生物认证尝试时会发生什么？,"[""该应用程序将自动关闭。"",""该应用程序请求用户注册一个新的生物特征。"",""设备被永久锁定。"",""用户必须通过锁定屏幕进行身份验证。""]",3,多次尝试失败后，BiometricPrompt会强制执行超时，并要求用户使用设备锁定屏幕重试。
66,4,在设备上启动指纹认证需要什么？,"[""带有内置面部扫描仪的设备。"",""第三方生物特征库。"",""API等级为21或以上。"",""至少一个已注册的指纹和一个安全锁定屏幕。""]",3,要使用指纹认证，设备必须具有至少一个注册的指纹和用于解锁屏幕的安全方法。
66,5,Android生物特征认证中BiometricManager类的主要目的是什么？,"[""显示用户身份验证对话框。"",""管理用户与生物识别传感器的交互。"",""在设备上存储指纹数据。"",""验证对生物特征认证的硬件支持并检查用户设置。""]",3,BiometricManager类确保设备支持生物识别身份验证，并且用户已启用所需的设置，如指纹或面部识别。
66,6,BiometricPrompt.Builder中setNegativeButtonText() 方法的作用是什么？,"[""定义成功验证时显示的消息。"",""定义提示的取消按钮上显示的文本。"",""为失败的身份验证尝试设置消息。"",""指定生物识别身份验证的重试间隔。""]",1,Setnegativetuttontext () 设置负按钮的文本，为用户提供取消身份验证过程的选项。
66,7,BiometricPrompt.PromptInfo.Builder类的作用是什么？,"[""它检查生物识别认证的硬件兼容性。"",""它为生物识别提示创建一个配置，包括标题和按钮文本。"",""它处理生物特征数据的注册。"",""它管理用户身份验证回调。""]",1,Builder类配置提示对话框，允许开发人员设置标题、描述和取消按钮文本。
66,8,BiometricPrompt.AuthenticationCallback在生物认证中扮演什么角色？,"[""它显示用于生物特征认证的用户界面。"",""它用于更新应用程序的生物识别设置。"",""它管理指纹数据的存储。"",""它提供了处理身份验证结果的方法。""]",3,BiometricPrompt.AuthenticationCallback用于定义应用在身份验证成功、失败或遇到错误时应采取的操作。
66,9,BiometricDemo项目至少需要哪个Android API级别？,"[""API 21 (棒棒糖)"",""API 23 (棉花糖)"",""API 26 (奥利奥)"",""API 29 (Q)""]",3,BiometricDemo项目配置为支持最低API级别29，因为该版本包含增强的生物识别功能。
66,10,AndroidManifest.xml文件中需要哪种生物识别权限才能同时支持指纹和面部身份验证？,"[""android.permission.Authenticate_ 生物识别"",""android.permission.CAMERA"",""android.permission.READ_BIOMETRIC_DATA"",""android.permission.USE_BIOMETRIC""]",3,USE_BIOMETRIC权限允许应用程序访问生物识别身份验证功能，如指纹和面部识别。
66,11,身份验证期间使用BiometricPrompt中的哪种方法处理错误？,"[""onAuthenticationError"",""onAuthenticationFailed"",""onAuthenticationSucceeded"",""生物测定已取消""]",0,onAuthenticationError方法处理在身份验证过程中发生的错误，例如失败的尝试次数过多。
66,12,使用哪种方法来检查设备上是否可用并启用了生物识别身份验证？,"[""BiometricManager.ca nAuthenticate()"",""BiometricManager.checkAuthentication()"",""BiometricPrompt.authenticate()"",""BiometricPrompt.isAvailable()""]",0,BiometricManager的canAuthenticate() 方法用于确定生物特征认证是否可用并在设备上正确设置。
66,13,为什么在启动过程之前检查设备是否支持生物认证很重要？,"[""避免在不支持的设备上显示生物识别提示。"",""以确保应用程序显示正确的语言。"",""以在身份验证期间节省电池寿命。"",""以验证设备是否具有兼容的显示屏。""]",0,如果设备不支持生物识别功能，则检查生物识别支持是否可用可防止应用程序显示用户无法与之交互的提示。
66,14,在Jetpack Compose中使用BiometricPrompt时，为什么有必要使用FragmentActivity而不是ComponentActivity？,"[""因为BiometricPrompt需要来自FragmentActivity的上下文。"",""因为ComponentActivity不支持Compose UI。"",""因为FragmentActivity更安全。"",""因为它简化了UI结构。""]",0,BiometricPrompt旨在与FragmentActivitys上下文一起使用，使其与ComponentActivity不兼容。
66,15,为什么调用BiometricPrompt.authenticate() 方法？,"[""检查以前存储的指纹数据。"",""启动用户身份验证过程。"",""更新用户生物特征首选项。"",""验证设备是否支持生物识别。""]",1,authenticate() 方法启动生物识别提示对话框，允许用户使用其生物识别数据进行身份验证。
66,16,为什么在身份验证过程中需要生物识别提示对话框？,"[""收集用户对应用程序的反馈。"",""引导用户通过生物认证。"",""以提供对设备摄像头的访问。"",""存储用户凭据。""]",1,提示对话框帮助用户理解如何完成生物认证过程，例如将手指放在传感器上。
66,17,为什么在创建BiometricPrompt实例时使用mainExecutor？,"[""以确保在主线程上处理身份验证回调。"",""处理与指纹传感器的硬件交互。"",""管理后台生物识别过程。"",""注册新的生物特征数据。""]",0,使用mainExecutor可确保在主线程上处理身份验证结果，这对于UI更新是必需的。
67,0,材料设计3如何改善动态颜色的用户体验？,"[""通过允许应用程序自动匹配用户的墙纸颜色"",""通过启用高分辨率图形"",""通过减少内存消耗"",""通过要求用户手动调整颜色设置""]",0,Material Design 3s动态颜色功能可调整应用程序颜色以与用户墙纸对齐，从而提供更具凝聚力和个性化的用户体验。
67,1,材料设计3中有多少个颜色插槽可供使用？,"[""16"",""24"",""32"",""8""]",1,Material Design 3为开发人员提供了总共24个颜色插槽，以定义其应用程序配色方案的各个方面，从而实现广泛的自定义。
67,2,可以使用Material Theme Builder自定义应用程序的哪些方面？,"[""应用程序权限"",""代码结构"",""调色板和字体"",""数据库架构""]",2,Material Theme Builder允许开发人员自定义其应用程序的配色方案和排版，有助于确保应用程序的视觉风格与所需的品牌标识相匹配。
67,3,在材质设计主题中，“主要” 颜色槽通常会影响什么？,"[""材质按钮的背景色"",""所有屏幕的背景颜色"",""状态栏的颜色"",""默认字体颜色""]",0,“材质设计” 中的 “主要颜色” 栏通常用作按钮等材质组件的背景色，使它们具有基于应用程序主题的独特外观。
67,4,Material Theme Builder帮助开发人员设计什么？,"[""应用程序导航结构"",""自定义颜色和字体主题"",""数据库架构"",""动态动画""]",1,Material Theme Builder是一种工具，可帮助开发人员设计自定义配色方案和字体样式，从而更轻松地为其应用程序创建具有凝聚力的主题。
67,5,Material Design 3的哪些功能允许应用程序根据用户偏好调整主题元素？,"[""自适应布局"",""动态排版"",""材料你"",""主题化约束""]",2,Material Design 3引入了Material You，该功能使应用程序可以根据用户的喜好 (例如墙纸) 调整其外观，以创建更加个性化的体验。
67,6,Android Studio Compose项目中的哪个文件包含主题的颜色定义？,"[""颜色.kt"",""主题.kt"",""版式.kt"",""color.xml""]",0,合成项目中的Color.kt文件用于定义属于应用程序主题的颜色，然后在各种UI元素中使用这些颜色。
67,7,Material Design 3中使用了什么功能来创建与Android 12或更高版本上的用户设置相匹配的配色方案？,"[""适应方案 ()"",""autoColorAdjust()"",""dynamicColorScheme()"",""dynamicLightColorScheme() 和dynamicDarkColorScheme()""]",3,函数dynamicLightColorScheme() 和dynamicDarkColorScheme() 生成适应用户系统首选项 (如墙纸) 的配色方案，并在启用动态颜色时使用。
67,8,材质设计3中形状主题的默认行为是什么？,"[""根据设备大小自动应用形状主题"",""还不支持形状主题"",""形状主题仅适用于按钮"",""必须在每个组件中手动配置形状主题""]",1,到目前为止，Material Design 3不支持形状主题，尽管颜色和排版主题功能齐全。
67,9,Android开发中材料设计指南的主要目的是什么？,"[""在所有Android应用中执行严格的设计规则"",""强制使用Google的默认配色方案"",""提供设计一致性，同时允许品牌灵活性"",""限制在应用中使用自定义字体""]",2,Material Design提供了指南，以确保不同应用程序的外观一致，同时允许开发人员自定义颜色，排版和形状以与其品牌保持一致。
67,10,在MyAppTheme函数中使用slot API的目的是什么？,"[""自动调整屏幕分辨率"",""动态创建新的UI元素"",""优化内存使用"",""将内容传递到主题可组合""]",3,slot API在Compose中用于将内容传递到主题容器中，确保内容符合主题颜色和排版。
67,11,MaterialTheme composable在撰写项目中的作用是什么？,"[""将颜色、版式和形状主题化应用于组件"",""创建新的UI元素"",""定义应用程序的结构"",""处理用户输入""]",0,MaterialTheme在撰写中用于在应用程序UI组件中应用主题元素，如颜色、排版和形状。
67,12,什么工具可以帮助开发人员为他们的Android应用程序主题创建互补的调色板？,"[""Android Studio布局编辑器"",""ColorPicker"",""撰写设计师"",""材质主题生成器""]",3,Material Theme Builder旨在帮助开发人员为其应用程序主题选择和谐的调色板和排版，从而简化了自定义过程。
67,13,在哪里可以找到材料设计3色槽名称的完整列表？,"[""在Android官方开发人员网站上"",""在Android Studio文档中"",""在MainActivity.kt文件中"",""在MaterialTheme文件中""]",0,Material Design 3 color slot的完整列表可以在Android官方开发者网站上找到，为开发者提供所有可用的color slot的参考。
67,14,应编辑哪个文件以更改材质设计3主题中使用的默认字体大小？,"[""字体.kt"",""主题.kt"",""版式.kt"",""类型.xml""]",2,Typography.kt定义了材质设计主题中使用的字体大小、样式和系列，允许开发人员自定义文本在其应用程序中的显示方式。
67,15,哪个函数用于在Android Studio中包装可与主题组合的内容？,"[""MaterialTheme()"",""脚手架 ()"",""主题 ()"",""setContent()""]",0,MaterialTheme() 用于使用应用程序颜色，排版和形状主题包装可组合的内容，在整个应用程序中始终应用主题。
67,16,哪种方法用于检查设备是否在Compose项目中处于黑暗模式？,"[""isDarkTheme()"",""isDeviceInDarkMode()"",""isSystemDarkMode()"",""isSystemInDarkTheme()""]",3,在Compose中使用isSystemInDarkTheme() 方法来确定设备当前是否正在使用暗模式，从而允许应用程序相应地调整其主题。
67,17,使用Material Theme Builder时，以下哪一项是建议的做法？,"[""下载并直接替换现有的Color.kt和Theme.kt文件"",""手动编辑每个颜色插槽"",""仅使用预定义的主题"",""使用默认颜色，无需任何调整""]",0,使用Material theme Builder设计自定义主题后，开发人员可以导出主题文件并替换其项目中现有的Color.kt和Theme.kt文件以保持一致性。
67,18,dynamicLightColorScheme() 函数使用哪种类型的颜色？,"[""与用户首选项和系统主题匹配的颜色"",""高对比度的颜色"",""预定义的调色板"",""随机生成的颜色""]",0,dynamicLightColorScheme() 函数调整颜色以匹配用户选择的主题，从而提供与用户系统首选项一致的个性化外观。
67,19,为什么建议在主题中包含动态颜色的防御代码？,"[""因为所有Android版本都提供动态颜色"",""确保颜色保持静态"",""处理运行旧版Android的设备"",""防止应用程序改变颜色""]",2,动态颜色仅在Android 12及更高版本上受支持。包括防御代码可确保主题在具有较旧Android版本的设备上回退到预定义的颜色。
68,0,材质主题生成器生成的压缩主题文件的默认名称是什么？,"[""custom_theme.zip"",""material-theme.zip"",""material_theme.zip"",""theme-export.zip""]",1,从材质主题生成器导出时，主题将另存为名为material-theme.zip的压缩文件。
68,1,“材质主题生成器” 中的 “导出主题” 按钮的作用是什么？,"[""创建包含主题文件的zip文件"",""导出数据库文件"",""导出应用的代码库"",""生成新的项目结构""]",0,“材质主题生成器” 中的 “导出主题” 按钮会生成一个zip文件，其中包含主题文件 (如Color.kt、theme.kt和Type.kt)。
68,2,Android开发中的Material主题构建器工具的目的是什么？,"[""为Android应用程序构建APK文件"",""创建新的Android项目"",""调试Android应用程序中的错误"",""使用特定颜色和字体设计自定义主题""]",3,Material Theme Builder工具用于设计自定义主题，允许开发人员为其应用程序选择颜色和字体。
68,3,材料设计3中动态颜色功能的目的是什么？,"[""允许应用根据用户设置自动调整颜色"",""在Android应用中禁用深色模式"",""在黑暗模式下启用调试"",""为Android应用提供默认主题""]",0,材料设计3中的动态颜色支持允许应用程序主题颜色适应用户设置，如所选墙纸。
68,4,在Android项目中使用自定义主题文件替换默认主题文件后应该做什么？,"[""更改项目的API级别"",""删除MainActivity.kt文件"",""从头开始重建应用程序"",""更新自定义文件中的包声明""]",3,将自定义主题文件复制到Android项目后，应更新文件中的包声明以匹配项目包名称。
68,5,在Android应用程序中测试动态颜色应该做什么？,"[""更改设备的墙纸并检查应用程序的响应"",""修改build.gradle文件"",""在具有API级别21的Android设备上运行应用程序"",""将应用程序更新到最新版本""]",0,可以通过更改设备墙纸来测试ThemeDemo应用程序中的动态颜色，这会触发应用程序适应新颜色。
68,6,您的动态颜色功能提供什么类型的颜色调整？,"[""根据用户设置自动调整"",""仅默认颜色方案"",""手动更改颜色"",""只有光明与黑暗的主题""]",0,材料yos动态颜色功能根据用户设置 (如墙纸首选项) 自动调整颜色。
68,7,自定义font_certs.xml文件应放置在Android项目中的何处？,"[""生成文件夹"",""libs文件夹"",""res/值"",""ui.theme文件夹""]",2,自定义font_certs.xml文件放置在res/values文件夹中，以支持主题中的自定义字体。
68,8,需要修改哪个文件才能将Google字体库集成到Compose项目中？,"[""AndroidManifest.xml"",""MainActivity.kt"",""build.gradle.kts (模块: app)"",""strings.xml""]",2,要集成Google字体库，需要将依赖项添加到build.gradle.kts (Module: app) 文件中。
68,9,在Compose中使用哪个函数来定义应用程序的主题？,"[""MaterialTheme()"",""脚手架 ()"",""applyTheme()"",""setContent()""]",0,在Compose中使用MaterialTheme() 函数将主题应用于应用程序，包括颜色、排版和形状。
